file_id,emotion,label,mfcc_path,spec_path
OAF_back_angry,angry,1,data\processed\tess\features\OAF_back_angry_mfcc.npy,data\processed\tess\spectrograms\OAF_back_angry_spec.npy
OAF_bar_angry,angry,1,data\processed\tess\features\OAF_bar_angry_mfcc.npy,data\processed\tess\spectrograms\OAF_bar_angry_spec.npy
OAF_base_angry,angry,1,data\processed\tess\features\OAF_base_angry_mfcc.npy,data\processed\tess\spectrograms\OAF_base_angry_spec.npy
OAF_bath_angry,angry,1,data\processed\tess\features\OAF_bath_angry_mfcc.npy,data\processed\tess\spectrograms\OAF_bath_angry_spec.npy
OAF_bean_angry,angry,1,data\processed\tess\features\OAF_bean_angry_mfcc.npy,data\processed\tess\spectrograms\OAF_bean_angry_spec.npy
OAF_beg_angry,angry,1,data\processed\tess\features\OAF_beg_angry_mfcc.npy,data\processed\tess\spectrograms\OAF_beg_angry_spec.npy
OAF_bite_angry,angry,1,data\processed\tess\features\OAF_bite_angry_mfcc.npy,data\processed\tess\spectrograms\OAF_bite_angry_spec.npy
OAF_boat_angry,angry,1,data\processed\tess\features\OAF_boat_angry_mfcc.npy,data\processed\tess\spectrograms\OAF_boat_angry_spec.npy
OAF_bone_angry,angry,1,data\processed\tess\features\OAF_bone_angry_mfcc.npy,data\processed\tess\spectrograms\OAF_bone_angry_spec.npy
OAF_book_angry,angry,1,data\processed\tess\features\OAF_book_angry_mfcc.npy,data\processed\tess\spectrograms\OAF_book_angry_spec.npy
OAF_bought_angry,angry,1,data\processed\tess\features\OAF_bought_angry_mfcc.npy,data\processed\tess\spectrograms\OAF_bought_angry_spec.npy
OAF_burn_angry,angry,1,data\processed\tess\features\OAF_burn_angry_mfcc.npy,data\processed\tess\spectrograms\OAF_burn_angry_spec.npy
OAF_cab_angry,angry,1,data\processed\tess\features\OAF_cab_angry_mfcc.npy,data\processed\tess\spectrograms\OAF_cab_angry_spec.npy
OAF_calm_angry,angry,1,data\processed\tess\features\OAF_calm_angry_mfcc.npy,data\processed\tess\spectrograms\OAF_calm_angry_spec.npy
OAF_came_angry,angry,1,data\processed\tess\features\OAF_came_angry_mfcc.npy,data\processed\tess\spectrograms\OAF_came_angry_spec.npy
OAF_cause_angry,angry,1,data\processed\tess\features\OAF_cause_angry_mfcc.npy,data\processed\tess\spectrograms\OAF_cause_angry_spec.npy
OAF_chain_angry,angry,1,data\processed\tess\features\OAF_chain_angry_mfcc.npy,data\processed\tess\spectrograms\OAF_chain_angry_spec.npy
OAF_chair_angry,angry,1,data\processed\tess\features\OAF_chair_angry_mfcc.npy,data\processed\tess\spectrograms\OAF_chair_angry_spec.npy
OAF_chalk_angry,angry,1,data\processed\tess\features\OAF_chalk_angry_mfcc.npy,data\processed\tess\spectrograms\OAF_chalk_angry_spec.npy
OAF_chat_angry,angry,1,data\processed\tess\features\OAF_chat_angry_mfcc.npy,data\processed\tess\spectrograms\OAF_chat_angry_spec.npy
OAF_check_angry,angry,1,data\processed\tess\features\OAF_check_angry_mfcc.npy,data\processed\tess\spectrograms\OAF_check_angry_spec.npy
OAF_cheek_angry,angry,1,data\processed\tess\features\OAF_cheek_angry_mfcc.npy,data\processed\tess\spectrograms\OAF_cheek_angry_spec.npy
OAF_chief_angry,angry,1,data\processed\tess\features\OAF_chief_angry_mfcc.npy,data\processed\tess\spectrograms\OAF_chief_angry_spec.npy
OAF_choice_angry,angry,1,data\processed\tess\features\OAF_choice_angry_mfcc.npy,data\processed\tess\spectrograms\OAF_choice_angry_spec.npy
OAF_cool_angry,angry,1,data\processed\tess\features\OAF_cool_angry_mfcc.npy,data\processed\tess\spectrograms\OAF_cool_angry_spec.npy
OAF_dab_angry,angry,1,data\processed\tess\features\OAF_dab_angry_mfcc.npy,data\processed\tess\spectrograms\OAF_dab_angry_spec.npy
OAF_date_angry,angry,1,data\processed\tess\features\OAF_date_angry_mfcc.npy,data\processed\tess\spectrograms\OAF_date_angry_spec.npy
OAF_dead_angry,angry,1,data\processed\tess\features\OAF_dead_angry_mfcc.npy,data\processed\tess\spectrograms\OAF_dead_angry_spec.npy
OAF_death_angry,angry,1,data\processed\tess\features\OAF_death_angry_mfcc.npy,data\processed\tess\spectrograms\OAF_death_angry_spec.npy
OAF_deep_angry,angry,1,data\processed\tess\features\OAF_deep_angry_mfcc.npy,data\processed\tess\spectrograms\OAF_deep_angry_spec.npy
OAF_dime_angry,angry,1,data\processed\tess\features\OAF_dime_angry_mfcc.npy,data\processed\tess\spectrograms\OAF_dime_angry_spec.npy
OAF_dip_angry,angry,1,data\processed\tess\features\OAF_dip_angry_mfcc.npy,data\processed\tess\spectrograms\OAF_dip_angry_spec.npy
OAF_ditch_angry,angry,1,data\processed\tess\features\OAF_ditch_angry_mfcc.npy,data\processed\tess\spectrograms\OAF_ditch_angry_spec.npy
OAF_dodge_angry,angry,1,data\processed\tess\features\OAF_dodge_angry_mfcc.npy,data\processed\tess\spectrograms\OAF_dodge_angry_spec.npy
OAF_dog_angry,angry,1,data\processed\tess\features\OAF_dog_angry_mfcc.npy,data\processed\tess\spectrograms\OAF_dog_angry_spec.npy
OAF_doll_angry,angry,1,data\processed\tess\features\OAF_doll_angry_mfcc.npy,data\processed\tess\spectrograms\OAF_doll_angry_spec.npy
OAF_door_angry,angry,1,data\processed\tess\features\OAF_door_angry_mfcc.npy,data\processed\tess\spectrograms\OAF_door_angry_spec.npy
OAF_fail_angry,angry,1,data\processed\tess\features\OAF_fail_angry_mfcc.npy,data\processed\tess\spectrograms\OAF_fail_angry_spec.npy
OAF_fall_angry,angry,1,data\processed\tess\features\OAF_fall_angry_mfcc.npy,data\processed\tess\spectrograms\OAF_fall_angry_spec.npy
OAF_far_angry,angry,1,data\processed\tess\features\OAF_far_angry_mfcc.npy,data\processed\tess\spectrograms\OAF_far_angry_spec.npy
OAF_fat_angry,angry,1,data\processed\tess\features\OAF_fat_angry_mfcc.npy,data\processed\tess\spectrograms\OAF_fat_angry_spec.npy
OAF_fit_angry,angry,1,data\processed\tess\features\OAF_fit_angry_mfcc.npy,data\processed\tess\spectrograms\OAF_fit_angry_spec.npy
OAF_five_angry,angry,1,data\processed\tess\features\OAF_five_angry_mfcc.npy,data\processed\tess\spectrograms\OAF_five_angry_spec.npy
OAF_food_angry,angry,1,data\processed\tess\features\OAF_food_angry_mfcc.npy,data\processed\tess\spectrograms\OAF_food_angry_spec.npy
OAF_gap_angry,angry,1,data\processed\tess\features\OAF_gap_angry_mfcc.npy,data\processed\tess\spectrograms\OAF_gap_angry_spec.npy
OAF_gas_angry,angry,1,data\processed\tess\features\OAF_gas_angry_mfcc.npy,data\processed\tess\spectrograms\OAF_gas_angry_spec.npy
OAF_gaze_angry,angry,1,data\processed\tess\features\OAF_gaze_angry_mfcc.npy,data\processed\tess\spectrograms\OAF_gaze_angry_spec.npy
OAF_germ_angry,angry,1,data\processed\tess\features\OAF_germ_angry_mfcc.npy,data\processed\tess\spectrograms\OAF_germ_angry_spec.npy
OAF_get_angry,angry,1,data\processed\tess\features\OAF_get_angry_mfcc.npy,data\processed\tess\spectrograms\OAF_get_angry_spec.npy
OAF_gin_angry,angry,1,data\processed\tess\features\OAF_gin_angry_mfcc.npy,data\processed\tess\spectrograms\OAF_gin_angry_spec.npy
OAF_goal_angry,angry,1,data\processed\tess\features\OAF_goal_angry_mfcc.npy,data\processed\tess\spectrograms\OAF_goal_angry_spec.npy
OAF_good_angry,angry,1,data\processed\tess\features\OAF_good_angry_mfcc.npy,data\processed\tess\spectrograms\OAF_good_angry_spec.npy
OAF_goose_angry,angry,1,data\processed\tess\features\OAF_goose_angry_mfcc.npy,data\processed\tess\spectrograms\OAF_goose_angry_spec.npy
OAF_gun_angry,angry,1,data\processed\tess\features\OAF_gun_angry_mfcc.npy,data\processed\tess\spectrograms\OAF_gun_angry_spec.npy
OAF_half_angry,angry,1,data\processed\tess\features\OAF_half_angry_mfcc.npy,data\processed\tess\spectrograms\OAF_half_angry_spec.npy
OAF_hall_angry,angry,1,data\processed\tess\features\OAF_hall_angry_mfcc.npy,data\processed\tess\spectrograms\OAF_hall_angry_spec.npy
OAF_hash_angry,angry,1,data\processed\tess\features\OAF_hash_angry_mfcc.npy,data\processed\tess\spectrograms\OAF_hash_angry_spec.npy
OAF_hate_angry,angry,1,data\processed\tess\features\OAF_hate_angry_mfcc.npy,data\processed\tess\spectrograms\OAF_hate_angry_spec.npy
OAF_have_angry,angry,1,data\processed\tess\features\OAF_have_angry_mfcc.npy,data\processed\tess\spectrograms\OAF_have_angry_spec.npy
OAF_haze_angry,angry,1,data\processed\tess\features\OAF_haze_angry_mfcc.npy,data\processed\tess\spectrograms\OAF_haze_angry_spec.npy
OAF_hire_angry,angry,1,data\processed\tess\features\OAF_hire_angry_mfcc.npy,data\processed\tess\spectrograms\OAF_hire_angry_spec.npy
OAF_hit_angry,angry,1,data\processed\tess\features\OAF_hit_angry_mfcc.npy,data\processed\tess\spectrograms\OAF_hit_angry_spec.npy
OAF_hole_angry,angry,1,data\processed\tess\features\OAF_hole_angry_mfcc.npy,data\processed\tess\spectrograms\OAF_hole_angry_spec.npy
OAF_home_angry,angry,1,data\processed\tess\features\OAF_home_angry_mfcc.npy,data\processed\tess\spectrograms\OAF_home_angry_spec.npy
OAF_hurl_angry,angry,1,data\processed\tess\features\OAF_hurl_angry_mfcc.npy,data\processed\tess\spectrograms\OAF_hurl_angry_spec.npy
OAF_hush_angry,angry,1,data\processed\tess\features\OAF_hush_angry_mfcc.npy,data\processed\tess\spectrograms\OAF_hush_angry_spec.npy
OAF_jail_angry,angry,1,data\processed\tess\features\OAF_jail_angry_mfcc.npy,data\processed\tess\spectrograms\OAF_jail_angry_spec.npy
OAF_jar_angry,angry,1,data\processed\tess\features\OAF_jar_angry_mfcc.npy,data\processed\tess\spectrograms\OAF_jar_angry_spec.npy
OAF_join_angry,angry,1,data\processed\tess\features\OAF_join_angry_mfcc.npy,data\processed\tess\spectrograms\OAF_join_angry_spec.npy
OAF_judge_angry,angry,1,data\processed\tess\features\OAF_judge_angry_mfcc.npy,data\processed\tess\spectrograms\OAF_judge_angry_spec.npy
OAF_jug_angry,angry,1,data\processed\tess\features\OAF_jug_angry_mfcc.npy,data\processed\tess\spectrograms\OAF_jug_angry_spec.npy
OAF_juice_angry,angry,1,data\processed\tess\features\OAF_juice_angry_mfcc.npy,data\processed\tess\spectrograms\OAF_juice_angry_spec.npy
OAF_keen_angry,angry,1,data\processed\tess\features\OAF_keen_angry_mfcc.npy,data\processed\tess\spectrograms\OAF_keen_angry_spec.npy
OAF_keep_angry,angry,1,data\processed\tess\features\OAF_keep_angry_mfcc.npy,data\processed\tess\spectrograms\OAF_keep_angry_spec.npy
OAF_keg_angry,angry,1,data\processed\tess\features\OAF_keg_angry_mfcc.npy,data\processed\tess\spectrograms\OAF_keg_angry_spec.npy
OAF_kick_angry,angry,1,data\processed\tess\features\OAF_kick_angry_mfcc.npy,data\processed\tess\spectrograms\OAF_kick_angry_spec.npy
OAF_kill_angry,angry,1,data\processed\tess\features\OAF_kill_angry_mfcc.npy,data\processed\tess\spectrograms\OAF_kill_angry_spec.npy
OAF_king_angry,angry,1,data\processed\tess\features\OAF_king_angry_mfcc.npy,data\processed\tess\spectrograms\OAF_king_angry_spec.npy
OAF_kite_angry,angry,1,data\processed\tess\features\OAF_kite_angry_mfcc.npy,data\processed\tess\spectrograms\OAF_kite_angry_spec.npy
OAF_knock_angry,angry,1,data\processed\tess\features\OAF_knock_angry_mfcc.npy,data\processed\tess\spectrograms\OAF_knock_angry_spec.npy
OAF_late_angry,angry,1,data\processed\tess\features\OAF_late_angry_mfcc.npy,data\processed\tess\spectrograms\OAF_late_angry_spec.npy
OAF_laud_angry,angry,1,data\processed\tess\features\OAF_laud_angry_mfcc.npy,data\processed\tess\spectrograms\OAF_laud_angry_spec.npy
OAF_lean_angry,angry,1,data\processed\tess\features\OAF_lean_angry_mfcc.npy,data\processed\tess\spectrograms\OAF_lean_angry_spec.npy
OAF_learn_angry,angry,1,data\processed\tess\features\OAF_learn_angry_mfcc.npy,data\processed\tess\spectrograms\OAF_learn_angry_spec.npy
OAF_lease_angry,angry,1,data\processed\tess\features\OAF_lease_angry_mfcc.npy,data\processed\tess\spectrograms\OAF_lease_angry_spec.npy
OAF_lid_angry,angry,1,data\processed\tess\features\OAF_lid_angry_mfcc.npy,data\processed\tess\spectrograms\OAF_lid_angry_spec.npy
OAF_life_angry,angry,1,data\processed\tess\features\OAF_life_angry_mfcc.npy,data\processed\tess\spectrograms\OAF_life_angry_spec.npy
OAF_limb_angry,angry,1,data\processed\tess\features\OAF_limb_angry_mfcc.npy,data\processed\tess\spectrograms\OAF_limb_angry_spec.npy
OAF_live_angry,angry,1,data\processed\tess\features\OAF_live_angry_mfcc.npy,data\processed\tess\spectrograms\OAF_live_angry_spec.npy
OAF_loaf_angry,angry,1,data\processed\tess\features\OAF_loaf_angry_mfcc.npy,data\processed\tess\spectrograms\OAF_loaf_angry_spec.npy
OAF_long_angry,angry,1,data\processed\tess\features\OAF_long_angry_mfcc.npy,data\processed\tess\spectrograms\OAF_long_angry_spec.npy
OAF_lore_angry,angry,1,data\processed\tess\features\OAF_lore_angry_mfcc.npy,data\processed\tess\spectrograms\OAF_lore_angry_spec.npy
OAF_lose_angry,angry,1,data\processed\tess\features\OAF_lose_angry_mfcc.npy,data\processed\tess\spectrograms\OAF_lose_angry_spec.npy
OAF_lot_angry,angry,1,data\processed\tess\features\OAF_lot_angry_mfcc.npy,data\processed\tess\spectrograms\OAF_lot_angry_spec.npy
OAF_love_angry,angry,1,data\processed\tess\features\OAF_love_angry_mfcc.npy,data\processed\tess\spectrograms\OAF_love_angry_spec.npy
OAF_luck_angry,angry,1,data\processed\tess\features\OAF_luck_angry_mfcc.npy,data\processed\tess\spectrograms\OAF_luck_angry_spec.npy
OAF_make_angry,angry,1,data\processed\tess\features\OAF_make_angry_mfcc.npy,data\processed\tess\spectrograms\OAF_make_angry_spec.npy
OAF_match_angry,angry,1,data\processed\tess\features\OAF_match_angry_mfcc.npy,data\processed\tess\spectrograms\OAF_match_angry_spec.npy
OAF_merge_angry,angry,1,data\processed\tess\features\OAF_merge_angry_mfcc.npy,data\processed\tess\spectrograms\OAF_merge_angry_spec.npy
OAF_mess_angry,angry,1,data\processed\tess\features\OAF_mess_angry_mfcc.npy,data\processed\tess\spectrograms\OAF_mess_angry_spec.npy
OAF_met_angry,angry,1,data\processed\tess\features\OAF_met_angry_mfcc.npy,data\processed\tess\spectrograms\OAF_met_angry_spec.npy
OAF_mill_angry,angry,1,data\processed\tess\features\OAF_mill_angry_mfcc.npy,data\processed\tess\spectrograms\OAF_mill_angry_spec.npy
OAF_mob_angry,angry,1,data\processed\tess\features\OAF_mob_angry_mfcc.npy,data\processed\tess\spectrograms\OAF_mob_angry_spec.npy
OAF_mode_angry,angry,1,data\processed\tess\features\OAF_mode_angry_mfcc.npy,data\processed\tess\spectrograms\OAF_mode_angry_spec.npy
OAF_mood_angry,angry,1,data\processed\tess\features\OAF_mood_angry_mfcc.npy,data\processed\tess\spectrograms\OAF_mood_angry_spec.npy
OAF_moon_angry,angry,1,data\processed\tess\features\OAF_moon_angry_mfcc.npy,data\processed\tess\spectrograms\OAF_moon_angry_spec.npy
OAF_mop_angry,angry,1,data\processed\tess\features\OAF_mop_angry_mfcc.npy,data\processed\tess\spectrograms\OAF_mop_angry_spec.npy
OAF_mouse_angry,angry,1,data\processed\tess\features\OAF_mouse_angry_mfcc.npy,data\processed\tess\spectrograms\OAF_mouse_angry_spec.npy
OAF_nag_angry,angry,1,data\processed\tess\features\OAF_nag_angry_mfcc.npy,data\processed\tess\spectrograms\OAF_nag_angry_spec.npy
OAF_name_angry,angry,1,data\processed\tess\features\OAF_name_angry_mfcc.npy,data\processed\tess\spectrograms\OAF_name_angry_spec.npy
OAF_near_angry,angry,1,data\processed\tess\features\OAF_near_angry_mfcc.npy,data\processed\tess\spectrograms\OAF_near_angry_spec.npy
OAF_neat_angry,angry,1,data\processed\tess\features\OAF_neat_angry_mfcc.npy,data\processed\tess\spectrograms\OAF_neat_angry_spec.npy
OAF_nice_angry,angry,1,data\processed\tess\features\OAF_nice_angry_mfcc.npy,data\processed\tess\spectrograms\OAF_nice_angry_spec.npy
OAF_note_angry,angry,1,data\processed\tess\features\OAF_note_angry_mfcc.npy,data\processed\tess\spectrograms\OAF_note_angry_spec.npy
OAF_numb_angry,angry,1,data\processed\tess\features\OAF_numb_angry_mfcc.npy,data\processed\tess\spectrograms\OAF_numb_angry_spec.npy
OAF_pad_angry,angry,1,data\processed\tess\features\OAF_pad_angry_mfcc.npy,data\processed\tess\spectrograms\OAF_pad_angry_spec.npy
OAF_page_angry,angry,1,data\processed\tess\features\OAF_page_angry_mfcc.npy,data\processed\tess\spectrograms\OAF_page_angry_spec.npy
OAF_pain_angry,angry,1,data\processed\tess\features\OAF_pain_angry_mfcc.npy,data\processed\tess\spectrograms\OAF_pain_angry_spec.npy
OAF_pass_angry,angry,1,data\processed\tess\features\OAF_pass_angry_mfcc.npy,data\processed\tess\spectrograms\OAF_pass_angry_spec.npy
OAF_pearl_angry,angry,1,data\processed\tess\features\OAF_pearl_angry_mfcc.npy,data\processed\tess\spectrograms\OAF_pearl_angry_spec.npy
OAF_peg_angry,angry,1,data\processed\tess\features\OAF_peg_angry_mfcc.npy,data\processed\tess\spectrograms\OAF_peg_angry_spec.npy
OAF_perch_angry,angry,1,data\processed\tess\features\OAF_perch_angry_mfcc.npy,data\processed\tess\spectrograms\OAF_perch_angry_spec.npy
OAF_phone_angry,angry,1,data\processed\tess\features\OAF_phone_angry_mfcc.npy,data\processed\tess\spectrograms\OAF_phone_angry_spec.npy
OAF_pick_angry,angry,1,data\processed\tess\features\OAF_pick_angry_mfcc.npy,data\processed\tess\spectrograms\OAF_pick_angry_spec.npy
OAF_pike_angry,angry,1,data\processed\tess\features\OAF_pike_angry_mfcc.npy,data\processed\tess\spectrograms\OAF_pike_angry_spec.npy
OAF_pole_angry,angry,1,data\processed\tess\features\OAF_pole_angry_mfcc.npy,data\processed\tess\spectrograms\OAF_pole_angry_spec.npy
OAF_pool_angry,angry,1,data\processed\tess\features\OAF_pool_angry_mfcc.npy,data\processed\tess\spectrograms\OAF_pool_angry_spec.npy
OAF_puff_angry,angry,1,data\processed\tess\features\OAF_puff_angry_mfcc.npy,data\processed\tess\spectrograms\OAF_puff_angry_spec.npy
OAF_rag_angry,angry,1,data\processed\tess\features\OAF_rag_angry_mfcc.npy,data\processed\tess\spectrograms\OAF_rag_angry_spec.npy
OAF_raid_angry,angry,1,data\processed\tess\features\OAF_raid_angry_mfcc.npy,data\processed\tess\spectrograms\OAF_raid_angry_spec.npy
OAF_rain_angry,angry,1,data\processed\tess\features\OAF_rain_angry_mfcc.npy,data\processed\tess\spectrograms\OAF_rain_angry_spec.npy
OAF_raise_angry,angry,1,data\processed\tess\features\OAF_raise_angry_mfcc.npy,data\processed\tess\spectrograms\OAF_raise_angry_spec.npy
OAF_rat_angry,angry,1,data\processed\tess\features\OAF_rat_angry_mfcc.npy,data\processed\tess\spectrograms\OAF_rat_angry_spec.npy
OAF_reach_angry,angry,1,data\processed\tess\features\OAF_reach_angry_mfcc.npy,data\processed\tess\spectrograms\OAF_reach_angry_spec.npy
OAF_read_angry,angry,1,data\processed\tess\features\OAF_read_angry_mfcc.npy,data\processed\tess\spectrograms\OAF_read_angry_spec.npy
OAF_red_angry,angry,1,data\processed\tess\features\OAF_red_angry_mfcc.npy,data\processed\tess\spectrograms\OAF_red_angry_spec.npy
OAF_ring_angry,angry,1,data\processed\tess\features\OAF_ring_angry_mfcc.npy,data\processed\tess\spectrograms\OAF_ring_angry_spec.npy
OAF_ripe_angry,angry,1,data\processed\tess\features\OAF_ripe_angry_mfcc.npy,data\processed\tess\spectrograms\OAF_ripe_angry_spec.npy
OAF_road_angry,angry,1,data\processed\tess\features\OAF_road_angry_mfcc.npy,data\processed\tess\spectrograms\OAF_road_angry_spec.npy
OAF_room_angry,angry,1,data\processed\tess\features\OAF_room_angry_mfcc.npy,data\processed\tess\spectrograms\OAF_room_angry_spec.npy
OAF_rose_angry,angry,1,data\processed\tess\features\OAF_rose_angry_mfcc.npy,data\processed\tess\spectrograms\OAF_rose_angry_spec.npy
OAF_rot_angry,angry,1,data\processed\tess\features\OAF_rot_angry_mfcc.npy,data\processed\tess\spectrograms\OAF_rot_angry_spec.npy
OAF_rough_angry,angry,1,data\processed\tess\features\OAF_rough_angry_mfcc.npy,data\processed\tess\spectrograms\OAF_rough_angry_spec.npy
OAF_rush_angry,angry,1,data\processed\tess\features\OAF_rush_angry_mfcc.npy,data\processed\tess\spectrograms\OAF_rush_angry_spec.npy
OAF_said_angry,angry,1,data\processed\tess\features\OAF_said_angry_mfcc.npy,data\processed\tess\spectrograms\OAF_said_angry_spec.npy
OAF_sail_angry,angry,1,data\processed\tess\features\OAF_sail_angry_mfcc.npy,data\processed\tess\spectrograms\OAF_sail_angry_spec.npy
OAF_search_angry,angry,1,data\processed\tess\features\OAF_search_angry_mfcc.npy,data\processed\tess\spectrograms\OAF_search_angry_spec.npy
OAF_seize_angry,angry,1,data\processed\tess\features\OAF_seize_angry_mfcc.npy,data\processed\tess\spectrograms\OAF_seize_angry_spec.npy
OAF_sell_angry,angry,1,data\processed\tess\features\OAF_sell_angry_mfcc.npy,data\processed\tess\spectrograms\OAF_sell_angry_spec.npy
OAF_shack_angry,angry,1,data\processed\tess\features\OAF_shack_angry_mfcc.npy,data\processed\tess\spectrograms\OAF_shack_angry_spec.npy
OAF_shall_angry,angry,1,data\processed\tess\features\OAF_shall_angry_mfcc.npy,data\processed\tess\spectrograms\OAF_shall_angry_spec.npy
OAF_shawl_angry,angry,1,data\processed\tess\features\OAF_shawl_angry_mfcc.npy,data\processed\tess\spectrograms\OAF_shawl_angry_spec.npy
OAF_sheep_angry,angry,1,data\processed\tess\features\OAF_sheep_angry_mfcc.npy,data\processed\tess\spectrograms\OAF_sheep_angry_spec.npy
OAF_shirt_angry,angry,1,data\processed\tess\features\OAF_shirt_angry_mfcc.npy,data\processed\tess\spectrograms\OAF_shirt_angry_spec.npy
OAF_should_angry,angry,1,data\processed\tess\features\OAF_should_angry_mfcc.npy,data\processed\tess\spectrograms\OAF_should_angry_spec.npy
OAF_shout_angry,angry,1,data\processed\tess\features\OAF_shout_angry_mfcc.npy,data\processed\tess\spectrograms\OAF_shout_angry_spec.npy
OAF_size_angry,angry,1,data\processed\tess\features\OAF_size_angry_mfcc.npy,data\processed\tess\spectrograms\OAF_size_angry_spec.npy
OAF_soap_angry,angry,1,data\processed\tess\features\OAF_soap_angry_mfcc.npy,data\processed\tess\spectrograms\OAF_soap_angry_spec.npy
OAF_soup_angry,angry,1,data\processed\tess\features\OAF_soup_angry_mfcc.npy,data\processed\tess\spectrograms\OAF_soup_angry_spec.npy
OAF_sour_angry,angry,1,data\processed\tess\features\OAF_sour_angry_mfcc.npy,data\processed\tess\spectrograms\OAF_sour_angry_spec.npy
OAF_south_angry,angry,1,data\processed\tess\features\OAF_south_angry_mfcc.npy,data\processed\tess\spectrograms\OAF_south_angry_spec.npy
OAF_sub_angry,angry,1,data\processed\tess\features\OAF_sub_angry_mfcc.npy,data\processed\tess\spectrograms\OAF_sub_angry_spec.npy
OAF_such_angry,angry,1,data\processed\tess\features\OAF_such_angry_mfcc.npy,data\processed\tess\spectrograms\OAF_such_angry_spec.npy
OAF_sure_angry,angry,1,data\processed\tess\features\OAF_sure_angry_mfcc.npy,data\processed\tess\spectrograms\OAF_sure_angry_spec.npy
OAF_take_angry,angry,1,data\processed\tess\features\OAF_take_angry_mfcc.npy,data\processed\tess\spectrograms\OAF_take_angry_spec.npy
OAF_talk_angry,angry,1,data\processed\tess\features\OAF_talk_angry_mfcc.npy,data\processed\tess\spectrograms\OAF_talk_angry_spec.npy
OAF_tape_angry,angry,1,data\processed\tess\features\OAF_tape_angry_mfcc.npy,data\processed\tess\spectrograms\OAF_tape_angry_spec.npy
OAF_team_angry,angry,1,data\processed\tess\features\OAF_team_angry_mfcc.npy,data\processed\tess\spectrograms\OAF_team_angry_spec.npy
OAF_tell_angry,angry,1,data\processed\tess\features\OAF_tell_angry_mfcc.npy,data\processed\tess\spectrograms\OAF_tell_angry_spec.npy
OAF_thin_angry,angry,1,data\processed\tess\features\OAF_thin_angry_mfcc.npy,data\processed\tess\spectrograms\OAF_thin_angry_spec.npy
OAF_third_angry,angry,1,data\processed\tess\features\OAF_third_angry_mfcc.npy,data\processed\tess\spectrograms\OAF_third_angry_spec.npy
OAF_thought_angry,angry,1,data\processed\tess\features\OAF_thought_angry_mfcc.npy,data\processed\tess\spectrograms\OAF_thought_angry_spec.npy
OAF_thumb_angry,angry,1,data\processed\tess\features\OAF_thumb_angry_mfcc.npy,data\processed\tess\spectrograms\OAF_thumb_angry_spec.npy
OAF_time_angry,angry,1,data\processed\tess\features\OAF_time_angry_mfcc.npy,data\processed\tess\spectrograms\OAF_time_angry_spec.npy
OAF_tip_angry,angry,1,data\processed\tess\features\OAF_tip_angry_mfcc.npy,data\processed\tess\spectrograms\OAF_tip_angry_spec.npy
OAF_tire_angry,angry,1,data\processed\tess\features\OAF_tire_angry_mfcc.npy,data\processed\tess\spectrograms\OAF_tire_angry_spec.npy
OAF_ton_angry,angry,1,data\processed\tess\features\OAF_ton_angry_mfcc.npy,data\processed\tess\spectrograms\OAF_ton_angry_spec.npy
OAF_tool_angry,angry,1,data\processed\tess\features\OAF_tool_angry_mfcc.npy,data\processed\tess\spectrograms\OAF_tool_angry_spec.npy
OAF_tough_angry,angry,1,data\processed\tess\features\OAF_tough_angry_mfcc.npy,data\processed\tess\spectrograms\OAF_tough_angry_spec.npy
OAF_turn_angry,angry,1,data\processed\tess\features\OAF_turn_angry_mfcc.npy,data\processed\tess\spectrograms\OAF_turn_angry_spec.npy
OAF_vine_angry,angry,1,data\processed\tess\features\OAF_vine_angry_mfcc.npy,data\processed\tess\spectrograms\OAF_vine_angry_spec.npy
OAF_voice_angry,angry,1,data\processed\tess\features\OAF_voice_angry_mfcc.npy,data\processed\tess\spectrograms\OAF_voice_angry_spec.npy
OAF_void_angry,angry,1,data\processed\tess\features\OAF_void_angry_mfcc.npy,data\processed\tess\spectrograms\OAF_void_angry_spec.npy
OAF_vote_angry,angry,1,data\processed\tess\features\OAF_vote_angry_mfcc.npy,data\processed\tess\spectrograms\OAF_vote_angry_spec.npy
OAF_wag_angry,angry,1,data\processed\tess\features\OAF_wag_angry_mfcc.npy,data\processed\tess\spectrograms\OAF_wag_angry_spec.npy
OAF_walk_angry,angry,1,data\processed\tess\features\OAF_walk_angry_mfcc.npy,data\processed\tess\spectrograms\OAF_walk_angry_spec.npy
OAF_wash_angry,angry,1,data\processed\tess\features\OAF_wash_angry_mfcc.npy,data\processed\tess\spectrograms\OAF_wash_angry_spec.npy
OAF_week_angry,angry,1,data\processed\tess\features\OAF_week_angry_mfcc.npy,data\processed\tess\spectrograms\OAF_week_angry_spec.npy
OAF_wheat_angry,angry,1,data\processed\tess\features\OAF_wheat_angry_mfcc.npy,data\processed\tess\spectrograms\OAF_wheat_angry_spec.npy
OAF_when_angry,angry,1,data\processed\tess\features\OAF_when_angry_mfcc.npy,data\processed\tess\spectrograms\OAF_when_angry_spec.npy
OAF_which_angry,angry,1,data\processed\tess\features\OAF_which_angry_mfcc.npy,data\processed\tess\spectrograms\OAF_which_angry_spec.npy
OAF_whip_angry,angry,1,data\processed\tess\features\OAF_whip_angry_mfcc.npy,data\processed\tess\spectrograms\OAF_whip_angry_spec.npy
OAF_white_angry,angry,1,data\processed\tess\features\OAF_white_angry_mfcc.npy,data\processed\tess\spectrograms\OAF_white_angry_spec.npy
OAF_wife_angry,angry,1,data\processed\tess\features\OAF_wife_angry_mfcc.npy,data\processed\tess\spectrograms\OAF_wife_angry_spec.npy
OAF_wire_angry,angry,1,data\processed\tess\features\OAF_wire_angry_mfcc.npy,data\processed\tess\spectrograms\OAF_wire_angry_spec.npy
OAF_witch_angry,angry,1,data\processed\tess\features\OAF_witch_angry_mfcc.npy,data\processed\tess\spectrograms\OAF_witch_angry_spec.npy
OAF_yearn_angry,angry,1,data\processed\tess\features\OAF_yearn_angry_mfcc.npy,data\processed\tess\spectrograms\OAF_yearn_angry_spec.npy
OAF_yes_angry,angry,1,data\processed\tess\features\OAF_yes_angry_mfcc.npy,data\processed\tess\spectrograms\OAF_yes_angry_spec.npy
OAF_young_angry,angry,1,data\processed\tess\features\OAF_young_angry_mfcc.npy,data\processed\tess\spectrograms\OAF_young_angry_spec.npy
OAF_youth_angry,angry,1,data\processed\tess\features\OAF_youth_angry_mfcc.npy,data\processed\tess\spectrograms\OAF_youth_angry_spec.npy
OAF_back_disgust,disgust,1,data\processed\tess\features\OAF_back_disgust_mfcc.npy,data\processed\tess\spectrograms\OAF_back_disgust_spec.npy
OAF_bar_disgust,disgust,1,data\processed\tess\features\OAF_bar_disgust_mfcc.npy,data\processed\tess\spectrograms\OAF_bar_disgust_spec.npy
OAF_base_disgust,disgust,1,data\processed\tess\features\OAF_base_disgust_mfcc.npy,data\processed\tess\spectrograms\OAF_base_disgust_spec.npy
OAF_bath_disgust,disgust,1,data\processed\tess\features\OAF_bath_disgust_mfcc.npy,data\processed\tess\spectrograms\OAF_bath_disgust_spec.npy
OAF_bean_disgust,disgust,1,data\processed\tess\features\OAF_bean_disgust_mfcc.npy,data\processed\tess\spectrograms\OAF_bean_disgust_spec.npy
OAF_beg_disgust,disgust,1,data\processed\tess\features\OAF_beg_disgust_mfcc.npy,data\processed\tess\spectrograms\OAF_beg_disgust_spec.npy
OAF_bite_disgust,disgust,1,data\processed\tess\features\OAF_bite_disgust_mfcc.npy,data\processed\tess\spectrograms\OAF_bite_disgust_spec.npy
OAF_boat_disgust,disgust,1,data\processed\tess\features\OAF_boat_disgust_mfcc.npy,data\processed\tess\spectrograms\OAF_boat_disgust_spec.npy
OAF_bone_disgust,disgust,1,data\processed\tess\features\OAF_bone_disgust_mfcc.npy,data\processed\tess\spectrograms\OAF_bone_disgust_spec.npy
OAF_book_disgust,disgust,1,data\processed\tess\features\OAF_book_disgust_mfcc.npy,data\processed\tess\spectrograms\OAF_book_disgust_spec.npy
OAF_bought_disgust,disgust,1,data\processed\tess\features\OAF_bought_disgust_mfcc.npy,data\processed\tess\spectrograms\OAF_bought_disgust_spec.npy
OAF_burn_disgust,disgust,1,data\processed\tess\features\OAF_burn_disgust_mfcc.npy,data\processed\tess\spectrograms\OAF_burn_disgust_spec.npy
OAF_cab_disgust,disgust,1,data\processed\tess\features\OAF_cab_disgust_mfcc.npy,data\processed\tess\spectrograms\OAF_cab_disgust_spec.npy
OAF_calm_disgust,disgust,1,data\processed\tess\features\OAF_calm_disgust_mfcc.npy,data\processed\tess\spectrograms\OAF_calm_disgust_spec.npy
OAF_came_disgust,disgust,1,data\processed\tess\features\OAF_came_disgust_mfcc.npy,data\processed\tess\spectrograms\OAF_came_disgust_spec.npy
OAF_cause_disgust,disgust,1,data\processed\tess\features\OAF_cause_disgust_mfcc.npy,data\processed\tess\spectrograms\OAF_cause_disgust_spec.npy
OAF_chain_disgust,disgust,1,data\processed\tess\features\OAF_chain_disgust_mfcc.npy,data\processed\tess\spectrograms\OAF_chain_disgust_spec.npy
OAF_chair_disgust,disgust,1,data\processed\tess\features\OAF_chair_disgust_mfcc.npy,data\processed\tess\spectrograms\OAF_chair_disgust_spec.npy
OAF_chalk_disgust,disgust,1,data\processed\tess\features\OAF_chalk_disgust_mfcc.npy,data\processed\tess\spectrograms\OAF_chalk_disgust_spec.npy
OAF_chat_disgust,disgust,1,data\processed\tess\features\OAF_chat_disgust_mfcc.npy,data\processed\tess\spectrograms\OAF_chat_disgust_spec.npy
OAF_check_disgust,disgust,1,data\processed\tess\features\OAF_check_disgust_mfcc.npy,data\processed\tess\spectrograms\OAF_check_disgust_spec.npy
OAF_cheek_disgust,disgust,1,data\processed\tess\features\OAF_cheek_disgust_mfcc.npy,data\processed\tess\spectrograms\OAF_cheek_disgust_spec.npy
OAF_chief_disgust,disgust,1,data\processed\tess\features\OAF_chief_disgust_mfcc.npy,data\processed\tess\spectrograms\OAF_chief_disgust_spec.npy
OAF_choice_disgust,disgust,1,data\processed\tess\features\OAF_choice_disgust_mfcc.npy,data\processed\tess\spectrograms\OAF_choice_disgust_spec.npy
OAF_cool_disgust,disgust,1,data\processed\tess\features\OAF_cool_disgust_mfcc.npy,data\processed\tess\spectrograms\OAF_cool_disgust_spec.npy
OAF_dab_disgust,disgust,1,data\processed\tess\features\OAF_dab_disgust_mfcc.npy,data\processed\tess\spectrograms\OAF_dab_disgust_spec.npy
OAF_date_disgust,disgust,1,data\processed\tess\features\OAF_date_disgust_mfcc.npy,data\processed\tess\spectrograms\OAF_date_disgust_spec.npy
OAF_dead_disgust,disgust,1,data\processed\tess\features\OAF_dead_disgust_mfcc.npy,data\processed\tess\spectrograms\OAF_dead_disgust_spec.npy
OAF_death_disgust,disgust,1,data\processed\tess\features\OAF_death_disgust_mfcc.npy,data\processed\tess\spectrograms\OAF_death_disgust_spec.npy
OAF_deep_disgust,disgust,1,data\processed\tess\features\OAF_deep_disgust_mfcc.npy,data\processed\tess\spectrograms\OAF_deep_disgust_spec.npy
OAF_dime_disgust,disgust,1,data\processed\tess\features\OAF_dime_disgust_mfcc.npy,data\processed\tess\spectrograms\OAF_dime_disgust_spec.npy
OAF_dip_disgust,disgust,1,data\processed\tess\features\OAF_dip_disgust_mfcc.npy,data\processed\tess\spectrograms\OAF_dip_disgust_spec.npy
OAF_ditch_disgust,disgust,1,data\processed\tess\features\OAF_ditch_disgust_mfcc.npy,data\processed\tess\spectrograms\OAF_ditch_disgust_spec.npy
OAF_dodge_disgust,disgust,1,data\processed\tess\features\OAF_dodge_disgust_mfcc.npy,data\processed\tess\spectrograms\OAF_dodge_disgust_spec.npy
OAF_dog_disgust,disgust,1,data\processed\tess\features\OAF_dog_disgust_mfcc.npy,data\processed\tess\spectrograms\OAF_dog_disgust_spec.npy
OAF_doll_disgust,disgust,1,data\processed\tess\features\OAF_doll_disgust_mfcc.npy,data\processed\tess\spectrograms\OAF_doll_disgust_spec.npy
OAF_door_disgust,disgust,1,data\processed\tess\features\OAF_door_disgust_mfcc.npy,data\processed\tess\spectrograms\OAF_door_disgust_spec.npy
OAF_fail_disgust,disgust,1,data\processed\tess\features\OAF_fail_disgust_mfcc.npy,data\processed\tess\spectrograms\OAF_fail_disgust_spec.npy
OAF_fall_disgust,disgust,1,data\processed\tess\features\OAF_fall_disgust_mfcc.npy,data\processed\tess\spectrograms\OAF_fall_disgust_spec.npy
OAF_far_disgust,disgust,1,data\processed\tess\features\OAF_far_disgust_mfcc.npy,data\processed\tess\spectrograms\OAF_far_disgust_spec.npy
OAF_fat_disgust,disgust,1,data\processed\tess\features\OAF_fat_disgust_mfcc.npy,data\processed\tess\spectrograms\OAF_fat_disgust_spec.npy
OAF_fit_disgust,disgust,1,data\processed\tess\features\OAF_fit_disgust_mfcc.npy,data\processed\tess\spectrograms\OAF_fit_disgust_spec.npy
OAF_five_disgust,disgust,1,data\processed\tess\features\OAF_five_disgust_mfcc.npy,data\processed\tess\spectrograms\OAF_five_disgust_spec.npy
OAF_food_disgust,disgust,1,data\processed\tess\features\OAF_food_disgust_mfcc.npy,data\processed\tess\spectrograms\OAF_food_disgust_spec.npy
OAF_gap_disgust,disgust,1,data\processed\tess\features\OAF_gap_disgust_mfcc.npy,data\processed\tess\spectrograms\OAF_gap_disgust_spec.npy
OAF_gas_disgust,disgust,1,data\processed\tess\features\OAF_gas_disgust_mfcc.npy,data\processed\tess\spectrograms\OAF_gas_disgust_spec.npy
OAF_gaze_disgust,disgust,1,data\processed\tess\features\OAF_gaze_disgust_mfcc.npy,data\processed\tess\spectrograms\OAF_gaze_disgust_spec.npy
OAF_germ_disgust,disgust,1,data\processed\tess\features\OAF_germ_disgust_mfcc.npy,data\processed\tess\spectrograms\OAF_germ_disgust_spec.npy
OAF_get_disgust,disgust,1,data\processed\tess\features\OAF_get_disgust_mfcc.npy,data\processed\tess\spectrograms\OAF_get_disgust_spec.npy
OAF_gin_disgust,disgust,1,data\processed\tess\features\OAF_gin_disgust_mfcc.npy,data\processed\tess\spectrograms\OAF_gin_disgust_spec.npy
OAF_goal_disgust,disgust,1,data\processed\tess\features\OAF_goal_disgust_mfcc.npy,data\processed\tess\spectrograms\OAF_goal_disgust_spec.npy
OAF_good_disgust,disgust,1,data\processed\tess\features\OAF_good_disgust_mfcc.npy,data\processed\tess\spectrograms\OAF_good_disgust_spec.npy
OAF_goose_disgust,disgust,1,data\processed\tess\features\OAF_goose_disgust_mfcc.npy,data\processed\tess\spectrograms\OAF_goose_disgust_spec.npy
OAF_gun_disgust,disgust,1,data\processed\tess\features\OAF_gun_disgust_mfcc.npy,data\processed\tess\spectrograms\OAF_gun_disgust_spec.npy
OAF_half_disgust,disgust,1,data\processed\tess\features\OAF_half_disgust_mfcc.npy,data\processed\tess\spectrograms\OAF_half_disgust_spec.npy
OAF_hall_disgust,disgust,1,data\processed\tess\features\OAF_hall_disgust_mfcc.npy,data\processed\tess\spectrograms\OAF_hall_disgust_spec.npy
OAF_hash_disgust,disgust,1,data\processed\tess\features\OAF_hash_disgust_mfcc.npy,data\processed\tess\spectrograms\OAF_hash_disgust_spec.npy
OAF_hate_disgust,disgust,1,data\processed\tess\features\OAF_hate_disgust_mfcc.npy,data\processed\tess\spectrograms\OAF_hate_disgust_spec.npy
OAF_have_disgust,disgust,1,data\processed\tess\features\OAF_have_disgust_mfcc.npy,data\processed\tess\spectrograms\OAF_have_disgust_spec.npy
OAF_haze_disgust,disgust,1,data\processed\tess\features\OAF_haze_disgust_mfcc.npy,data\processed\tess\spectrograms\OAF_haze_disgust_spec.npy
OAF_hire_disgust,disgust,1,data\processed\tess\features\OAF_hire_disgust_mfcc.npy,data\processed\tess\spectrograms\OAF_hire_disgust_spec.npy
OAF_hit_disgust,disgust,1,data\processed\tess\features\OAF_hit_disgust_mfcc.npy,data\processed\tess\spectrograms\OAF_hit_disgust_spec.npy
OAF_hole_disgust,disgust,1,data\processed\tess\features\OAF_hole_disgust_mfcc.npy,data\processed\tess\spectrograms\OAF_hole_disgust_spec.npy
OAF_home_disgust,disgust,1,data\processed\tess\features\OAF_home_disgust_mfcc.npy,data\processed\tess\spectrograms\OAF_home_disgust_spec.npy
OAF_hurl_disgust,disgust,1,data\processed\tess\features\OAF_hurl_disgust_mfcc.npy,data\processed\tess\spectrograms\OAF_hurl_disgust_spec.npy
OAF_hush_disgust,disgust,1,data\processed\tess\features\OAF_hush_disgust_mfcc.npy,data\processed\tess\spectrograms\OAF_hush_disgust_spec.npy
OAF_jail_disgust,disgust,1,data\processed\tess\features\OAF_jail_disgust_mfcc.npy,data\processed\tess\spectrograms\OAF_jail_disgust_spec.npy
OAF_jar_disgust,disgust,1,data\processed\tess\features\OAF_jar_disgust_mfcc.npy,data\processed\tess\spectrograms\OAF_jar_disgust_spec.npy
OAF_join_disgust,disgust,1,data\processed\tess\features\OAF_join_disgust_mfcc.npy,data\processed\tess\spectrograms\OAF_join_disgust_spec.npy
OAF_judge_disgust,disgust,1,data\processed\tess\features\OAF_judge_disgust_mfcc.npy,data\processed\tess\spectrograms\OAF_judge_disgust_spec.npy
OAF_jug_disgust,disgust,1,data\processed\tess\features\OAF_jug_disgust_mfcc.npy,data\processed\tess\spectrograms\OAF_jug_disgust_spec.npy
OAF_juice_disgust,disgust,1,data\processed\tess\features\OAF_juice_disgust_mfcc.npy,data\processed\tess\spectrograms\OAF_juice_disgust_spec.npy
OAF_keen_disgust,disgust,1,data\processed\tess\features\OAF_keen_disgust_mfcc.npy,data\processed\tess\spectrograms\OAF_keen_disgust_spec.npy
OAF_keep_disgust,disgust,1,data\processed\tess\features\OAF_keep_disgust_mfcc.npy,data\processed\tess\spectrograms\OAF_keep_disgust_spec.npy
OAF_keg_disgust,disgust,1,data\processed\tess\features\OAF_keg_disgust_mfcc.npy,data\processed\tess\spectrograms\OAF_keg_disgust_spec.npy
OAF_kick_disgust,disgust,1,data\processed\tess\features\OAF_kick_disgust_mfcc.npy,data\processed\tess\spectrograms\OAF_kick_disgust_spec.npy
OAF_kill_disgust,disgust,1,data\processed\tess\features\OAF_kill_disgust_mfcc.npy,data\processed\tess\spectrograms\OAF_kill_disgust_spec.npy
OAF_king_disgust,disgust,1,data\processed\tess\features\OAF_king_disgust_mfcc.npy,data\processed\tess\spectrograms\OAF_king_disgust_spec.npy
OAF_kite_disgust,disgust,1,data\processed\tess\features\OAF_kite_disgust_mfcc.npy,data\processed\tess\spectrograms\OAF_kite_disgust_spec.npy
OAF_knock_disgust,disgust,1,data\processed\tess\features\OAF_knock_disgust_mfcc.npy,data\processed\tess\spectrograms\OAF_knock_disgust_spec.npy
OAF_late_disgust,disgust,1,data\processed\tess\features\OAF_late_disgust_mfcc.npy,data\processed\tess\spectrograms\OAF_late_disgust_spec.npy
OAF_laud_disgust,disgust,1,data\processed\tess\features\OAF_laud_disgust_mfcc.npy,data\processed\tess\spectrograms\OAF_laud_disgust_spec.npy
OAF_lean_disgust,disgust,1,data\processed\tess\features\OAF_lean_disgust_mfcc.npy,data\processed\tess\spectrograms\OAF_lean_disgust_spec.npy
OAF_learn_disgust,disgust,1,data\processed\tess\features\OAF_learn_disgust_mfcc.npy,data\processed\tess\spectrograms\OAF_learn_disgust_spec.npy
OAF_lease_disgust,disgust,1,data\processed\tess\features\OAF_lease_disgust_mfcc.npy,data\processed\tess\spectrograms\OAF_lease_disgust_spec.npy
OAF_lid_disgust,disgust,1,data\processed\tess\features\OAF_lid_disgust_mfcc.npy,data\processed\tess\spectrograms\OAF_lid_disgust_spec.npy
OAF_life_disgust,disgust,1,data\processed\tess\features\OAF_life_disgust_mfcc.npy,data\processed\tess\spectrograms\OAF_life_disgust_spec.npy
OAF_limb_disgust,disgust,1,data\processed\tess\features\OAF_limb_disgust_mfcc.npy,data\processed\tess\spectrograms\OAF_limb_disgust_spec.npy
OAF_live_disgust,disgust,1,data\processed\tess\features\OAF_live_disgust_mfcc.npy,data\processed\tess\spectrograms\OAF_live_disgust_spec.npy
OAF_loaf_disgust,disgust,1,data\processed\tess\features\OAF_loaf_disgust_mfcc.npy,data\processed\tess\spectrograms\OAF_loaf_disgust_spec.npy
OAF_long_disgust,disgust,1,data\processed\tess\features\OAF_long_disgust_mfcc.npy,data\processed\tess\spectrograms\OAF_long_disgust_spec.npy
OAF_lore_disgust,disgust,1,data\processed\tess\features\OAF_lore_disgust_mfcc.npy,data\processed\tess\spectrograms\OAF_lore_disgust_spec.npy
OAF_lose_disgust,disgust,1,data\processed\tess\features\OAF_lose_disgust_mfcc.npy,data\processed\tess\spectrograms\OAF_lose_disgust_spec.npy
OAF_lot_disgust,disgust,1,data\processed\tess\features\OAF_lot_disgust_mfcc.npy,data\processed\tess\spectrograms\OAF_lot_disgust_spec.npy
OAF_love_disgust,disgust,1,data\processed\tess\features\OAF_love_disgust_mfcc.npy,data\processed\tess\spectrograms\OAF_love_disgust_spec.npy
OAF_luck_disgust,disgust,1,data\processed\tess\features\OAF_luck_disgust_mfcc.npy,data\processed\tess\spectrograms\OAF_luck_disgust_spec.npy
OAF_make_disgust,disgust,1,data\processed\tess\features\OAF_make_disgust_mfcc.npy,data\processed\tess\spectrograms\OAF_make_disgust_spec.npy
OAF_match_disgust,disgust,1,data\processed\tess\features\OAF_match_disgust_mfcc.npy,data\processed\tess\spectrograms\OAF_match_disgust_spec.npy
OAF_merge_disgust,disgust,1,data\processed\tess\features\OAF_merge_disgust_mfcc.npy,data\processed\tess\spectrograms\OAF_merge_disgust_spec.npy
OAF_mess_disgust,disgust,1,data\processed\tess\features\OAF_mess_disgust_mfcc.npy,data\processed\tess\spectrograms\OAF_mess_disgust_spec.npy
OAF_met_disgust,disgust,1,data\processed\tess\features\OAF_met_disgust_mfcc.npy,data\processed\tess\spectrograms\OAF_met_disgust_spec.npy
OAF_mill_disgust,disgust,1,data\processed\tess\features\OAF_mill_disgust_mfcc.npy,data\processed\tess\spectrograms\OAF_mill_disgust_spec.npy
OAF_mob_disgust,disgust,1,data\processed\tess\features\OAF_mob_disgust_mfcc.npy,data\processed\tess\spectrograms\OAF_mob_disgust_spec.npy
OAF_mode_disgust,disgust,1,data\processed\tess\features\OAF_mode_disgust_mfcc.npy,data\processed\tess\spectrograms\OAF_mode_disgust_spec.npy
OAF_mood_disgust,disgust,1,data\processed\tess\features\OAF_mood_disgust_mfcc.npy,data\processed\tess\spectrograms\OAF_mood_disgust_spec.npy
OAF_moon_disgust,disgust,1,data\processed\tess\features\OAF_moon_disgust_mfcc.npy,data\processed\tess\spectrograms\OAF_moon_disgust_spec.npy
OAF_mop_disgust,disgust,1,data\processed\tess\features\OAF_mop_disgust_mfcc.npy,data\processed\tess\spectrograms\OAF_mop_disgust_spec.npy
OAF_mouse_disgust,disgust,1,data\processed\tess\features\OAF_mouse_disgust_mfcc.npy,data\processed\tess\spectrograms\OAF_mouse_disgust_spec.npy
OAF_nag_disgust,disgust,1,data\processed\tess\features\OAF_nag_disgust_mfcc.npy,data\processed\tess\spectrograms\OAF_nag_disgust_spec.npy
OAF_name_disgust,disgust,1,data\processed\tess\features\OAF_name_disgust_mfcc.npy,data\processed\tess\spectrograms\OAF_name_disgust_spec.npy
OAF_near_disgust,disgust,1,data\processed\tess\features\OAF_near_disgust_mfcc.npy,data\processed\tess\spectrograms\OAF_near_disgust_spec.npy
OAF_neat_disgust,disgust,1,data\processed\tess\features\OAF_neat_disgust_mfcc.npy,data\processed\tess\spectrograms\OAF_neat_disgust_spec.npy
OAF_nice_disgust,disgust,1,data\processed\tess\features\OAF_nice_disgust_mfcc.npy,data\processed\tess\spectrograms\OAF_nice_disgust_spec.npy
OAF_note_disgust,disgust,1,data\processed\tess\features\OAF_note_disgust_mfcc.npy,data\processed\tess\spectrograms\OAF_note_disgust_spec.npy
OAF_numb_disgust,disgust,1,data\processed\tess\features\OAF_numb_disgust_mfcc.npy,data\processed\tess\spectrograms\OAF_numb_disgust_spec.npy
OAF_pad_disgust,disgust,1,data\processed\tess\features\OAF_pad_disgust_mfcc.npy,data\processed\tess\spectrograms\OAF_pad_disgust_spec.npy
OAF_page_disgust,disgust,1,data\processed\tess\features\OAF_page_disgust_mfcc.npy,data\processed\tess\spectrograms\OAF_page_disgust_spec.npy
OAF_pain_disgust,disgust,1,data\processed\tess\features\OAF_pain_disgust_mfcc.npy,data\processed\tess\spectrograms\OAF_pain_disgust_spec.npy
OAF_pass_disgust,disgust,1,data\processed\tess\features\OAF_pass_disgust_mfcc.npy,data\processed\tess\spectrograms\OAF_pass_disgust_spec.npy
OAF_pearl_disgust,disgust,1,data\processed\tess\features\OAF_pearl_disgust_mfcc.npy,data\processed\tess\spectrograms\OAF_pearl_disgust_spec.npy
OAF_peg_disgust,disgust,1,data\processed\tess\features\OAF_peg_disgust_mfcc.npy,data\processed\tess\spectrograms\OAF_peg_disgust_spec.npy
OAF_perch_disgust,disgust,1,data\processed\tess\features\OAF_perch_disgust_mfcc.npy,data\processed\tess\spectrograms\OAF_perch_disgust_spec.npy
OAF_phone_disgust,disgust,1,data\processed\tess\features\OAF_phone_disgust_mfcc.npy,data\processed\tess\spectrograms\OAF_phone_disgust_spec.npy
OAF_pick_disgust,disgust,1,data\processed\tess\features\OAF_pick_disgust_mfcc.npy,data\processed\tess\spectrograms\OAF_pick_disgust_spec.npy
OAF_pike_disgust,disgust,1,data\processed\tess\features\OAF_pike_disgust_mfcc.npy,data\processed\tess\spectrograms\OAF_pike_disgust_spec.npy
OAF_pole_disgust,disgust,1,data\processed\tess\features\OAF_pole_disgust_mfcc.npy,data\processed\tess\spectrograms\OAF_pole_disgust_spec.npy
OAF_pool_disgust,disgust,1,data\processed\tess\features\OAF_pool_disgust_mfcc.npy,data\processed\tess\spectrograms\OAF_pool_disgust_spec.npy
OAF_puff_disgust,disgust,1,data\processed\tess\features\OAF_puff_disgust_mfcc.npy,data\processed\tess\spectrograms\OAF_puff_disgust_spec.npy
OAF_rag_disgust,disgust,1,data\processed\tess\features\OAF_rag_disgust_mfcc.npy,data\processed\tess\spectrograms\OAF_rag_disgust_spec.npy
OAF_raid_disgust,disgust,1,data\processed\tess\features\OAF_raid_disgust_mfcc.npy,data\processed\tess\spectrograms\OAF_raid_disgust_spec.npy
OAF_rain_disgust,disgust,1,data\processed\tess\features\OAF_rain_disgust_mfcc.npy,data\processed\tess\spectrograms\OAF_rain_disgust_spec.npy
OAF_raise_disgust,disgust,1,data\processed\tess\features\OAF_raise_disgust_mfcc.npy,data\processed\tess\spectrograms\OAF_raise_disgust_spec.npy
OAF_rat_disgust,disgust,1,data\processed\tess\features\OAF_rat_disgust_mfcc.npy,data\processed\tess\spectrograms\OAF_rat_disgust_spec.npy
OAF_reach_disgust,disgust,1,data\processed\tess\features\OAF_reach_disgust_mfcc.npy,data\processed\tess\spectrograms\OAF_reach_disgust_spec.npy
OAF_read_disgust,disgust,1,data\processed\tess\features\OAF_read_disgust_mfcc.npy,data\processed\tess\spectrograms\OAF_read_disgust_spec.npy
OAF_red_disgust,disgust,1,data\processed\tess\features\OAF_red_disgust_mfcc.npy,data\processed\tess\spectrograms\OAF_red_disgust_spec.npy
OAF_ring_disgust,disgust,1,data\processed\tess\features\OAF_ring_disgust_mfcc.npy,data\processed\tess\spectrograms\OAF_ring_disgust_spec.npy
OAF_ripe_disgust,disgust,1,data\processed\tess\features\OAF_ripe_disgust_mfcc.npy,data\processed\tess\spectrograms\OAF_ripe_disgust_spec.npy
OAF_road_disgust,disgust,1,data\processed\tess\features\OAF_road_disgust_mfcc.npy,data\processed\tess\spectrograms\OAF_road_disgust_spec.npy
OAF_room_disgust,disgust,1,data\processed\tess\features\OAF_room_disgust_mfcc.npy,data\processed\tess\spectrograms\OAF_room_disgust_spec.npy
OAF_rose_disgust,disgust,1,data\processed\tess\features\OAF_rose_disgust_mfcc.npy,data\processed\tess\spectrograms\OAF_rose_disgust_spec.npy
OAF_rot_disgust,disgust,1,data\processed\tess\features\OAF_rot_disgust_mfcc.npy,data\processed\tess\spectrograms\OAF_rot_disgust_spec.npy
OAF_rough_disgust,disgust,1,data\processed\tess\features\OAF_rough_disgust_mfcc.npy,data\processed\tess\spectrograms\OAF_rough_disgust_spec.npy
OAF_rush_disgust,disgust,1,data\processed\tess\features\OAF_rush_disgust_mfcc.npy,data\processed\tess\spectrograms\OAF_rush_disgust_spec.npy
OAF_said_disgust,disgust,1,data\processed\tess\features\OAF_said_disgust_mfcc.npy,data\processed\tess\spectrograms\OAF_said_disgust_spec.npy
OAF_sail_disgust,disgust,1,data\processed\tess\features\OAF_sail_disgust_mfcc.npy,data\processed\tess\spectrograms\OAF_sail_disgust_spec.npy
OAF_search_disgust,disgust,1,data\processed\tess\features\OAF_search_disgust_mfcc.npy,data\processed\tess\spectrograms\OAF_search_disgust_spec.npy
OAF_seize_disgust,disgust,1,data\processed\tess\features\OAF_seize_disgust_mfcc.npy,data\processed\tess\spectrograms\OAF_seize_disgust_spec.npy
OAF_sell_disgust,disgust,1,data\processed\tess\features\OAF_sell_disgust_mfcc.npy,data\processed\tess\spectrograms\OAF_sell_disgust_spec.npy
OAF_shack_disgust,disgust,1,data\processed\tess\features\OAF_shack_disgust_mfcc.npy,data\processed\tess\spectrograms\OAF_shack_disgust_spec.npy
OAF_shall_disgust,disgust,1,data\processed\tess\features\OAF_shall_disgust_mfcc.npy,data\processed\tess\spectrograms\OAF_shall_disgust_spec.npy
OAF_shawl_disgust,disgust,1,data\processed\tess\features\OAF_shawl_disgust_mfcc.npy,data\processed\tess\spectrograms\OAF_shawl_disgust_spec.npy
OAF_sheep_disgust,disgust,1,data\processed\tess\features\OAF_sheep_disgust_mfcc.npy,data\processed\tess\spectrograms\OAF_sheep_disgust_spec.npy
OAF_shirt_disgust,disgust,1,data\processed\tess\features\OAF_shirt_disgust_mfcc.npy,data\processed\tess\spectrograms\OAF_shirt_disgust_spec.npy
OAF_should_disgust,disgust,1,data\processed\tess\features\OAF_should_disgust_mfcc.npy,data\processed\tess\spectrograms\OAF_should_disgust_spec.npy
OAF_shout_disgust,disgust,1,data\processed\tess\features\OAF_shout_disgust_mfcc.npy,data\processed\tess\spectrograms\OAF_shout_disgust_spec.npy
OAF_size_disgust,disgust,1,data\processed\tess\features\OAF_size_disgust_mfcc.npy,data\processed\tess\spectrograms\OAF_size_disgust_spec.npy
OAF_soap_disgust,disgust,1,data\processed\tess\features\OAF_soap_disgust_mfcc.npy,data\processed\tess\spectrograms\OAF_soap_disgust_spec.npy
OAF_soup_disgust,disgust,1,data\processed\tess\features\OAF_soup_disgust_mfcc.npy,data\processed\tess\spectrograms\OAF_soup_disgust_spec.npy
OAF_sour_disgust,disgust,1,data\processed\tess\features\OAF_sour_disgust_mfcc.npy,data\processed\tess\spectrograms\OAF_sour_disgust_spec.npy
OAF_south_disgust,disgust,1,data\processed\tess\features\OAF_south_disgust_mfcc.npy,data\processed\tess\spectrograms\OAF_south_disgust_spec.npy
OAF_sub_disgust,disgust,1,data\processed\tess\features\OAF_sub_disgust_mfcc.npy,data\processed\tess\spectrograms\OAF_sub_disgust_spec.npy
OAF_such_disgust,disgust,1,data\processed\tess\features\OAF_such_disgust_mfcc.npy,data\processed\tess\spectrograms\OAF_such_disgust_spec.npy
OAF_sure_disgust,disgust,1,data\processed\tess\features\OAF_sure_disgust_mfcc.npy,data\processed\tess\spectrograms\OAF_sure_disgust_spec.npy
OAF_take_disgust,disgust,1,data\processed\tess\features\OAF_take_disgust_mfcc.npy,data\processed\tess\spectrograms\OAF_take_disgust_spec.npy
OAF_talk_disgust,disgust,1,data\processed\tess\features\OAF_talk_disgust_mfcc.npy,data\processed\tess\spectrograms\OAF_talk_disgust_spec.npy
OAF_tape_disgust,disgust,1,data\processed\tess\features\OAF_tape_disgust_mfcc.npy,data\processed\tess\spectrograms\OAF_tape_disgust_spec.npy
OAF_team_disgust,disgust,1,data\processed\tess\features\OAF_team_disgust_mfcc.npy,data\processed\tess\spectrograms\OAF_team_disgust_spec.npy
OAF_tell_disgust,disgust,1,data\processed\tess\features\OAF_tell_disgust_mfcc.npy,data\processed\tess\spectrograms\OAF_tell_disgust_spec.npy
OAF_thin_disgust,disgust,1,data\processed\tess\features\OAF_thin_disgust_mfcc.npy,data\processed\tess\spectrograms\OAF_thin_disgust_spec.npy
OAF_third_disgust,disgust,1,data\processed\tess\features\OAF_third_disgust_mfcc.npy,data\processed\tess\spectrograms\OAF_third_disgust_spec.npy
OAF_thought_disgust,disgust,1,data\processed\tess\features\OAF_thought_disgust_mfcc.npy,data\processed\tess\spectrograms\OAF_thought_disgust_spec.npy
OAF_thumb_disgust,disgust,1,data\processed\tess\features\OAF_thumb_disgust_mfcc.npy,data\processed\tess\spectrograms\OAF_thumb_disgust_spec.npy
OAF_time_disgust,disgust,1,data\processed\tess\features\OAF_time_disgust_mfcc.npy,data\processed\tess\spectrograms\OAF_time_disgust_spec.npy
OAF_tip_disgust,disgust,1,data\processed\tess\features\OAF_tip_disgust_mfcc.npy,data\processed\tess\spectrograms\OAF_tip_disgust_spec.npy
OAF_tire_disgust,disgust,1,data\processed\tess\features\OAF_tire_disgust_mfcc.npy,data\processed\tess\spectrograms\OAF_tire_disgust_spec.npy
OAF_ton_disgust,disgust,1,data\processed\tess\features\OAF_ton_disgust_mfcc.npy,data\processed\tess\spectrograms\OAF_ton_disgust_spec.npy
OAF_tool_disgust,disgust,1,data\processed\tess\features\OAF_tool_disgust_mfcc.npy,data\processed\tess\spectrograms\OAF_tool_disgust_spec.npy
OAF_tough_disgust,disgust,1,data\processed\tess\features\OAF_tough_disgust_mfcc.npy,data\processed\tess\spectrograms\OAF_tough_disgust_spec.npy
OAF_turn_disgust,disgust,1,data\processed\tess\features\OAF_turn_disgust_mfcc.npy,data\processed\tess\spectrograms\OAF_turn_disgust_spec.npy
OAF_vine_disgust,disgust,1,data\processed\tess\features\OAF_vine_disgust_mfcc.npy,data\processed\tess\spectrograms\OAF_vine_disgust_spec.npy
OAF_voice_disgust,disgust,1,data\processed\tess\features\OAF_voice_disgust_mfcc.npy,data\processed\tess\spectrograms\OAF_voice_disgust_spec.npy
OAF_void_disgust,disgust,1,data\processed\tess\features\OAF_void_disgust_mfcc.npy,data\processed\tess\spectrograms\OAF_void_disgust_spec.npy
OAF_vote_disgust,disgust,1,data\processed\tess\features\OAF_vote_disgust_mfcc.npy,data\processed\tess\spectrograms\OAF_vote_disgust_spec.npy
OAF_wag_disgust,disgust,1,data\processed\tess\features\OAF_wag_disgust_mfcc.npy,data\processed\tess\spectrograms\OAF_wag_disgust_spec.npy
OAF_walk_disgust,disgust,1,data\processed\tess\features\OAF_walk_disgust_mfcc.npy,data\processed\tess\spectrograms\OAF_walk_disgust_spec.npy
OAF_wash_disgust,disgust,1,data\processed\tess\features\OAF_wash_disgust_mfcc.npy,data\processed\tess\spectrograms\OAF_wash_disgust_spec.npy
OAF_week_disgust,disgust,1,data\processed\tess\features\OAF_week_disgust_mfcc.npy,data\processed\tess\spectrograms\OAF_week_disgust_spec.npy
OAF_wheat_disgust,disgust,1,data\processed\tess\features\OAF_wheat_disgust_mfcc.npy,data\processed\tess\spectrograms\OAF_wheat_disgust_spec.npy
OAF_when_disgust,disgust,1,data\processed\tess\features\OAF_when_disgust_mfcc.npy,data\processed\tess\spectrograms\OAF_when_disgust_spec.npy
OAF_which_disgust,disgust,1,data\processed\tess\features\OAF_which_disgust_mfcc.npy,data\processed\tess\spectrograms\OAF_which_disgust_spec.npy
OAF_whip_disgust,disgust,1,data\processed\tess\features\OAF_whip_disgust_mfcc.npy,data\processed\tess\spectrograms\OAF_whip_disgust_spec.npy
OAF_white_disgust,disgust,1,data\processed\tess\features\OAF_white_disgust_mfcc.npy,data\processed\tess\spectrograms\OAF_white_disgust_spec.npy
OAF_wife_disgust,disgust,1,data\processed\tess\features\OAF_wife_disgust_mfcc.npy,data\processed\tess\spectrograms\OAF_wife_disgust_spec.npy
OAF_wire_disgust,disgust,1,data\processed\tess\features\OAF_wire_disgust_mfcc.npy,data\processed\tess\spectrograms\OAF_wire_disgust_spec.npy
OAF_witch_disgust,disgust,1,data\processed\tess\features\OAF_witch_disgust_mfcc.npy,data\processed\tess\spectrograms\OAF_witch_disgust_spec.npy
OAF_yearn_disgust,disgust,1,data\processed\tess\features\OAF_yearn_disgust_mfcc.npy,data\processed\tess\spectrograms\OAF_yearn_disgust_spec.npy
OAF_yes_disgust,disgust,1,data\processed\tess\features\OAF_yes_disgust_mfcc.npy,data\processed\tess\spectrograms\OAF_yes_disgust_spec.npy
OAF_young_disgust,disgust,1,data\processed\tess\features\OAF_young_disgust_mfcc.npy,data\processed\tess\spectrograms\OAF_young_disgust_spec.npy
OAF_youth_disgust,disgust,1,data\processed\tess\features\OAF_youth_disgust_mfcc.npy,data\processed\tess\spectrograms\OAF_youth_disgust_spec.npy
OAF_back_fear,fear,1,data\processed\tess\features\OAF_back_fear_mfcc.npy,data\processed\tess\spectrograms\OAF_back_fear_spec.npy
OAF_bar_fear,fear,1,data\processed\tess\features\OAF_bar_fear_mfcc.npy,data\processed\tess\spectrograms\OAF_bar_fear_spec.npy
OAF_base_fear,fear,1,data\processed\tess\features\OAF_base_fear_mfcc.npy,data\processed\tess\spectrograms\OAF_base_fear_spec.npy
OAF_bath_fear,fear,1,data\processed\tess\features\OAF_bath_fear_mfcc.npy,data\processed\tess\spectrograms\OAF_bath_fear_spec.npy
OAF_bean_fear,fear,1,data\processed\tess\features\OAF_bean_fear_mfcc.npy,data\processed\tess\spectrograms\OAF_bean_fear_spec.npy
OAF_beg_fear,fear,1,data\processed\tess\features\OAF_beg_fear_mfcc.npy,data\processed\tess\spectrograms\OAF_beg_fear_spec.npy
OAF_bite_fear,fear,1,data\processed\tess\features\OAF_bite_fear_mfcc.npy,data\processed\tess\spectrograms\OAF_bite_fear_spec.npy
OAF_boat_fear,fear,1,data\processed\tess\features\OAF_boat_fear_mfcc.npy,data\processed\tess\spectrograms\OAF_boat_fear_spec.npy
OAF_bone_fear,fear,1,data\processed\tess\features\OAF_bone_fear_mfcc.npy,data\processed\tess\spectrograms\OAF_bone_fear_spec.npy
OAF_book_fear,fear,1,data\processed\tess\features\OAF_book_fear_mfcc.npy,data\processed\tess\spectrograms\OAF_book_fear_spec.npy
OAF_bought_fear,fear,1,data\processed\tess\features\OAF_bought_fear_mfcc.npy,data\processed\tess\spectrograms\OAF_bought_fear_spec.npy
OAF_burn_fear,fear,1,data\processed\tess\features\OAF_burn_fear_mfcc.npy,data\processed\tess\spectrograms\OAF_burn_fear_spec.npy
OAF_cab_fear,fear,1,data\processed\tess\features\OAF_cab_fear_mfcc.npy,data\processed\tess\spectrograms\OAF_cab_fear_spec.npy
OAF_calm_fear,fear,1,data\processed\tess\features\OAF_calm_fear_mfcc.npy,data\processed\tess\spectrograms\OAF_calm_fear_spec.npy
OAF_came_fear,fear,1,data\processed\tess\features\OAF_came_fear_mfcc.npy,data\processed\tess\spectrograms\OAF_came_fear_spec.npy
OAF_cause_fear,fear,1,data\processed\tess\features\OAF_cause_fear_mfcc.npy,data\processed\tess\spectrograms\OAF_cause_fear_spec.npy
OAF_chain_fear,fear,1,data\processed\tess\features\OAF_chain_fear_mfcc.npy,data\processed\tess\spectrograms\OAF_chain_fear_spec.npy
OAF_chair_fear,fear,1,data\processed\tess\features\OAF_chair_fear_mfcc.npy,data\processed\tess\spectrograms\OAF_chair_fear_spec.npy
OAF_chalk_fear,fear,1,data\processed\tess\features\OAF_chalk_fear_mfcc.npy,data\processed\tess\spectrograms\OAF_chalk_fear_spec.npy
OAF_chat_fear,fear,1,data\processed\tess\features\OAF_chat_fear_mfcc.npy,data\processed\tess\spectrograms\OAF_chat_fear_spec.npy
OAF_check_fear,fear,1,data\processed\tess\features\OAF_check_fear_mfcc.npy,data\processed\tess\spectrograms\OAF_check_fear_spec.npy
OAF_cheek_fear,fear,1,data\processed\tess\features\OAF_cheek_fear_mfcc.npy,data\processed\tess\spectrograms\OAF_cheek_fear_spec.npy
OAF_chief_fear,fear,1,data\processed\tess\features\OAF_chief_fear_mfcc.npy,data\processed\tess\spectrograms\OAF_chief_fear_spec.npy
OAF_choice_fear,fear,1,data\processed\tess\features\OAF_choice_fear_mfcc.npy,data\processed\tess\spectrograms\OAF_choice_fear_spec.npy
OAF_cool_fear,fear,1,data\processed\tess\features\OAF_cool_fear_mfcc.npy,data\processed\tess\spectrograms\OAF_cool_fear_spec.npy
OAF_dab_fear,fear,1,data\processed\tess\features\OAF_dab_fear_mfcc.npy,data\processed\tess\spectrograms\OAF_dab_fear_spec.npy
OAF_date_fear,fear,1,data\processed\tess\features\OAF_date_fear_mfcc.npy,data\processed\tess\spectrograms\OAF_date_fear_spec.npy
OAF_dead_fear,fear,1,data\processed\tess\features\OAF_dead_fear_mfcc.npy,data\processed\tess\spectrograms\OAF_dead_fear_spec.npy
OAF_death_fear,fear,1,data\processed\tess\features\OAF_death_fear_mfcc.npy,data\processed\tess\spectrograms\OAF_death_fear_spec.npy
OAF_deep_fear,fear,1,data\processed\tess\features\OAF_deep_fear_mfcc.npy,data\processed\tess\spectrograms\OAF_deep_fear_spec.npy
OAF_dime_fear,fear,1,data\processed\tess\features\OAF_dime_fear_mfcc.npy,data\processed\tess\spectrograms\OAF_dime_fear_spec.npy
OAF_dip_fear,fear,1,data\processed\tess\features\OAF_dip_fear_mfcc.npy,data\processed\tess\spectrograms\OAF_dip_fear_spec.npy
OAF_ditch_fear,fear,1,data\processed\tess\features\OAF_ditch_fear_mfcc.npy,data\processed\tess\spectrograms\OAF_ditch_fear_spec.npy
OAF_dodge_fear,fear,1,data\processed\tess\features\OAF_dodge_fear_mfcc.npy,data\processed\tess\spectrograms\OAF_dodge_fear_spec.npy
OAF_dog_fear,fear,1,data\processed\tess\features\OAF_dog_fear_mfcc.npy,data\processed\tess\spectrograms\OAF_dog_fear_spec.npy
OAF_doll_fear,fear,1,data\processed\tess\features\OAF_doll_fear_mfcc.npy,data\processed\tess\spectrograms\OAF_doll_fear_spec.npy
OAF_door_fear,fear,1,data\processed\tess\features\OAF_door_fear_mfcc.npy,data\processed\tess\spectrograms\OAF_door_fear_spec.npy
OAF_fail_fear,fear,1,data\processed\tess\features\OAF_fail_fear_mfcc.npy,data\processed\tess\spectrograms\OAF_fail_fear_spec.npy
OAF_fall_fear,fear,1,data\processed\tess\features\OAF_fall_fear_mfcc.npy,data\processed\tess\spectrograms\OAF_fall_fear_spec.npy
OAF_far_fear,fear,1,data\processed\tess\features\OAF_far_fear_mfcc.npy,data\processed\tess\spectrograms\OAF_far_fear_spec.npy
OAF_fat_fear,fear,1,data\processed\tess\features\OAF_fat_fear_mfcc.npy,data\processed\tess\spectrograms\OAF_fat_fear_spec.npy
OAF_fit_fear,fear,1,data\processed\tess\features\OAF_fit_fear_mfcc.npy,data\processed\tess\spectrograms\OAF_fit_fear_spec.npy
OAF_five_fear,fear,1,data\processed\tess\features\OAF_five_fear_mfcc.npy,data\processed\tess\spectrograms\OAF_five_fear_spec.npy
OAF_food_fear,fear,1,data\processed\tess\features\OAF_food_fear_mfcc.npy,data\processed\tess\spectrograms\OAF_food_fear_spec.npy
OAF_gap_fear,fear,1,data\processed\tess\features\OAF_gap_fear_mfcc.npy,data\processed\tess\spectrograms\OAF_gap_fear_spec.npy
OAF_gas_fear,fear,1,data\processed\tess\features\OAF_gas_fear_mfcc.npy,data\processed\tess\spectrograms\OAF_gas_fear_spec.npy
OAF_gaze_fear,fear,1,data\processed\tess\features\OAF_gaze_fear_mfcc.npy,data\processed\tess\spectrograms\OAF_gaze_fear_spec.npy
OAF_germ_fear,fear,1,data\processed\tess\features\OAF_germ_fear_mfcc.npy,data\processed\tess\spectrograms\OAF_germ_fear_spec.npy
OAF_get_fear,fear,1,data\processed\tess\features\OAF_get_fear_mfcc.npy,data\processed\tess\spectrograms\OAF_get_fear_spec.npy
OAF_gin_fear,fear,1,data\processed\tess\features\OAF_gin_fear_mfcc.npy,data\processed\tess\spectrograms\OAF_gin_fear_spec.npy
OAF_goal_fear,fear,1,data\processed\tess\features\OAF_goal_fear_mfcc.npy,data\processed\tess\spectrograms\OAF_goal_fear_spec.npy
OAF_good_fear,fear,1,data\processed\tess\features\OAF_good_fear_mfcc.npy,data\processed\tess\spectrograms\OAF_good_fear_spec.npy
OAF_goose_fear,fear,1,data\processed\tess\features\OAF_goose_fear_mfcc.npy,data\processed\tess\spectrograms\OAF_goose_fear_spec.npy
OAF_gun_fear,fear,1,data\processed\tess\features\OAF_gun_fear_mfcc.npy,data\processed\tess\spectrograms\OAF_gun_fear_spec.npy
OAF_half_fear,fear,1,data\processed\tess\features\OAF_half_fear_mfcc.npy,data\processed\tess\spectrograms\OAF_half_fear_spec.npy
OAF_hall_fear,fear,1,data\processed\tess\features\OAF_hall_fear_mfcc.npy,data\processed\tess\spectrograms\OAF_hall_fear_spec.npy
OAF_hash_fear,fear,1,data\processed\tess\features\OAF_hash_fear_mfcc.npy,data\processed\tess\spectrograms\OAF_hash_fear_spec.npy
OAF_hate_fear,fear,1,data\processed\tess\features\OAF_hate_fear_mfcc.npy,data\processed\tess\spectrograms\OAF_hate_fear_spec.npy
OAF_have_fear,fear,1,data\processed\tess\features\OAF_have_fear_mfcc.npy,data\processed\tess\spectrograms\OAF_have_fear_spec.npy
OAF_haze_fear,fear,1,data\processed\tess\features\OAF_haze_fear_mfcc.npy,data\processed\tess\spectrograms\OAF_haze_fear_spec.npy
OAF_hire_fear,fear,1,data\processed\tess\features\OAF_hire_fear_mfcc.npy,data\processed\tess\spectrograms\OAF_hire_fear_spec.npy
OAF_hit_fear,fear,1,data\processed\tess\features\OAF_hit_fear_mfcc.npy,data\processed\tess\spectrograms\OAF_hit_fear_spec.npy
OAF_hole_fear,fear,1,data\processed\tess\features\OAF_hole_fear_mfcc.npy,data\processed\tess\spectrograms\OAF_hole_fear_spec.npy
OAF_home_fear,fear,1,data\processed\tess\features\OAF_home_fear_mfcc.npy,data\processed\tess\spectrograms\OAF_home_fear_spec.npy
OAF_hurl_fear,fear,1,data\processed\tess\features\OAF_hurl_fear_mfcc.npy,data\processed\tess\spectrograms\OAF_hurl_fear_spec.npy
OAF_hush_fear,fear,1,data\processed\tess\features\OAF_hush_fear_mfcc.npy,data\processed\tess\spectrograms\OAF_hush_fear_spec.npy
OAF_jail_fear,fear,1,data\processed\tess\features\OAF_jail_fear_mfcc.npy,data\processed\tess\spectrograms\OAF_jail_fear_spec.npy
OAF_jar_fear,fear,1,data\processed\tess\features\OAF_jar_fear_mfcc.npy,data\processed\tess\spectrograms\OAF_jar_fear_spec.npy
OAF_join_fear,fear,1,data\processed\tess\features\OAF_join_fear_mfcc.npy,data\processed\tess\spectrograms\OAF_join_fear_spec.npy
OAF_judge_fear,fear,1,data\processed\tess\features\OAF_judge_fear_mfcc.npy,data\processed\tess\spectrograms\OAF_judge_fear_spec.npy
OAF_jug_fear,fear,1,data\processed\tess\features\OAF_jug_fear_mfcc.npy,data\processed\tess\spectrograms\OAF_jug_fear_spec.npy
OAF_juice_fear,fear,1,data\processed\tess\features\OAF_juice_fear_mfcc.npy,data\processed\tess\spectrograms\OAF_juice_fear_spec.npy
OAF_keen_fear,fear,1,data\processed\tess\features\OAF_keen_fear_mfcc.npy,data\processed\tess\spectrograms\OAF_keen_fear_spec.npy
OAF_keep_fear,fear,1,data\processed\tess\features\OAF_keep_fear_mfcc.npy,data\processed\tess\spectrograms\OAF_keep_fear_spec.npy
OAF_keg_fear,fear,1,data\processed\tess\features\OAF_keg_fear_mfcc.npy,data\processed\tess\spectrograms\OAF_keg_fear_spec.npy
OAF_kick_fear,fear,1,data\processed\tess\features\OAF_kick_fear_mfcc.npy,data\processed\tess\spectrograms\OAF_kick_fear_spec.npy
OAF_kill_fear,fear,1,data\processed\tess\features\OAF_kill_fear_mfcc.npy,data\processed\tess\spectrograms\OAF_kill_fear_spec.npy
OAF_king_fear,fear,1,data\processed\tess\features\OAF_king_fear_mfcc.npy,data\processed\tess\spectrograms\OAF_king_fear_spec.npy
OAF_kite_fear,fear,1,data\processed\tess\features\OAF_kite_fear_mfcc.npy,data\processed\tess\spectrograms\OAF_kite_fear_spec.npy
OAF_knock_fear,fear,1,data\processed\tess\features\OAF_knock_fear_mfcc.npy,data\processed\tess\spectrograms\OAF_knock_fear_spec.npy
OAF_late_fear,fear,1,data\processed\tess\features\OAF_late_fear_mfcc.npy,data\processed\tess\spectrograms\OAF_late_fear_spec.npy
OAF_laud_fear,fear,1,data\processed\tess\features\OAF_laud_fear_mfcc.npy,data\processed\tess\spectrograms\OAF_laud_fear_spec.npy
OAF_lean_fear,fear,1,data\processed\tess\features\OAF_lean_fear_mfcc.npy,data\processed\tess\spectrograms\OAF_lean_fear_spec.npy
OAF_learn_fear,fear,1,data\processed\tess\features\OAF_learn_fear_mfcc.npy,data\processed\tess\spectrograms\OAF_learn_fear_spec.npy
OAF_lease_fear,fear,1,data\processed\tess\features\OAF_lease_fear_mfcc.npy,data\processed\tess\spectrograms\OAF_lease_fear_spec.npy
OAF_lid_fear,fear,1,data\processed\tess\features\OAF_lid_fear_mfcc.npy,data\processed\tess\spectrograms\OAF_lid_fear_spec.npy
OAF_life_fear,fear,1,data\processed\tess\features\OAF_life_fear_mfcc.npy,data\processed\tess\spectrograms\OAF_life_fear_spec.npy
OAF_limb_fear,fear,1,data\processed\tess\features\OAF_limb_fear_mfcc.npy,data\processed\tess\spectrograms\OAF_limb_fear_spec.npy
OAF_live_fear,fear,1,data\processed\tess\features\OAF_live_fear_mfcc.npy,data\processed\tess\spectrograms\OAF_live_fear_spec.npy
OAF_loaf_fear,fear,1,data\processed\tess\features\OAF_loaf_fear_mfcc.npy,data\processed\tess\spectrograms\OAF_loaf_fear_spec.npy
OAF_long_fear,fear,1,data\processed\tess\features\OAF_long_fear_mfcc.npy,data\processed\tess\spectrograms\OAF_long_fear_spec.npy
OAF_lore_fear,fear,1,data\processed\tess\features\OAF_lore_fear_mfcc.npy,data\processed\tess\spectrograms\OAF_lore_fear_spec.npy
OAF_lose_fear,fear,1,data\processed\tess\features\OAF_lose_fear_mfcc.npy,data\processed\tess\spectrograms\OAF_lose_fear_spec.npy
OAF_lot_fear,fear,1,data\processed\tess\features\OAF_lot_fear_mfcc.npy,data\processed\tess\spectrograms\OAF_lot_fear_spec.npy
OAF_love_fear,fear,1,data\processed\tess\features\OAF_love_fear_mfcc.npy,data\processed\tess\spectrograms\OAF_love_fear_spec.npy
OAF_luck_fear,fear,1,data\processed\tess\features\OAF_luck_fear_mfcc.npy,data\processed\tess\spectrograms\OAF_luck_fear_spec.npy
OAF_make_fear,fear,1,data\processed\tess\features\OAF_make_fear_mfcc.npy,data\processed\tess\spectrograms\OAF_make_fear_spec.npy
OAF_match_fear,fear,1,data\processed\tess\features\OAF_match_fear_mfcc.npy,data\processed\tess\spectrograms\OAF_match_fear_spec.npy
OAF_merge_fear,fear,1,data\processed\tess\features\OAF_merge_fear_mfcc.npy,data\processed\tess\spectrograms\OAF_merge_fear_spec.npy
OAF_mess_fear,fear,1,data\processed\tess\features\OAF_mess_fear_mfcc.npy,data\processed\tess\spectrograms\OAF_mess_fear_spec.npy
OAF_met_fear,fear,1,data\processed\tess\features\OAF_met_fear_mfcc.npy,data\processed\tess\spectrograms\OAF_met_fear_spec.npy
OAF_mill_fear,fear,1,data\processed\tess\features\OAF_mill_fear_mfcc.npy,data\processed\tess\spectrograms\OAF_mill_fear_spec.npy
OAF_mob_fear,fear,1,data\processed\tess\features\OAF_mob_fear_mfcc.npy,data\processed\tess\spectrograms\OAF_mob_fear_spec.npy
OAF_mode_fear,fear,1,data\processed\tess\features\OAF_mode_fear_mfcc.npy,data\processed\tess\spectrograms\OAF_mode_fear_spec.npy
OAF_mood_fear,fear,1,data\processed\tess\features\OAF_mood_fear_mfcc.npy,data\processed\tess\spectrograms\OAF_mood_fear_spec.npy
OAF_moon_fear,fear,1,data\processed\tess\features\OAF_moon_fear_mfcc.npy,data\processed\tess\spectrograms\OAF_moon_fear_spec.npy
OAF_mop_fear,fear,1,data\processed\tess\features\OAF_mop_fear_mfcc.npy,data\processed\tess\spectrograms\OAF_mop_fear_spec.npy
OAF_mouse_fear,fear,1,data\processed\tess\features\OAF_mouse_fear_mfcc.npy,data\processed\tess\spectrograms\OAF_mouse_fear_spec.npy
OAF_nag_fear,fear,1,data\processed\tess\features\OAF_nag_fear_mfcc.npy,data\processed\tess\spectrograms\OAF_nag_fear_spec.npy
OAF_name_fear,fear,1,data\processed\tess\features\OAF_name_fear_mfcc.npy,data\processed\tess\spectrograms\OAF_name_fear_spec.npy
OAF_near_fear,fear,1,data\processed\tess\features\OAF_near_fear_mfcc.npy,data\processed\tess\spectrograms\OAF_near_fear_spec.npy
OAF_neat_fear,fear,1,data\processed\tess\features\OAF_neat_fear_mfcc.npy,data\processed\tess\spectrograms\OAF_neat_fear_spec.npy
OAF_nice_fear,fear,1,data\processed\tess\features\OAF_nice_fear_mfcc.npy,data\processed\tess\spectrograms\OAF_nice_fear_spec.npy
OAF_note_fear,fear,1,data\processed\tess\features\OAF_note_fear_mfcc.npy,data\processed\tess\spectrograms\OAF_note_fear_spec.npy
OAF_numb_fear,fear,1,data\processed\tess\features\OAF_numb_fear_mfcc.npy,data\processed\tess\spectrograms\OAF_numb_fear_spec.npy
OAF_pad_fear,fear,1,data\processed\tess\features\OAF_pad_fear_mfcc.npy,data\processed\tess\spectrograms\OAF_pad_fear_spec.npy
OAF_page_fear,fear,1,data\processed\tess\features\OAF_page_fear_mfcc.npy,data\processed\tess\spectrograms\OAF_page_fear_spec.npy
OAF_pain_fear,fear,1,data\processed\tess\features\OAF_pain_fear_mfcc.npy,data\processed\tess\spectrograms\OAF_pain_fear_spec.npy
OAF_pass_fear,fear,1,data\processed\tess\features\OAF_pass_fear_mfcc.npy,data\processed\tess\spectrograms\OAF_pass_fear_spec.npy
OAF_pearl_fear,fear,1,data\processed\tess\features\OAF_pearl_fear_mfcc.npy,data\processed\tess\spectrograms\OAF_pearl_fear_spec.npy
OAF_peg_fear,fear,1,data\processed\tess\features\OAF_peg_fear_mfcc.npy,data\processed\tess\spectrograms\OAF_peg_fear_spec.npy
OAF_perch_fear,fear,1,data\processed\tess\features\OAF_perch_fear_mfcc.npy,data\processed\tess\spectrograms\OAF_perch_fear_spec.npy
OAF_phone_fear,fear,1,data\processed\tess\features\OAF_phone_fear_mfcc.npy,data\processed\tess\spectrograms\OAF_phone_fear_spec.npy
OAF_pick_fear,fear,1,data\processed\tess\features\OAF_pick_fear_mfcc.npy,data\processed\tess\spectrograms\OAF_pick_fear_spec.npy
OAF_pike_fear,fear,1,data\processed\tess\features\OAF_pike_fear_mfcc.npy,data\processed\tess\spectrograms\OAF_pike_fear_spec.npy
OAF_pole_fear,fear,1,data\processed\tess\features\OAF_pole_fear_mfcc.npy,data\processed\tess\spectrograms\OAF_pole_fear_spec.npy
OAF_pool_fear,fear,1,data\processed\tess\features\OAF_pool_fear_mfcc.npy,data\processed\tess\spectrograms\OAF_pool_fear_spec.npy
OAF_puff_fear,fear,1,data\processed\tess\features\OAF_puff_fear_mfcc.npy,data\processed\tess\spectrograms\OAF_puff_fear_spec.npy
OAF_rag_fear,fear,1,data\processed\tess\features\OAF_rag_fear_mfcc.npy,data\processed\tess\spectrograms\OAF_rag_fear_spec.npy
OAF_raid_fear,fear,1,data\processed\tess\features\OAF_raid_fear_mfcc.npy,data\processed\tess\spectrograms\OAF_raid_fear_spec.npy
OAF_rain_fear,fear,1,data\processed\tess\features\OAF_rain_fear_mfcc.npy,data\processed\tess\spectrograms\OAF_rain_fear_spec.npy
OAF_raise_fear,fear,1,data\processed\tess\features\OAF_raise_fear_mfcc.npy,data\processed\tess\spectrograms\OAF_raise_fear_spec.npy
OAF_rat_fear,fear,1,data\processed\tess\features\OAF_rat_fear_mfcc.npy,data\processed\tess\spectrograms\OAF_rat_fear_spec.npy
OAF_reach_fear,fear,1,data\processed\tess\features\OAF_reach_fear_mfcc.npy,data\processed\tess\spectrograms\OAF_reach_fear_spec.npy
OAF_read_fear,fear,1,data\processed\tess\features\OAF_read_fear_mfcc.npy,data\processed\tess\spectrograms\OAF_read_fear_spec.npy
OAF_red_fear,fear,1,data\processed\tess\features\OAF_red_fear_mfcc.npy,data\processed\tess\spectrograms\OAF_red_fear_spec.npy
OAF_ring_fear,fear,1,data\processed\tess\features\OAF_ring_fear_mfcc.npy,data\processed\tess\spectrograms\OAF_ring_fear_spec.npy
OAF_ripe_fear,fear,1,data\processed\tess\features\OAF_ripe_fear_mfcc.npy,data\processed\tess\spectrograms\OAF_ripe_fear_spec.npy
OAF_road_fear,fear,1,data\processed\tess\features\OAF_road_fear_mfcc.npy,data\processed\tess\spectrograms\OAF_road_fear_spec.npy
OAF_room_fear,fear,1,data\processed\tess\features\OAF_room_fear_mfcc.npy,data\processed\tess\spectrograms\OAF_room_fear_spec.npy
OAF_rose_fear,fear,1,data\processed\tess\features\OAF_rose_fear_mfcc.npy,data\processed\tess\spectrograms\OAF_rose_fear_spec.npy
OAF_rot_fear,fear,1,data\processed\tess\features\OAF_rot_fear_mfcc.npy,data\processed\tess\spectrograms\OAF_rot_fear_spec.npy
OAF_rough_fear,fear,1,data\processed\tess\features\OAF_rough_fear_mfcc.npy,data\processed\tess\spectrograms\OAF_rough_fear_spec.npy
OAF_rush_fear,fear,1,data\processed\tess\features\OAF_rush_fear_mfcc.npy,data\processed\tess\spectrograms\OAF_rush_fear_spec.npy
OAF_said_fear,fear,1,data\processed\tess\features\OAF_said_fear_mfcc.npy,data\processed\tess\spectrograms\OAF_said_fear_spec.npy
OAF_sail_fear,fear,1,data\processed\tess\features\OAF_sail_fear_mfcc.npy,data\processed\tess\spectrograms\OAF_sail_fear_spec.npy
OAF_search_fear,fear,1,data\processed\tess\features\OAF_search_fear_mfcc.npy,data\processed\tess\spectrograms\OAF_search_fear_spec.npy
OAF_seize_fear,fear,1,data\processed\tess\features\OAF_seize_fear_mfcc.npy,data\processed\tess\spectrograms\OAF_seize_fear_spec.npy
OAF_sell_fear,fear,1,data\processed\tess\features\OAF_sell_fear_mfcc.npy,data\processed\tess\spectrograms\OAF_sell_fear_spec.npy
OAF_shack_fear,fear,1,data\processed\tess\features\OAF_shack_fear_mfcc.npy,data\processed\tess\spectrograms\OAF_shack_fear_spec.npy
OAF_shall_fear,fear,1,data\processed\tess\features\OAF_shall_fear_mfcc.npy,data\processed\tess\spectrograms\OAF_shall_fear_spec.npy
OAF_shawl_fear,fear,1,data\processed\tess\features\OAF_shawl_fear_mfcc.npy,data\processed\tess\spectrograms\OAF_shawl_fear_spec.npy
OAF_sheep_fear,fear,1,data\processed\tess\features\OAF_sheep_fear_mfcc.npy,data\processed\tess\spectrograms\OAF_sheep_fear_spec.npy
OAF_shirt_fear,fear,1,data\processed\tess\features\OAF_shirt_fear_mfcc.npy,data\processed\tess\spectrograms\OAF_shirt_fear_spec.npy
OAF_should_fear,fear,1,data\processed\tess\features\OAF_should_fear_mfcc.npy,data\processed\tess\spectrograms\OAF_should_fear_spec.npy
OAF_shout_fear,fear,1,data\processed\tess\features\OAF_shout_fear_mfcc.npy,data\processed\tess\spectrograms\OAF_shout_fear_spec.npy
OAF_size_fear,fear,1,data\processed\tess\features\OAF_size_fear_mfcc.npy,data\processed\tess\spectrograms\OAF_size_fear_spec.npy
OAF_soap_fear,fear,1,data\processed\tess\features\OAF_soap_fear_mfcc.npy,data\processed\tess\spectrograms\OAF_soap_fear_spec.npy
OAF_soup_fear,fear,1,data\processed\tess\features\OAF_soup_fear_mfcc.npy,data\processed\tess\spectrograms\OAF_soup_fear_spec.npy
OAF_sour_fear,fear,1,data\processed\tess\features\OAF_sour_fear_mfcc.npy,data\processed\tess\spectrograms\OAF_sour_fear_spec.npy
OAF_south_fear,fear,1,data\processed\tess\features\OAF_south_fear_mfcc.npy,data\processed\tess\spectrograms\OAF_south_fear_spec.npy
OAF_sub_fear,fear,1,data\processed\tess\features\OAF_sub_fear_mfcc.npy,data\processed\tess\spectrograms\OAF_sub_fear_spec.npy
OAF_such_fear,fear,1,data\processed\tess\features\OAF_such_fear_mfcc.npy,data\processed\tess\spectrograms\OAF_such_fear_spec.npy
OAF_sure_fear,fear,1,data\processed\tess\features\OAF_sure_fear_mfcc.npy,data\processed\tess\spectrograms\OAF_sure_fear_spec.npy
OAF_take_fear,fear,1,data\processed\tess\features\OAF_take_fear_mfcc.npy,data\processed\tess\spectrograms\OAF_take_fear_spec.npy
OAF_talk_fear,fear,1,data\processed\tess\features\OAF_talk_fear_mfcc.npy,data\processed\tess\spectrograms\OAF_talk_fear_spec.npy
OAF_tape_fear,fear,1,data\processed\tess\features\OAF_tape_fear_mfcc.npy,data\processed\tess\spectrograms\OAF_tape_fear_spec.npy
OAF_team_fear,fear,1,data\processed\tess\features\OAF_team_fear_mfcc.npy,data\processed\tess\spectrograms\OAF_team_fear_spec.npy
OAF_tell_fear,fear,1,data\processed\tess\features\OAF_tell_fear_mfcc.npy,data\processed\tess\spectrograms\OAF_tell_fear_spec.npy
OAF_thin_fear,fear,1,data\processed\tess\features\OAF_thin_fear_mfcc.npy,data\processed\tess\spectrograms\OAF_thin_fear_spec.npy
OAF_third_fear,fear,1,data\processed\tess\features\OAF_third_fear_mfcc.npy,data\processed\tess\spectrograms\OAF_third_fear_spec.npy
OAF_thought_fear,fear,1,data\processed\tess\features\OAF_thought_fear_mfcc.npy,data\processed\tess\spectrograms\OAF_thought_fear_spec.npy
OAF_thumb_fear,fear,1,data\processed\tess\features\OAF_thumb_fear_mfcc.npy,data\processed\tess\spectrograms\OAF_thumb_fear_spec.npy
OAF_time_fear,fear,1,data\processed\tess\features\OAF_time_fear_mfcc.npy,data\processed\tess\spectrograms\OAF_time_fear_spec.npy
OAF_tip_fear,fear,1,data\processed\tess\features\OAF_tip_fear_mfcc.npy,data\processed\tess\spectrograms\OAF_tip_fear_spec.npy
OAF_tire_fear,fear,1,data\processed\tess\features\OAF_tire_fear_mfcc.npy,data\processed\tess\spectrograms\OAF_tire_fear_spec.npy
OAF_ton_fear,fear,1,data\processed\tess\features\OAF_ton_fear_mfcc.npy,data\processed\tess\spectrograms\OAF_ton_fear_spec.npy
OAF_tool_fear,fear,1,data\processed\tess\features\OAF_tool_fear_mfcc.npy,data\processed\tess\spectrograms\OAF_tool_fear_spec.npy
OAF_tough_fear,fear,1,data\processed\tess\features\OAF_tough_fear_mfcc.npy,data\processed\tess\spectrograms\OAF_tough_fear_spec.npy
OAF_turn_fear,fear,1,data\processed\tess\features\OAF_turn_fear_mfcc.npy,data\processed\tess\spectrograms\OAF_turn_fear_spec.npy
OAF_vine_fear,fear,1,data\processed\tess\features\OAF_vine_fear_mfcc.npy,data\processed\tess\spectrograms\OAF_vine_fear_spec.npy
OAF_voice_fear,fear,1,data\processed\tess\features\OAF_voice_fear_mfcc.npy,data\processed\tess\spectrograms\OAF_voice_fear_spec.npy
OAF_void_fear,fear,1,data\processed\tess\features\OAF_void_fear_mfcc.npy,data\processed\tess\spectrograms\OAF_void_fear_spec.npy
OAF_vote_fear,fear,1,data\processed\tess\features\OAF_vote_fear_mfcc.npy,data\processed\tess\spectrograms\OAF_vote_fear_spec.npy
OAF_wag_fear,fear,1,data\processed\tess\features\OAF_wag_fear_mfcc.npy,data\processed\tess\spectrograms\OAF_wag_fear_spec.npy
OAF_walk_fear,fear,1,data\processed\tess\features\OAF_walk_fear_mfcc.npy,data\processed\tess\spectrograms\OAF_walk_fear_spec.npy
OAF_wash_fear,fear,1,data\processed\tess\features\OAF_wash_fear_mfcc.npy,data\processed\tess\spectrograms\OAF_wash_fear_spec.npy
OAF_week_fear,fear,1,data\processed\tess\features\OAF_week_fear_mfcc.npy,data\processed\tess\spectrograms\OAF_week_fear_spec.npy
OAF_wheat_fear,fear,1,data\processed\tess\features\OAF_wheat_fear_mfcc.npy,data\processed\tess\spectrograms\OAF_wheat_fear_spec.npy
OAF_when_fear,fear,1,data\processed\tess\features\OAF_when_fear_mfcc.npy,data\processed\tess\spectrograms\OAF_when_fear_spec.npy
OAF_which_fear,fear,1,data\processed\tess\features\OAF_which_fear_mfcc.npy,data\processed\tess\spectrograms\OAF_which_fear_spec.npy
OAF_whip_fear,fear,1,data\processed\tess\features\OAF_whip_fear_mfcc.npy,data\processed\tess\spectrograms\OAF_whip_fear_spec.npy
OAF_white_fear,fear,1,data\processed\tess\features\OAF_white_fear_mfcc.npy,data\processed\tess\spectrograms\OAF_white_fear_spec.npy
OAF_wife_fear,fear,1,data\processed\tess\features\OAF_wife_fear_mfcc.npy,data\processed\tess\spectrograms\OAF_wife_fear_spec.npy
OAF_wire_fear,fear,1,data\processed\tess\features\OAF_wire_fear_mfcc.npy,data\processed\tess\spectrograms\OAF_wire_fear_spec.npy
OAF_witch_fear,fear,1,data\processed\tess\features\OAF_witch_fear_mfcc.npy,data\processed\tess\spectrograms\OAF_witch_fear_spec.npy
OAF_yearn_fear,fear,1,data\processed\tess\features\OAF_yearn_fear_mfcc.npy,data\processed\tess\spectrograms\OAF_yearn_fear_spec.npy
OAF_yes_fear,fear,1,data\processed\tess\features\OAF_yes_fear_mfcc.npy,data\processed\tess\spectrograms\OAF_yes_fear_spec.npy
OAF_young_fear,fear,1,data\processed\tess\features\OAF_young_fear_mfcc.npy,data\processed\tess\spectrograms\OAF_young_fear_spec.npy
OAF_youth_fear,fear,1,data\processed\tess\features\OAF_youth_fear_mfcc.npy,data\processed\tess\spectrograms\OAF_youth_fear_spec.npy
OAF_back_neutral,neutral,0,data\processed\tess\features\OAF_back_neutral_mfcc.npy,data\processed\tess\spectrograms\OAF_back_neutral_spec.npy
OAF_bar_neutral,neutral,0,data\processed\tess\features\OAF_bar_neutral_mfcc.npy,data\processed\tess\spectrograms\OAF_bar_neutral_spec.npy
OAF_base_neutral,neutral,0,data\processed\tess\features\OAF_base_neutral_mfcc.npy,data\processed\tess\spectrograms\OAF_base_neutral_spec.npy
OAF_bath_neutral,neutral,0,data\processed\tess\features\OAF_bath_neutral_mfcc.npy,data\processed\tess\spectrograms\OAF_bath_neutral_spec.npy
OAF_bean_neutral,neutral,0,data\processed\tess\features\OAF_bean_neutral_mfcc.npy,data\processed\tess\spectrograms\OAF_bean_neutral_spec.npy
OAF_beg_neutral,neutral,0,data\processed\tess\features\OAF_beg_neutral_mfcc.npy,data\processed\tess\spectrograms\OAF_beg_neutral_spec.npy
OAF_boat_neutral,neutral,0,data\processed\tess\features\OAF_boat_neutral_mfcc.npy,data\processed\tess\spectrograms\OAF_boat_neutral_spec.npy
OAF_bone_neutral,neutral,0,data\processed\tess\features\OAF_bone_neutral_mfcc.npy,data\processed\tess\spectrograms\OAF_bone_neutral_spec.npy
OAF_book_neutral,neutral,0,data\processed\tess\features\OAF_book_neutral_mfcc.npy,data\processed\tess\spectrograms\OAF_book_neutral_spec.npy
OAF_bought_neutral,neutral,0,data\processed\tess\features\OAF_bought_neutral_mfcc.npy,data\processed\tess\spectrograms\OAF_bought_neutral_spec.npy
OAF_burn_neutral,neutral,0,data\processed\tess\features\OAF_burn_neutral_mfcc.npy,data\processed\tess\spectrograms\OAF_burn_neutral_spec.npy
OAF_cab_neutral,neutral,0,data\processed\tess\features\OAF_cab_neutral_mfcc.npy,data\processed\tess\spectrograms\OAF_cab_neutral_spec.npy
OAF_calm_neutral,neutral,0,data\processed\tess\features\OAF_calm_neutral_mfcc.npy,data\processed\tess\spectrograms\OAF_calm_neutral_spec.npy
OAF_came_neutral,neutral,0,data\processed\tess\features\OAF_came_neutral_mfcc.npy,data\processed\tess\spectrograms\OAF_came_neutral_spec.npy
OAF_cause_neutral,neutral,0,data\processed\tess\features\OAF_cause_neutral_mfcc.npy,data\processed\tess\spectrograms\OAF_cause_neutral_spec.npy
OAF_chain_neutral,neutral,0,data\processed\tess\features\OAF_chain_neutral_mfcc.npy,data\processed\tess\spectrograms\OAF_chain_neutral_spec.npy
OAF_chair_neutral,neutral,0,data\processed\tess\features\OAF_chair_neutral_mfcc.npy,data\processed\tess\spectrograms\OAF_chair_neutral_spec.npy
OAF_chalk_neutral,neutral,0,data\processed\tess\features\OAF_chalk_neutral_mfcc.npy,data\processed\tess\spectrograms\OAF_chalk_neutral_spec.npy
OAF_chat_neutral,neutral,0,data\processed\tess\features\OAF_chat_neutral_mfcc.npy,data\processed\tess\spectrograms\OAF_chat_neutral_spec.npy
OAF_check_neutral,neutral,0,data\processed\tess\features\OAF_check_neutral_mfcc.npy,data\processed\tess\spectrograms\OAF_check_neutral_spec.npy
OAF_cheek_neutral,neutral,0,data\processed\tess\features\OAF_cheek_neutral_mfcc.npy,data\processed\tess\spectrograms\OAF_cheek_neutral_spec.npy
OAF_chief_neutral,neutral,0,data\processed\tess\features\OAF_chief_neutral_mfcc.npy,data\processed\tess\spectrograms\OAF_chief_neutral_spec.npy
OAF_choice_neutral,neutral,0,data\processed\tess\features\OAF_choice_neutral_mfcc.npy,data\processed\tess\spectrograms\OAF_choice_neutral_spec.npy
OAF_cool_neutral,neutral,0,data\processed\tess\features\OAF_cool_neutral_mfcc.npy,data\processed\tess\spectrograms\OAF_cool_neutral_spec.npy
OAF_dab_neutral,neutral,0,data\processed\tess\features\OAF_dab_neutral_mfcc.npy,data\processed\tess\spectrograms\OAF_dab_neutral_spec.npy
OAF_date_neutral,neutral,0,data\processed\tess\features\OAF_date_neutral_mfcc.npy,data\processed\tess\spectrograms\OAF_date_neutral_spec.npy
OAF_dead_neutral,neutral,0,data\processed\tess\features\OAF_dead_neutral_mfcc.npy,data\processed\tess\spectrograms\OAF_dead_neutral_spec.npy
OAF_death_neutral,neutral,0,data\processed\tess\features\OAF_death_neutral_mfcc.npy,data\processed\tess\spectrograms\OAF_death_neutral_spec.npy
OAF_deep_neutral,neutral,0,data\processed\tess\features\OAF_deep_neutral_mfcc.npy,data\processed\tess\spectrograms\OAF_deep_neutral_spec.npy
OAF_dime_neutral,neutral,0,data\processed\tess\features\OAF_dime_neutral_mfcc.npy,data\processed\tess\spectrograms\OAF_dime_neutral_spec.npy
OAF_dip_neutral,neutral,0,data\processed\tess\features\OAF_dip_neutral_mfcc.npy,data\processed\tess\spectrograms\OAF_dip_neutral_spec.npy
OAF_ditch_neutral,neutral,0,data\processed\tess\features\OAF_ditch_neutral_mfcc.npy,data\processed\tess\spectrograms\OAF_ditch_neutral_spec.npy
OAF_dodge_neutral,neutral,0,data\processed\tess\features\OAF_dodge_neutral_mfcc.npy,data\processed\tess\spectrograms\OAF_dodge_neutral_spec.npy
OAF_dog_neutral,neutral,0,data\processed\tess\features\OAF_dog_neutral_mfcc.npy,data\processed\tess\spectrograms\OAF_dog_neutral_spec.npy
OAF_doll_neutral,neutral,0,data\processed\tess\features\OAF_doll_neutral_mfcc.npy,data\processed\tess\spectrograms\OAF_doll_neutral_spec.npy
OAF_door_neutral,neutral,0,data\processed\tess\features\OAF_door_neutral_mfcc.npy,data\processed\tess\spectrograms\OAF_door_neutral_spec.npy
OAF_fail_neutral,neutral,0,data\processed\tess\features\OAF_fail_neutral_mfcc.npy,data\processed\tess\spectrograms\OAF_fail_neutral_spec.npy
OAF_fall_neutral,neutral,0,data\processed\tess\features\OAF_fall_neutral_mfcc.npy,data\processed\tess\spectrograms\OAF_fall_neutral_spec.npy
OAF_far_neutral,neutral,0,data\processed\tess\features\OAF_far_neutral_mfcc.npy,data\processed\tess\spectrograms\OAF_far_neutral_spec.npy
OAF_fat_neutral,neutral,0,data\processed\tess\features\OAF_fat_neutral_mfcc.npy,data\processed\tess\spectrograms\OAF_fat_neutral_spec.npy
OAF_fit_neutral,neutral,0,data\processed\tess\features\OAF_fit_neutral_mfcc.npy,data\processed\tess\spectrograms\OAF_fit_neutral_spec.npy
OAF_five_neutral,neutral,0,data\processed\tess\features\OAF_five_neutral_mfcc.npy,data\processed\tess\spectrograms\OAF_five_neutral_spec.npy
OAF_food_neutral,neutral,0,data\processed\tess\features\OAF_food_neutral_mfcc.npy,data\processed\tess\spectrograms\OAF_food_neutral_spec.npy
OAF_gap_neutral,neutral,0,data\processed\tess\features\OAF_gap_neutral_mfcc.npy,data\processed\tess\spectrograms\OAF_gap_neutral_spec.npy
OAF_gas_neutral,neutral,0,data\processed\tess\features\OAF_gas_neutral_mfcc.npy,data\processed\tess\spectrograms\OAF_gas_neutral_spec.npy
OAF_gaze_neutral,neutral,0,data\processed\tess\features\OAF_gaze_neutral_mfcc.npy,data\processed\tess\spectrograms\OAF_gaze_neutral_spec.npy
OAF_germ_neutral,neutral,0,data\processed\tess\features\OAF_germ_neutral_mfcc.npy,data\processed\tess\spectrograms\OAF_germ_neutral_spec.npy
OAF_get_neutral,neutral,0,data\processed\tess\features\OAF_get_neutral_mfcc.npy,data\processed\tess\spectrograms\OAF_get_neutral_spec.npy
OAF_gin_neutral,neutral,0,data\processed\tess\features\OAF_gin_neutral_mfcc.npy,data\processed\tess\spectrograms\OAF_gin_neutral_spec.npy
OAF_goal_neutral,neutral,0,data\processed\tess\features\OAF_goal_neutral_mfcc.npy,data\processed\tess\spectrograms\OAF_goal_neutral_spec.npy
OAF_good_neutral,neutral,0,data\processed\tess\features\OAF_good_neutral_mfcc.npy,data\processed\tess\spectrograms\OAF_good_neutral_spec.npy
OAF_goose_neutral,neutral,0,data\processed\tess\features\OAF_goose_neutral_mfcc.npy,data\processed\tess\spectrograms\OAF_goose_neutral_spec.npy
OAF_gun_neutral,neutral,0,data\processed\tess\features\OAF_gun_neutral_mfcc.npy,data\processed\tess\spectrograms\OAF_gun_neutral_spec.npy
OAF_half_neutral,neutral,0,data\processed\tess\features\OAF_half_neutral_mfcc.npy,data\processed\tess\spectrograms\OAF_half_neutral_spec.npy
OAF_hall_neutral,neutral,0,data\processed\tess\features\OAF_hall_neutral_mfcc.npy,data\processed\tess\spectrograms\OAF_hall_neutral_spec.npy
OAF_hash_neutral,neutral,0,data\processed\tess\features\OAF_hash_neutral_mfcc.npy,data\processed\tess\spectrograms\OAF_hash_neutral_spec.npy
OAF_hate_neutral,neutral,0,data\processed\tess\features\OAF_hate_neutral_mfcc.npy,data\processed\tess\spectrograms\OAF_hate_neutral_spec.npy
OAF_have_neutral,neutral,0,data\processed\tess\features\OAF_have_neutral_mfcc.npy,data\processed\tess\spectrograms\OAF_have_neutral_spec.npy
OAF_haze_neutral,neutral,0,data\processed\tess\features\OAF_haze_neutral_mfcc.npy,data\processed\tess\spectrograms\OAF_haze_neutral_spec.npy
OAF_hire_neutral,neutral,0,data\processed\tess\features\OAF_hire_neutral_mfcc.npy,data\processed\tess\spectrograms\OAF_hire_neutral_spec.npy
OAF_hit_neutral,neutral,0,data\processed\tess\features\OAF_hit_neutral_mfcc.npy,data\processed\tess\spectrograms\OAF_hit_neutral_spec.npy
OAF_hole_neutral,neutral,0,data\processed\tess\features\OAF_hole_neutral_mfcc.npy,data\processed\tess\spectrograms\OAF_hole_neutral_spec.npy
OAF_home_neutral,neutral,0,data\processed\tess\features\OAF_home_neutral_mfcc.npy,data\processed\tess\spectrograms\OAF_home_neutral_spec.npy
OAF_hurl_neutral,neutral,0,data\processed\tess\features\OAF_hurl_neutral_mfcc.npy,data\processed\tess\spectrograms\OAF_hurl_neutral_spec.npy
OAF_hush_neutral,neutral,0,data\processed\tess\features\OAF_hush_neutral_mfcc.npy,data\processed\tess\spectrograms\OAF_hush_neutral_spec.npy
OAF_jail_neutral,neutral,0,data\processed\tess\features\OAF_jail_neutral_mfcc.npy,data\processed\tess\spectrograms\OAF_jail_neutral_spec.npy
OAF_jar_neutral,neutral,0,data\processed\tess\features\OAF_jar_neutral_mfcc.npy,data\processed\tess\spectrograms\OAF_jar_neutral_spec.npy
OAF_join_neutral,neutral,0,data\processed\tess\features\OAF_join_neutral_mfcc.npy,data\processed\tess\spectrograms\OAF_join_neutral_spec.npy
OAF_judge_neutral,neutral,0,data\processed\tess\features\OAF_judge_neutral_mfcc.npy,data\processed\tess\spectrograms\OAF_judge_neutral_spec.npy
OAF_jug_neutral,neutral,0,data\processed\tess\features\OAF_jug_neutral_mfcc.npy,data\processed\tess\spectrograms\OAF_jug_neutral_spec.npy
OAF_juice_neutral,neutral,0,data\processed\tess\features\OAF_juice_neutral_mfcc.npy,data\processed\tess\spectrograms\OAF_juice_neutral_spec.npy
OAF_keen_neutral,neutral,0,data\processed\tess\features\OAF_keen_neutral_mfcc.npy,data\processed\tess\spectrograms\OAF_keen_neutral_spec.npy
OAF_keep_neutral,neutral,0,data\processed\tess\features\OAF_keep_neutral_mfcc.npy,data\processed\tess\spectrograms\OAF_keep_neutral_spec.npy
OAF_keg_neutral,neutral,0,data\processed\tess\features\OAF_keg_neutral_mfcc.npy,data\processed\tess\spectrograms\OAF_keg_neutral_spec.npy
OAF_kick_neutral,neutral,0,data\processed\tess\features\OAF_kick_neutral_mfcc.npy,data\processed\tess\spectrograms\OAF_kick_neutral_spec.npy
OAF_kill_neutral,neutral,0,data\processed\tess\features\OAF_kill_neutral_mfcc.npy,data\processed\tess\spectrograms\OAF_kill_neutral_spec.npy
OAF_king_neutral,neutral,0,data\processed\tess\features\OAF_king_neutral_mfcc.npy,data\processed\tess\spectrograms\OAF_king_neutral_spec.npy
OAF_kite_neutral,neutral,0,data\processed\tess\features\OAF_kite_neutral_mfcc.npy,data\processed\tess\spectrograms\OAF_kite_neutral_spec.npy
OAF_knock_neutral,neutral,0,data\processed\tess\features\OAF_knock_neutral_mfcc.npy,data\processed\tess\spectrograms\OAF_knock_neutral_spec.npy
OAF_late_neutral,neutral,0,data\processed\tess\features\OAF_late_neutral_mfcc.npy,data\processed\tess\spectrograms\OAF_late_neutral_spec.npy
OAF_laud_neutral,neutral,0,data\processed\tess\features\OAF_laud_neutral_mfcc.npy,data\processed\tess\spectrograms\OAF_laud_neutral_spec.npy
OAF_lean_neutral,neutral,0,data\processed\tess\features\OAF_lean_neutral_mfcc.npy,data\processed\tess\spectrograms\OAF_lean_neutral_spec.npy
OAF_learn_neutral,neutral,0,data\processed\tess\features\OAF_learn_neutral_mfcc.npy,data\processed\tess\spectrograms\OAF_learn_neutral_spec.npy
OAF_lease_neutral,neutral,0,data\processed\tess\features\OAF_lease_neutral_mfcc.npy,data\processed\tess\spectrograms\OAF_lease_neutral_spec.npy
OAF_lid_neutral,neutral,0,data\processed\tess\features\OAF_lid_neutral_mfcc.npy,data\processed\tess\spectrograms\OAF_lid_neutral_spec.npy
OAF_life_neutral,neutral,0,data\processed\tess\features\OAF_life_neutral_mfcc.npy,data\processed\tess\spectrograms\OAF_life_neutral_spec.npy
OAF_limb_neutral,neutral,0,data\processed\tess\features\OAF_limb_neutral_mfcc.npy,data\processed\tess\spectrograms\OAF_limb_neutral_spec.npy
OAF_live_neutral,neutral,0,data\processed\tess\features\OAF_live_neutral_mfcc.npy,data\processed\tess\spectrograms\OAF_live_neutral_spec.npy
OAF_loaf_neutral,neutral,0,data\processed\tess\features\OAF_loaf_neutral_mfcc.npy,data\processed\tess\spectrograms\OAF_loaf_neutral_spec.npy
OAF_long_neutral,neutral,0,data\processed\tess\features\OAF_long_neutral_mfcc.npy,data\processed\tess\spectrograms\OAF_long_neutral_spec.npy
OAF_lore_neutral,neutral,0,data\processed\tess\features\OAF_lore_neutral_mfcc.npy,data\processed\tess\spectrograms\OAF_lore_neutral_spec.npy
OAF_lose_neutral,neutral,0,data\processed\tess\features\OAF_lose_neutral_mfcc.npy,data\processed\tess\spectrograms\OAF_lose_neutral_spec.npy
OAF_lot_neutral,neutral,0,data\processed\tess\features\OAF_lot_neutral_mfcc.npy,data\processed\tess\spectrograms\OAF_lot_neutral_spec.npy
OAF_love_neutral,neutral,0,data\processed\tess\features\OAF_love_neutral_mfcc.npy,data\processed\tess\spectrograms\OAF_love_neutral_spec.npy
OAF_luck_neutral,neutral,0,data\processed\tess\features\OAF_luck_neutral_mfcc.npy,data\processed\tess\spectrograms\OAF_luck_neutral_spec.npy
OAF_make_neutral,neutral,0,data\processed\tess\features\OAF_make_neutral_mfcc.npy,data\processed\tess\spectrograms\OAF_make_neutral_spec.npy
OAF_match_neutral,neutral,0,data\processed\tess\features\OAF_match_neutral_mfcc.npy,data\processed\tess\spectrograms\OAF_match_neutral_spec.npy
OAF_merge_neutral,neutral,0,data\processed\tess\features\OAF_merge_neutral_mfcc.npy,data\processed\tess\spectrograms\OAF_merge_neutral_spec.npy
OAF_mess_neutral,neutral,0,data\processed\tess\features\OAF_mess_neutral_mfcc.npy,data\processed\tess\spectrograms\OAF_mess_neutral_spec.npy
OAF_met_neutral,neutral,0,data\processed\tess\features\OAF_met_neutral_mfcc.npy,data\processed\tess\spectrograms\OAF_met_neutral_spec.npy
OAF_mill_neutral,neutral,0,data\processed\tess\features\OAF_mill_neutral_mfcc.npy,data\processed\tess\spectrograms\OAF_mill_neutral_spec.npy
OAF_mob_neutral,neutral,0,data\processed\tess\features\OAF_mob_neutral_mfcc.npy,data\processed\tess\spectrograms\OAF_mob_neutral_spec.npy
OAF_mode_neutral,neutral,0,data\processed\tess\features\OAF_mode_neutral_mfcc.npy,data\processed\tess\spectrograms\OAF_mode_neutral_spec.npy
OAF_mood_neutral,neutral,0,data\processed\tess\features\OAF_mood_neutral_mfcc.npy,data\processed\tess\spectrograms\OAF_mood_neutral_spec.npy
OAF_moon_neutral,neutral,0,data\processed\tess\features\OAF_moon_neutral_mfcc.npy,data\processed\tess\spectrograms\OAF_moon_neutral_spec.npy
OAF_mop_neutral,neutral,0,data\processed\tess\features\OAF_mop_neutral_mfcc.npy,data\processed\tess\spectrograms\OAF_mop_neutral_spec.npy
OAF_mouse_neutral,neutral,0,data\processed\tess\features\OAF_mouse_neutral_mfcc.npy,data\processed\tess\spectrograms\OAF_mouse_neutral_spec.npy
OAF_nag_neutral,neutral,0,data\processed\tess\features\OAF_nag_neutral_mfcc.npy,data\processed\tess\spectrograms\OAF_nag_neutral_spec.npy
OAF_name_neutral,neutral,0,data\processed\tess\features\OAF_name_neutral_mfcc.npy,data\processed\tess\spectrograms\OAF_name_neutral_spec.npy
OAF_near_neutral,neutral,0,data\processed\tess\features\OAF_near_neutral_mfcc.npy,data\processed\tess\spectrograms\OAF_near_neutral_spec.npy
OAF_neat_neutral,neutral,0,data\processed\tess\features\OAF_neat_neutral_mfcc.npy,data\processed\tess\spectrograms\OAF_neat_neutral_spec.npy
OAF_nice_neutral,neutral,0,data\processed\tess\features\OAF_nice_neutral_mfcc.npy,data\processed\tess\spectrograms\OAF_nice_neutral_spec.npy
OAF_note_neutral,neutral,0,data\processed\tess\features\OAF_note_neutral_mfcc.npy,data\processed\tess\spectrograms\OAF_note_neutral_spec.npy
OAF_numb_neutral,neutral,0,data\processed\tess\features\OAF_numb_neutral_mfcc.npy,data\processed\tess\spectrograms\OAF_numb_neutral_spec.npy
OAF_pad_neutral,neutral,0,data\processed\tess\features\OAF_pad_neutral_mfcc.npy,data\processed\tess\spectrograms\OAF_pad_neutral_spec.npy
OAF_page_neutral,neutral,0,data\processed\tess\features\OAF_page_neutral_mfcc.npy,data\processed\tess\spectrograms\OAF_page_neutral_spec.npy
OAF_pain_neutral,neutral,0,data\processed\tess\features\OAF_pain_neutral_mfcc.npy,data\processed\tess\spectrograms\OAF_pain_neutral_spec.npy
OAF_pass_neutral,neutral,0,data\processed\tess\features\OAF_pass_neutral_mfcc.npy,data\processed\tess\spectrograms\OAF_pass_neutral_spec.npy
OAF_pearl_neutral,neutral,0,data\processed\tess\features\OAF_pearl_neutral_mfcc.npy,data\processed\tess\spectrograms\OAF_pearl_neutral_spec.npy
OAF_peg_neutral,neutral,0,data\processed\tess\features\OAF_peg_neutral_mfcc.npy,data\processed\tess\spectrograms\OAF_peg_neutral_spec.npy
OAF_perch_neutral,neutral,0,data\processed\tess\features\OAF_perch_neutral_mfcc.npy,data\processed\tess\spectrograms\OAF_perch_neutral_spec.npy
OAF_phone_neutral,neutral,0,data\processed\tess\features\OAF_phone_neutral_mfcc.npy,data\processed\tess\spectrograms\OAF_phone_neutral_spec.npy
OAF_pick_neutral,neutral,0,data\processed\tess\features\OAF_pick_neutral_mfcc.npy,data\processed\tess\spectrograms\OAF_pick_neutral_spec.npy
OAF_pike_neutral,neutral,0,data\processed\tess\features\OAF_pike_neutral_mfcc.npy,data\processed\tess\spectrograms\OAF_pike_neutral_spec.npy
OAF_pole_neutral,neutral,0,data\processed\tess\features\OAF_pole_neutral_mfcc.npy,data\processed\tess\spectrograms\OAF_pole_neutral_spec.npy
OAF_pool_neutral,neutral,0,data\processed\tess\features\OAF_pool_neutral_mfcc.npy,data\processed\tess\spectrograms\OAF_pool_neutral_spec.npy
OAF_puff_neutral,neutral,0,data\processed\tess\features\OAF_puff_neutral_mfcc.npy,data\processed\tess\spectrograms\OAF_puff_neutral_spec.npy
OAF_rag_neutral,neutral,0,data\processed\tess\features\OAF_rag_neutral_mfcc.npy,data\processed\tess\spectrograms\OAF_rag_neutral_spec.npy
OAF_raid_neutral,neutral,0,data\processed\tess\features\OAF_raid_neutral_mfcc.npy,data\processed\tess\spectrograms\OAF_raid_neutral_spec.npy
OAF_rain_neutral,neutral,0,data\processed\tess\features\OAF_rain_neutral_mfcc.npy,data\processed\tess\spectrograms\OAF_rain_neutral_spec.npy
OAF_raise_neutral,neutral,0,data\processed\tess\features\OAF_raise_neutral_mfcc.npy,data\processed\tess\spectrograms\OAF_raise_neutral_spec.npy
OAF_rat_neutral,neutral,0,data\processed\tess\features\OAF_rat_neutral_mfcc.npy,data\processed\tess\spectrograms\OAF_rat_neutral_spec.npy
OAF_reach_neutral,neutral,0,data\processed\tess\features\OAF_reach_neutral_mfcc.npy,data\processed\tess\spectrograms\OAF_reach_neutral_spec.npy
OAF_read_neutral,neutral,0,data\processed\tess\features\OAF_read_neutral_mfcc.npy,data\processed\tess\spectrograms\OAF_read_neutral_spec.npy
OAF_red_neutral,neutral,0,data\processed\tess\features\OAF_red_neutral_mfcc.npy,data\processed\tess\spectrograms\OAF_red_neutral_spec.npy
OAF_ring_neutral,neutral,0,data\processed\tess\features\OAF_ring_neutral_mfcc.npy,data\processed\tess\spectrograms\OAF_ring_neutral_spec.npy
OAF_ripe_neutral,neutral,0,data\processed\tess\features\OAF_ripe_neutral_mfcc.npy,data\processed\tess\spectrograms\OAF_ripe_neutral_spec.npy
OAF_road_neutral,neutral,0,data\processed\tess\features\OAF_road_neutral_mfcc.npy,data\processed\tess\spectrograms\OAF_road_neutral_spec.npy
OAF_room_neutral,neutral,0,data\processed\tess\features\OAF_room_neutral_mfcc.npy,data\processed\tess\spectrograms\OAF_room_neutral_spec.npy
OAF_rose_neutral,neutral,0,data\processed\tess\features\OAF_rose_neutral_mfcc.npy,data\processed\tess\spectrograms\OAF_rose_neutral_spec.npy
OAF_rot_neutral,neutral,0,data\processed\tess\features\OAF_rot_neutral_mfcc.npy,data\processed\tess\spectrograms\OAF_rot_neutral_spec.npy
OAF_rough_neutral,neutral,0,data\processed\tess\features\OAF_rough_neutral_mfcc.npy,data\processed\tess\spectrograms\OAF_rough_neutral_spec.npy
OAF_rush_neutral,neutral,0,data\processed\tess\features\OAF_rush_neutral_mfcc.npy,data\processed\tess\spectrograms\OAF_rush_neutral_spec.npy
OAF_said_neutral,neutral,0,data\processed\tess\features\OAF_said_neutral_mfcc.npy,data\processed\tess\spectrograms\OAF_said_neutral_spec.npy
OAF_sail_neutral,neutral,0,data\processed\tess\features\OAF_sail_neutral_mfcc.npy,data\processed\tess\spectrograms\OAF_sail_neutral_spec.npy
OAF_search_neutral,neutral,0,data\processed\tess\features\OAF_search_neutral_mfcc.npy,data\processed\tess\spectrograms\OAF_search_neutral_spec.npy
OAF_seize_neutral,neutral,0,data\processed\tess\features\OAF_seize_neutral_mfcc.npy,data\processed\tess\spectrograms\OAF_seize_neutral_spec.npy
OAF_sell_neutral,neutral,0,data\processed\tess\features\OAF_sell_neutral_mfcc.npy,data\processed\tess\spectrograms\OAF_sell_neutral_spec.npy
OAF_shack_neutral,neutral,0,data\processed\tess\features\OAF_shack_neutral_mfcc.npy,data\processed\tess\spectrograms\OAF_shack_neutral_spec.npy
OAF_shall_neutral,neutral,0,data\processed\tess\features\OAF_shall_neutral_mfcc.npy,data\processed\tess\spectrograms\OAF_shall_neutral_spec.npy
OAF_shawl_neutral,neutral,0,data\processed\tess\features\OAF_shawl_neutral_mfcc.npy,data\processed\tess\spectrograms\OAF_shawl_neutral_spec.npy
OAF_sheep_neutral,neutral,0,data\processed\tess\features\OAF_sheep_neutral_mfcc.npy,data\processed\tess\spectrograms\OAF_sheep_neutral_spec.npy
OAF_shirt_neutral,neutral,0,data\processed\tess\features\OAF_shirt_neutral_mfcc.npy,data\processed\tess\spectrograms\OAF_shirt_neutral_spec.npy
OAF_should_neutral,neutral,0,data\processed\tess\features\OAF_should_neutral_mfcc.npy,data\processed\tess\spectrograms\OAF_should_neutral_spec.npy
OAF_shout_neutral,neutral,0,data\processed\tess\features\OAF_shout_neutral_mfcc.npy,data\processed\tess\spectrograms\OAF_shout_neutral_spec.npy
OAF_size_neutral,neutral,0,data\processed\tess\features\OAF_size_neutral_mfcc.npy,data\processed\tess\spectrograms\OAF_size_neutral_spec.npy
OAF_soap_neutral,neutral,0,data\processed\tess\features\OAF_soap_neutral_mfcc.npy,data\processed\tess\spectrograms\OAF_soap_neutral_spec.npy
OAF_soup_neutral,neutral,0,data\processed\tess\features\OAF_soup_neutral_mfcc.npy,data\processed\tess\spectrograms\OAF_soup_neutral_spec.npy
OAF_sour_neutral,neutral,0,data\processed\tess\features\OAF_sour_neutral_mfcc.npy,data\processed\tess\spectrograms\OAF_sour_neutral_spec.npy
OAF_south_neutral,neutral,0,data\processed\tess\features\OAF_south_neutral_mfcc.npy,data\processed\tess\spectrograms\OAF_south_neutral_spec.npy
OAF_sub_neutral,neutral,0,data\processed\tess\features\OAF_sub_neutral_mfcc.npy,data\processed\tess\spectrograms\OAF_sub_neutral_spec.npy
OAF_such_neutral,neutral,0,data\processed\tess\features\OAF_such_neutral_mfcc.npy,data\processed\tess\spectrograms\OAF_such_neutral_spec.npy
OAF_sure_neutral,neutral,0,data\processed\tess\features\OAF_sure_neutral_mfcc.npy,data\processed\tess\spectrograms\OAF_sure_neutral_spec.npy
OAF_take_neutral,neutral,0,data\processed\tess\features\OAF_take_neutral_mfcc.npy,data\processed\tess\spectrograms\OAF_take_neutral_spec.npy
OAF_talk_neutral,neutral,0,data\processed\tess\features\OAF_talk_neutral_mfcc.npy,data\processed\tess\spectrograms\OAF_talk_neutral_spec.npy
OAF_tape_neutral,neutral,0,data\processed\tess\features\OAF_tape_neutral_mfcc.npy,data\processed\tess\spectrograms\OAF_tape_neutral_spec.npy
OAF_team_neutral,neutral,0,data\processed\tess\features\OAF_team_neutral_mfcc.npy,data\processed\tess\spectrograms\OAF_team_neutral_spec.npy
OAF_tell_neutral,neutral,0,data\processed\tess\features\OAF_tell_neutral_mfcc.npy,data\processed\tess\spectrograms\OAF_tell_neutral_spec.npy
OAF_thin_neutral,neutral,0,data\processed\tess\features\OAF_thin_neutral_mfcc.npy,data\processed\tess\spectrograms\OAF_thin_neutral_spec.npy
OAF_third_neutral,neutral,0,data\processed\tess\features\OAF_third_neutral_mfcc.npy,data\processed\tess\spectrograms\OAF_third_neutral_spec.npy
OAF_thought_neutral,neutral,0,data\processed\tess\features\OAF_thought_neutral_mfcc.npy,data\processed\tess\spectrograms\OAF_thought_neutral_spec.npy
OAF_thumb_neutral,neutral,0,data\processed\tess\features\OAF_thumb_neutral_mfcc.npy,data\processed\tess\spectrograms\OAF_thumb_neutral_spec.npy
OAF_time_neutral,neutral,0,data\processed\tess\features\OAF_time_neutral_mfcc.npy,data\processed\tess\spectrograms\OAF_time_neutral_spec.npy
OAF_tip_neutral,neutral,0,data\processed\tess\features\OAF_tip_neutral_mfcc.npy,data\processed\tess\spectrograms\OAF_tip_neutral_spec.npy
OAF_tire_neutral,neutral,0,data\processed\tess\features\OAF_tire_neutral_mfcc.npy,data\processed\tess\spectrograms\OAF_tire_neutral_spec.npy
OAF_ton_neutral,neutral,0,data\processed\tess\features\OAF_ton_neutral_mfcc.npy,data\processed\tess\spectrograms\OAF_ton_neutral_spec.npy
OAF_tool_neutral,neutral,0,data\processed\tess\features\OAF_tool_neutral_mfcc.npy,data\processed\tess\spectrograms\OAF_tool_neutral_spec.npy
OAF_tough_neutral,neutral,0,data\processed\tess\features\OAF_tough_neutral_mfcc.npy,data\processed\tess\spectrograms\OAF_tough_neutral_spec.npy
OAF_turn_neutral,neutral,0,data\processed\tess\features\OAF_turn_neutral_mfcc.npy,data\processed\tess\spectrograms\OAF_turn_neutral_spec.npy
OAF_vine_neutral,neutral,0,data\processed\tess\features\OAF_vine_neutral_mfcc.npy,data\processed\tess\spectrograms\OAF_vine_neutral_spec.npy
OAF_voice_neutral,neutral,0,data\processed\tess\features\OAF_voice_neutral_mfcc.npy,data\processed\tess\spectrograms\OAF_voice_neutral_spec.npy
OAF_void_neutral,neutral,0,data\processed\tess\features\OAF_void_neutral_mfcc.npy,data\processed\tess\spectrograms\OAF_void_neutral_spec.npy
OAF_vote_neutral,neutral,0,data\processed\tess\features\OAF_vote_neutral_mfcc.npy,data\processed\tess\spectrograms\OAF_vote_neutral_spec.npy
OAF_wag_neutral,neutral,0,data\processed\tess\features\OAF_wag_neutral_mfcc.npy,data\processed\tess\spectrograms\OAF_wag_neutral_spec.npy
OAF_walk_neutral,neutral,0,data\processed\tess\features\OAF_walk_neutral_mfcc.npy,data\processed\tess\spectrograms\OAF_walk_neutral_spec.npy
OAF_wash_neutral,neutral,0,data\processed\tess\features\OAF_wash_neutral_mfcc.npy,data\processed\tess\spectrograms\OAF_wash_neutral_spec.npy
OAF_week_neutral,neutral,0,data\processed\tess\features\OAF_week_neutral_mfcc.npy,data\processed\tess\spectrograms\OAF_week_neutral_spec.npy
OAF_wheat_neutral,neutral,0,data\processed\tess\features\OAF_wheat_neutral_mfcc.npy,data\processed\tess\spectrograms\OAF_wheat_neutral_spec.npy
OAF_when_neutral,neutral,0,data\processed\tess\features\OAF_when_neutral_mfcc.npy,data\processed\tess\spectrograms\OAF_when_neutral_spec.npy
OAF_which_neutral,neutral,0,data\processed\tess\features\OAF_which_neutral_mfcc.npy,data\processed\tess\spectrograms\OAF_which_neutral_spec.npy
OAF_whip_neutral,neutral,0,data\processed\tess\features\OAF_whip_neutral_mfcc.npy,data\processed\tess\spectrograms\OAF_whip_neutral_spec.npy
OAF_white_neutral,neutral,0,data\processed\tess\features\OAF_white_neutral_mfcc.npy,data\processed\tess\spectrograms\OAF_white_neutral_spec.npy
OAF_wife_neutral,neutral,0,data\processed\tess\features\OAF_wife_neutral_mfcc.npy,data\processed\tess\spectrograms\OAF_wife_neutral_spec.npy
OAF_wire_neutral,neutral,0,data\processed\tess\features\OAF_wire_neutral_mfcc.npy,data\processed\tess\spectrograms\OAF_wire_neutral_spec.npy
OAF_witch_neutral,neutral,0,data\processed\tess\features\OAF_witch_neutral_mfcc.npy,data\processed\tess\spectrograms\OAF_witch_neutral_spec.npy
OAF_yearn_neutral,neutral,0,data\processed\tess\features\OAF_yearn_neutral_mfcc.npy,data\processed\tess\spectrograms\OAF_yearn_neutral_spec.npy
OAF_yes_neutral,neutral,0,data\processed\tess\features\OAF_yes_neutral_mfcc.npy,data\processed\tess\spectrograms\OAF_yes_neutral_spec.npy
OAF_young_neutral,neutral,0,data\processed\tess\features\OAF_young_neutral_mfcc.npy,data\processed\tess\spectrograms\OAF_young_neutral_spec.npy
OAF_youth_neutral,neutral,0,data\processed\tess\features\OAF_youth_neutral_mfcc.npy,data\processed\tess\spectrograms\OAF_youth_neutral_spec.npy
OA_bite_neutral,neutral,0,data\processed\tess\features\OA_bite_neutral_mfcc.npy,data\processed\tess\spectrograms\OA_bite_neutral_spec.npy
OAF_back_ps,ps,0,data\processed\tess\features\OAF_back_ps_mfcc.npy,data\processed\tess\spectrograms\OAF_back_ps_spec.npy
OAF_bar_ps,ps,0,data\processed\tess\features\OAF_bar_ps_mfcc.npy,data\processed\tess\spectrograms\OAF_bar_ps_spec.npy
OAF_base_ps,ps,0,data\processed\tess\features\OAF_base_ps_mfcc.npy,data\processed\tess\spectrograms\OAF_base_ps_spec.npy
OAF_bath_ps,ps,0,data\processed\tess\features\OAF_bath_ps_mfcc.npy,data\processed\tess\spectrograms\OAF_bath_ps_spec.npy
OAF_bean_ps,ps,0,data\processed\tess\features\OAF_bean_ps_mfcc.npy,data\processed\tess\spectrograms\OAF_bean_ps_spec.npy
OAF_beg_ps,ps,0,data\processed\tess\features\OAF_beg_ps_mfcc.npy,data\processed\tess\spectrograms\OAF_beg_ps_spec.npy
OAF_bite_ps,ps,0,data\processed\tess\features\OAF_bite_ps_mfcc.npy,data\processed\tess\spectrograms\OAF_bite_ps_spec.npy
OAF_boat_ps,ps,0,data\processed\tess\features\OAF_boat_ps_mfcc.npy,data\processed\tess\spectrograms\OAF_boat_ps_spec.npy
OAF_bone_ps,ps,0,data\processed\tess\features\OAF_bone_ps_mfcc.npy,data\processed\tess\spectrograms\OAF_bone_ps_spec.npy
OAF_book_ps,ps,0,data\processed\tess\features\OAF_book_ps_mfcc.npy,data\processed\tess\spectrograms\OAF_book_ps_spec.npy
OAF_bought_ps,ps,0,data\processed\tess\features\OAF_bought_ps_mfcc.npy,data\processed\tess\spectrograms\OAF_bought_ps_spec.npy
OAF_burn_ps,ps,0,data\processed\tess\features\OAF_burn_ps_mfcc.npy,data\processed\tess\spectrograms\OAF_burn_ps_spec.npy
OAF_cab_ps,ps,0,data\processed\tess\features\OAF_cab_ps_mfcc.npy,data\processed\tess\spectrograms\OAF_cab_ps_spec.npy
OAF_calm_ps,ps,0,data\processed\tess\features\OAF_calm_ps_mfcc.npy,data\processed\tess\spectrograms\OAF_calm_ps_spec.npy
OAF_came_ps,ps,0,data\processed\tess\features\OAF_came_ps_mfcc.npy,data\processed\tess\spectrograms\OAF_came_ps_spec.npy
OAF_cause_ps,ps,0,data\processed\tess\features\OAF_cause_ps_mfcc.npy,data\processed\tess\spectrograms\OAF_cause_ps_spec.npy
OAF_chain_ps,ps,0,data\processed\tess\features\OAF_chain_ps_mfcc.npy,data\processed\tess\spectrograms\OAF_chain_ps_spec.npy
OAF_chair_ps,ps,0,data\processed\tess\features\OAF_chair_ps_mfcc.npy,data\processed\tess\spectrograms\OAF_chair_ps_spec.npy
OAF_chalk_ps,ps,0,data\processed\tess\features\OAF_chalk_ps_mfcc.npy,data\processed\tess\spectrograms\OAF_chalk_ps_spec.npy
OAF_chat_ps,ps,0,data\processed\tess\features\OAF_chat_ps_mfcc.npy,data\processed\tess\spectrograms\OAF_chat_ps_spec.npy
OAF_check_ps,ps,0,data\processed\tess\features\OAF_check_ps_mfcc.npy,data\processed\tess\spectrograms\OAF_check_ps_spec.npy
OAF_cheek_ps,ps,0,data\processed\tess\features\OAF_cheek_ps_mfcc.npy,data\processed\tess\spectrograms\OAF_cheek_ps_spec.npy
OAF_chief_ps,ps,0,data\processed\tess\features\OAF_chief_ps_mfcc.npy,data\processed\tess\spectrograms\OAF_chief_ps_spec.npy
OAF_choice_ps,ps,0,data\processed\tess\features\OAF_choice_ps_mfcc.npy,data\processed\tess\spectrograms\OAF_choice_ps_spec.npy
OAF_cool_ps,ps,0,data\processed\tess\features\OAF_cool_ps_mfcc.npy,data\processed\tess\spectrograms\OAF_cool_ps_spec.npy
OAF_dab_ps,ps,0,data\processed\tess\features\OAF_dab_ps_mfcc.npy,data\processed\tess\spectrograms\OAF_dab_ps_spec.npy
OAF_date_ps,ps,0,data\processed\tess\features\OAF_date_ps_mfcc.npy,data\processed\tess\spectrograms\OAF_date_ps_spec.npy
OAF_dead_ps,ps,0,data\processed\tess\features\OAF_dead_ps_mfcc.npy,data\processed\tess\spectrograms\OAF_dead_ps_spec.npy
OAF_death_ps,ps,0,data\processed\tess\features\OAF_death_ps_mfcc.npy,data\processed\tess\spectrograms\OAF_death_ps_spec.npy
OAF_deep_ps,ps,0,data\processed\tess\features\OAF_deep_ps_mfcc.npy,data\processed\tess\spectrograms\OAF_deep_ps_spec.npy
OAF_dime_ps,ps,0,data\processed\tess\features\OAF_dime_ps_mfcc.npy,data\processed\tess\spectrograms\OAF_dime_ps_spec.npy
OAF_dip_ps,ps,0,data\processed\tess\features\OAF_dip_ps_mfcc.npy,data\processed\tess\spectrograms\OAF_dip_ps_spec.npy
OAF_ditch_ps,ps,0,data\processed\tess\features\OAF_ditch_ps_mfcc.npy,data\processed\tess\spectrograms\OAF_ditch_ps_spec.npy
OAF_dodge_ps,ps,0,data\processed\tess\features\OAF_dodge_ps_mfcc.npy,data\processed\tess\spectrograms\OAF_dodge_ps_spec.npy
OAF_dog_ps,ps,0,data\processed\tess\features\OAF_dog_ps_mfcc.npy,data\processed\tess\spectrograms\OAF_dog_ps_spec.npy
OAF_doll_ps,ps,0,data\processed\tess\features\OAF_doll_ps_mfcc.npy,data\processed\tess\spectrograms\OAF_doll_ps_spec.npy
OAF_door_ps,ps,0,data\processed\tess\features\OAF_door_ps_mfcc.npy,data\processed\tess\spectrograms\OAF_door_ps_spec.npy
OAF_fail_ps,ps,0,data\processed\tess\features\OAF_fail_ps_mfcc.npy,data\processed\tess\spectrograms\OAF_fail_ps_spec.npy
OAF_fall_ps,ps,0,data\processed\tess\features\OAF_fall_ps_mfcc.npy,data\processed\tess\spectrograms\OAF_fall_ps_spec.npy
OAF_far_ps,ps,0,data\processed\tess\features\OAF_far_ps_mfcc.npy,data\processed\tess\spectrograms\OAF_far_ps_spec.npy
OAF_fat_ps,ps,0,data\processed\tess\features\OAF_fat_ps_mfcc.npy,data\processed\tess\spectrograms\OAF_fat_ps_spec.npy
OAF_fit_ps,ps,0,data\processed\tess\features\OAF_fit_ps_mfcc.npy,data\processed\tess\spectrograms\OAF_fit_ps_spec.npy
OAF_five_ps,ps,0,data\processed\tess\features\OAF_five_ps_mfcc.npy,data\processed\tess\spectrograms\OAF_five_ps_spec.npy
OAF_food_ps,ps,0,data\processed\tess\features\OAF_food_ps_mfcc.npy,data\processed\tess\spectrograms\OAF_food_ps_spec.npy
OAF_gap_ps,ps,0,data\processed\tess\features\OAF_gap_ps_mfcc.npy,data\processed\tess\spectrograms\OAF_gap_ps_spec.npy
OAF_gas_ps,ps,0,data\processed\tess\features\OAF_gas_ps_mfcc.npy,data\processed\tess\spectrograms\OAF_gas_ps_spec.npy
OAF_gaze_ps,ps,0,data\processed\tess\features\OAF_gaze_ps_mfcc.npy,data\processed\tess\spectrograms\OAF_gaze_ps_spec.npy
OAF_germ_ps,ps,0,data\processed\tess\features\OAF_germ_ps_mfcc.npy,data\processed\tess\spectrograms\OAF_germ_ps_spec.npy
OAF_get_ps,ps,0,data\processed\tess\features\OAF_get_ps_mfcc.npy,data\processed\tess\spectrograms\OAF_get_ps_spec.npy
OAF_gin_ps,ps,0,data\processed\tess\features\OAF_gin_ps_mfcc.npy,data\processed\tess\spectrograms\OAF_gin_ps_spec.npy
OAF_goal_ps,ps,0,data\processed\tess\features\OAF_goal_ps_mfcc.npy,data\processed\tess\spectrograms\OAF_goal_ps_spec.npy
OAF_good_ps,ps,0,data\processed\tess\features\OAF_good_ps_mfcc.npy,data\processed\tess\spectrograms\OAF_good_ps_spec.npy
OAF_goose_ps,ps,0,data\processed\tess\features\OAF_goose_ps_mfcc.npy,data\processed\tess\spectrograms\OAF_goose_ps_spec.npy
OAF_gun_ps,ps,0,data\processed\tess\features\OAF_gun_ps_mfcc.npy,data\processed\tess\spectrograms\OAF_gun_ps_spec.npy
OAF_half_ps,ps,0,data\processed\tess\features\OAF_half_ps_mfcc.npy,data\processed\tess\spectrograms\OAF_half_ps_spec.npy
OAF_hall_ps,ps,0,data\processed\tess\features\OAF_hall_ps_mfcc.npy,data\processed\tess\spectrograms\OAF_hall_ps_spec.npy
OAF_hash_ps,ps,0,data\processed\tess\features\OAF_hash_ps_mfcc.npy,data\processed\tess\spectrograms\OAF_hash_ps_spec.npy
OAF_hate_ps,ps,0,data\processed\tess\features\OAF_hate_ps_mfcc.npy,data\processed\tess\spectrograms\OAF_hate_ps_spec.npy
OAF_have_ps,ps,0,data\processed\tess\features\OAF_have_ps_mfcc.npy,data\processed\tess\spectrograms\OAF_have_ps_spec.npy
OAF_haze_ps,ps,0,data\processed\tess\features\OAF_haze_ps_mfcc.npy,data\processed\tess\spectrograms\OAF_haze_ps_spec.npy
OAF_hire_ps,ps,0,data\processed\tess\features\OAF_hire_ps_mfcc.npy,data\processed\tess\spectrograms\OAF_hire_ps_spec.npy
OAF_hit_ps,ps,0,data\processed\tess\features\OAF_hit_ps_mfcc.npy,data\processed\tess\spectrograms\OAF_hit_ps_spec.npy
OAF_hole_ps,ps,0,data\processed\tess\features\OAF_hole_ps_mfcc.npy,data\processed\tess\spectrograms\OAF_hole_ps_spec.npy
OAF_home_ps,ps,0,data\processed\tess\features\OAF_home_ps_mfcc.npy,data\processed\tess\spectrograms\OAF_home_ps_spec.npy
OAF_hurl_ps,ps,0,data\processed\tess\features\OAF_hurl_ps_mfcc.npy,data\processed\tess\spectrograms\OAF_hurl_ps_spec.npy
OAF_hush_ps,ps,0,data\processed\tess\features\OAF_hush_ps_mfcc.npy,data\processed\tess\spectrograms\OAF_hush_ps_spec.npy
OAF_jail_ps,ps,0,data\processed\tess\features\OAF_jail_ps_mfcc.npy,data\processed\tess\spectrograms\OAF_jail_ps_spec.npy
OAF_jar_ps,ps,0,data\processed\tess\features\OAF_jar_ps_mfcc.npy,data\processed\tess\spectrograms\OAF_jar_ps_spec.npy
OAF_join_ps,ps,0,data\processed\tess\features\OAF_join_ps_mfcc.npy,data\processed\tess\spectrograms\OAF_join_ps_spec.npy
OAF_judge_ps,ps,0,data\processed\tess\features\OAF_judge_ps_mfcc.npy,data\processed\tess\spectrograms\OAF_judge_ps_spec.npy
OAF_jug_ps,ps,0,data\processed\tess\features\OAF_jug_ps_mfcc.npy,data\processed\tess\spectrograms\OAF_jug_ps_spec.npy
OAF_juice_ps,ps,0,data\processed\tess\features\OAF_juice_ps_mfcc.npy,data\processed\tess\spectrograms\OAF_juice_ps_spec.npy
OAF_keen_ps,ps,0,data\processed\tess\features\OAF_keen_ps_mfcc.npy,data\processed\tess\spectrograms\OAF_keen_ps_spec.npy
OAF_keep_ps,ps,0,data\processed\tess\features\OAF_keep_ps_mfcc.npy,data\processed\tess\spectrograms\OAF_keep_ps_spec.npy
OAF_keg_ps,ps,0,data\processed\tess\features\OAF_keg_ps_mfcc.npy,data\processed\tess\spectrograms\OAF_keg_ps_spec.npy
OAF_kick_ps,ps,0,data\processed\tess\features\OAF_kick_ps_mfcc.npy,data\processed\tess\spectrograms\OAF_kick_ps_spec.npy
OAF_kill_ps,ps,0,data\processed\tess\features\OAF_kill_ps_mfcc.npy,data\processed\tess\spectrograms\OAF_kill_ps_spec.npy
OAF_king_ps,ps,0,data\processed\tess\features\OAF_king_ps_mfcc.npy,data\processed\tess\spectrograms\OAF_king_ps_spec.npy
OAF_kite_ps,ps,0,data\processed\tess\features\OAF_kite_ps_mfcc.npy,data\processed\tess\spectrograms\OAF_kite_ps_spec.npy
OAF_knock_ps,ps,0,data\processed\tess\features\OAF_knock_ps_mfcc.npy,data\processed\tess\spectrograms\OAF_knock_ps_spec.npy
OAF_late_ps,ps,0,data\processed\tess\features\OAF_late_ps_mfcc.npy,data\processed\tess\spectrograms\OAF_late_ps_spec.npy
OAF_laud_ps,ps,0,data\processed\tess\features\OAF_laud_ps_mfcc.npy,data\processed\tess\spectrograms\OAF_laud_ps_spec.npy
OAF_lean_ps,ps,0,data\processed\tess\features\OAF_lean_ps_mfcc.npy,data\processed\tess\spectrograms\OAF_lean_ps_spec.npy
OAF_learn_ps,ps,0,data\processed\tess\features\OAF_learn_ps_mfcc.npy,data\processed\tess\spectrograms\OAF_learn_ps_spec.npy
OAF_lease_ps,ps,0,data\processed\tess\features\OAF_lease_ps_mfcc.npy,data\processed\tess\spectrograms\OAF_lease_ps_spec.npy
OAF_lid_ps,ps,0,data\processed\tess\features\OAF_lid_ps_mfcc.npy,data\processed\tess\spectrograms\OAF_lid_ps_spec.npy
OAF_life_ps,ps,0,data\processed\tess\features\OAF_life_ps_mfcc.npy,data\processed\tess\spectrograms\OAF_life_ps_spec.npy
OAF_limb_ps,ps,0,data\processed\tess\features\OAF_limb_ps_mfcc.npy,data\processed\tess\spectrograms\OAF_limb_ps_spec.npy
OAF_live_ps,ps,0,data\processed\tess\features\OAF_live_ps_mfcc.npy,data\processed\tess\spectrograms\OAF_live_ps_spec.npy
OAF_loaf_ps,ps,0,data\processed\tess\features\OAF_loaf_ps_mfcc.npy,data\processed\tess\spectrograms\OAF_loaf_ps_spec.npy
OAF_long_ps,ps,0,data\processed\tess\features\OAF_long_ps_mfcc.npy,data\processed\tess\spectrograms\OAF_long_ps_spec.npy
OAF_lore_ps,ps,0,data\processed\tess\features\OAF_lore_ps_mfcc.npy,data\processed\tess\spectrograms\OAF_lore_ps_spec.npy
OAF_lose_ps,ps,0,data\processed\tess\features\OAF_lose_ps_mfcc.npy,data\processed\tess\spectrograms\OAF_lose_ps_spec.npy
OAF_lot_ps,ps,0,data\processed\tess\features\OAF_lot_ps_mfcc.npy,data\processed\tess\spectrograms\OAF_lot_ps_spec.npy
OAF_love_ps,ps,0,data\processed\tess\features\OAF_love_ps_mfcc.npy,data\processed\tess\spectrograms\OAF_love_ps_spec.npy
OAF_luck_ps,ps,0,data\processed\tess\features\OAF_luck_ps_mfcc.npy,data\processed\tess\spectrograms\OAF_luck_ps_spec.npy
OAF_make_ps,ps,0,data\processed\tess\features\OAF_make_ps_mfcc.npy,data\processed\tess\spectrograms\OAF_make_ps_spec.npy
OAF_match_ps,ps,0,data\processed\tess\features\OAF_match_ps_mfcc.npy,data\processed\tess\spectrograms\OAF_match_ps_spec.npy
OAF_merge_ps,ps,0,data\processed\tess\features\OAF_merge_ps_mfcc.npy,data\processed\tess\spectrograms\OAF_merge_ps_spec.npy
OAF_mess_ps,ps,0,data\processed\tess\features\OAF_mess_ps_mfcc.npy,data\processed\tess\spectrograms\OAF_mess_ps_spec.npy
OAF_met_ps,ps,0,data\processed\tess\features\OAF_met_ps_mfcc.npy,data\processed\tess\spectrograms\OAF_met_ps_spec.npy
OAF_mill_ps,ps,0,data\processed\tess\features\OAF_mill_ps_mfcc.npy,data\processed\tess\spectrograms\OAF_mill_ps_spec.npy
OAF_mob_ps,ps,0,data\processed\tess\features\OAF_mob_ps_mfcc.npy,data\processed\tess\spectrograms\OAF_mob_ps_spec.npy
OAF_mode_ps,ps,0,data\processed\tess\features\OAF_mode_ps_mfcc.npy,data\processed\tess\spectrograms\OAF_mode_ps_spec.npy
OAF_mood_ps,ps,0,data\processed\tess\features\OAF_mood_ps_mfcc.npy,data\processed\tess\spectrograms\OAF_mood_ps_spec.npy
OAF_moon_ps,ps,0,data\processed\tess\features\OAF_moon_ps_mfcc.npy,data\processed\tess\spectrograms\OAF_moon_ps_spec.npy
OAF_mop_ps,ps,0,data\processed\tess\features\OAF_mop_ps_mfcc.npy,data\processed\tess\spectrograms\OAF_mop_ps_spec.npy
OAF_mouse_ps,ps,0,data\processed\tess\features\OAF_mouse_ps_mfcc.npy,data\processed\tess\spectrograms\OAF_mouse_ps_spec.npy
OAF_nag_ps,ps,0,data\processed\tess\features\OAF_nag_ps_mfcc.npy,data\processed\tess\spectrograms\OAF_nag_ps_spec.npy
OAF_name_ps,ps,0,data\processed\tess\features\OAF_name_ps_mfcc.npy,data\processed\tess\spectrograms\OAF_name_ps_spec.npy
OAF_near_ps,ps,0,data\processed\tess\features\OAF_near_ps_mfcc.npy,data\processed\tess\spectrograms\OAF_near_ps_spec.npy
OAF_neat_ps,ps,0,data\processed\tess\features\OAF_neat_ps_mfcc.npy,data\processed\tess\spectrograms\OAF_neat_ps_spec.npy
OAF_nice_ps,ps,0,data\processed\tess\features\OAF_nice_ps_mfcc.npy,data\processed\tess\spectrograms\OAF_nice_ps_spec.npy
OAF_note_ps,ps,0,data\processed\tess\features\OAF_note_ps_mfcc.npy,data\processed\tess\spectrograms\OAF_note_ps_spec.npy
OAF_numb_ps,ps,0,data\processed\tess\features\OAF_numb_ps_mfcc.npy,data\processed\tess\spectrograms\OAF_numb_ps_spec.npy
OAF_pad_ps,ps,0,data\processed\tess\features\OAF_pad_ps_mfcc.npy,data\processed\tess\spectrograms\OAF_pad_ps_spec.npy
OAF_page_ps,ps,0,data\processed\tess\features\OAF_page_ps_mfcc.npy,data\processed\tess\spectrograms\OAF_page_ps_spec.npy
OAF_pain_ps,ps,0,data\processed\tess\features\OAF_pain_ps_mfcc.npy,data\processed\tess\spectrograms\OAF_pain_ps_spec.npy
OAF_pass_ps,ps,0,data\processed\tess\features\OAF_pass_ps_mfcc.npy,data\processed\tess\spectrograms\OAF_pass_ps_spec.npy
OAF_pearl_ps,ps,0,data\processed\tess\features\OAF_pearl_ps_mfcc.npy,data\processed\tess\spectrograms\OAF_pearl_ps_spec.npy
OAF_peg_ps,ps,0,data\processed\tess\features\OAF_peg_ps_mfcc.npy,data\processed\tess\spectrograms\OAF_peg_ps_spec.npy
OAF_perch_ps,ps,0,data\processed\tess\features\OAF_perch_ps_mfcc.npy,data\processed\tess\spectrograms\OAF_perch_ps_spec.npy
OAF_phone_ps,ps,0,data\processed\tess\features\OAF_phone_ps_mfcc.npy,data\processed\tess\spectrograms\OAF_phone_ps_spec.npy
OAF_pick_ps,ps,0,data\processed\tess\features\OAF_pick_ps_mfcc.npy,data\processed\tess\spectrograms\OAF_pick_ps_spec.npy
OAF_pike_ps,ps,0,data\processed\tess\features\OAF_pike_ps_mfcc.npy,data\processed\tess\spectrograms\OAF_pike_ps_spec.npy
OAF_pole_ps,ps,0,data\processed\tess\features\OAF_pole_ps_mfcc.npy,data\processed\tess\spectrograms\OAF_pole_ps_spec.npy
OAF_pool_ps,ps,0,data\processed\tess\features\OAF_pool_ps_mfcc.npy,data\processed\tess\spectrograms\OAF_pool_ps_spec.npy
OAF_puff_ps,ps,0,data\processed\tess\features\OAF_puff_ps_mfcc.npy,data\processed\tess\spectrograms\OAF_puff_ps_spec.npy
OAF_rag_ps,ps,0,data\processed\tess\features\OAF_rag_ps_mfcc.npy,data\processed\tess\spectrograms\OAF_rag_ps_spec.npy
OAF_raid_ps,ps,0,data\processed\tess\features\OAF_raid_ps_mfcc.npy,data\processed\tess\spectrograms\OAF_raid_ps_spec.npy
OAF_rain_ps,ps,0,data\processed\tess\features\OAF_rain_ps_mfcc.npy,data\processed\tess\spectrograms\OAF_rain_ps_spec.npy
OAF_raise_ps,ps,0,data\processed\tess\features\OAF_raise_ps_mfcc.npy,data\processed\tess\spectrograms\OAF_raise_ps_spec.npy
OAF_rat_ps,ps,0,data\processed\tess\features\OAF_rat_ps_mfcc.npy,data\processed\tess\spectrograms\OAF_rat_ps_spec.npy
OAF_reach_ps,ps,0,data\processed\tess\features\OAF_reach_ps_mfcc.npy,data\processed\tess\spectrograms\OAF_reach_ps_spec.npy
OAF_read_ps,ps,0,data\processed\tess\features\OAF_read_ps_mfcc.npy,data\processed\tess\spectrograms\OAF_read_ps_spec.npy
OAF_red_ps,ps,0,data\processed\tess\features\OAF_red_ps_mfcc.npy,data\processed\tess\spectrograms\OAF_red_ps_spec.npy
OAF_ring_ps,ps,0,data\processed\tess\features\OAF_ring_ps_mfcc.npy,data\processed\tess\spectrograms\OAF_ring_ps_spec.npy
OAF_ripe_ps,ps,0,data\processed\tess\features\OAF_ripe_ps_mfcc.npy,data\processed\tess\spectrograms\OAF_ripe_ps_spec.npy
OAF_road_ps,ps,0,data\processed\tess\features\OAF_road_ps_mfcc.npy,data\processed\tess\spectrograms\OAF_road_ps_spec.npy
OAF_room_ps,ps,0,data\processed\tess\features\OAF_room_ps_mfcc.npy,data\processed\tess\spectrograms\OAF_room_ps_spec.npy
OAF_rose_ps,ps,0,data\processed\tess\features\OAF_rose_ps_mfcc.npy,data\processed\tess\spectrograms\OAF_rose_ps_spec.npy
OAF_rot_ps,ps,0,data\processed\tess\features\OAF_rot_ps_mfcc.npy,data\processed\tess\spectrograms\OAF_rot_ps_spec.npy
OAF_rough_ps,ps,0,data\processed\tess\features\OAF_rough_ps_mfcc.npy,data\processed\tess\spectrograms\OAF_rough_ps_spec.npy
OAF_rush_ps,ps,0,data\processed\tess\features\OAF_rush_ps_mfcc.npy,data\processed\tess\spectrograms\OAF_rush_ps_spec.npy
OAF_said_ps,ps,0,data\processed\tess\features\OAF_said_ps_mfcc.npy,data\processed\tess\spectrograms\OAF_said_ps_spec.npy
OAF_sail_ps,ps,0,data\processed\tess\features\OAF_sail_ps_mfcc.npy,data\processed\tess\spectrograms\OAF_sail_ps_spec.npy
OAF_search_ps,ps,0,data\processed\tess\features\OAF_search_ps_mfcc.npy,data\processed\tess\spectrograms\OAF_search_ps_spec.npy
OAF_seize_ps,ps,0,data\processed\tess\features\OAF_seize_ps_mfcc.npy,data\processed\tess\spectrograms\OAF_seize_ps_spec.npy
OAF_sell_ps,ps,0,data\processed\tess\features\OAF_sell_ps_mfcc.npy,data\processed\tess\spectrograms\OAF_sell_ps_spec.npy
OAF_shack_ps,ps,0,data\processed\tess\features\OAF_shack_ps_mfcc.npy,data\processed\tess\spectrograms\OAF_shack_ps_spec.npy
OAF_shall_ps,ps,0,data\processed\tess\features\OAF_shall_ps_mfcc.npy,data\processed\tess\spectrograms\OAF_shall_ps_spec.npy
OAF_shawl_ps,ps,0,data\processed\tess\features\OAF_shawl_ps_mfcc.npy,data\processed\tess\spectrograms\OAF_shawl_ps_spec.npy
OAF_sheep_ps,ps,0,data\processed\tess\features\OAF_sheep_ps_mfcc.npy,data\processed\tess\spectrograms\OAF_sheep_ps_spec.npy
OAF_shirt_ps,ps,0,data\processed\tess\features\OAF_shirt_ps_mfcc.npy,data\processed\tess\spectrograms\OAF_shirt_ps_spec.npy
OAF_should_ps,ps,0,data\processed\tess\features\OAF_should_ps_mfcc.npy,data\processed\tess\spectrograms\OAF_should_ps_spec.npy
OAF_shout_ps,ps,0,data\processed\tess\features\OAF_shout_ps_mfcc.npy,data\processed\tess\spectrograms\OAF_shout_ps_spec.npy
OAF_size_ps,ps,0,data\processed\tess\features\OAF_size_ps_mfcc.npy,data\processed\tess\spectrograms\OAF_size_ps_spec.npy
OAF_soap_ps,ps,0,data\processed\tess\features\OAF_soap_ps_mfcc.npy,data\processed\tess\spectrograms\OAF_soap_ps_spec.npy
OAF_soup_ps,ps,0,data\processed\tess\features\OAF_soup_ps_mfcc.npy,data\processed\tess\spectrograms\OAF_soup_ps_spec.npy
OAF_sour_ps,ps,0,data\processed\tess\features\OAF_sour_ps_mfcc.npy,data\processed\tess\spectrograms\OAF_sour_ps_spec.npy
OAF_south_ps,ps,0,data\processed\tess\features\OAF_south_ps_mfcc.npy,data\processed\tess\spectrograms\OAF_south_ps_spec.npy
OAF_sub_ps,ps,0,data\processed\tess\features\OAF_sub_ps_mfcc.npy,data\processed\tess\spectrograms\OAF_sub_ps_spec.npy
OAF_such_ps,ps,0,data\processed\tess\features\OAF_such_ps_mfcc.npy,data\processed\tess\spectrograms\OAF_such_ps_spec.npy
OAF_sure_ps,ps,0,data\processed\tess\features\OAF_sure_ps_mfcc.npy,data\processed\tess\spectrograms\OAF_sure_ps_spec.npy
OAF_take_ps,ps,0,data\processed\tess\features\OAF_take_ps_mfcc.npy,data\processed\tess\spectrograms\OAF_take_ps_spec.npy
OAF_talk_ps,ps,0,data\processed\tess\features\OAF_talk_ps_mfcc.npy,data\processed\tess\spectrograms\OAF_talk_ps_spec.npy
OAF_tape_ps,ps,0,data\processed\tess\features\OAF_tape_ps_mfcc.npy,data\processed\tess\spectrograms\OAF_tape_ps_spec.npy
OAF_team_ps,ps,0,data\processed\tess\features\OAF_team_ps_mfcc.npy,data\processed\tess\spectrograms\OAF_team_ps_spec.npy
OAF_tell_ps,ps,0,data\processed\tess\features\OAF_tell_ps_mfcc.npy,data\processed\tess\spectrograms\OAF_tell_ps_spec.npy
OAF_thin_ps,ps,0,data\processed\tess\features\OAF_thin_ps_mfcc.npy,data\processed\tess\spectrograms\OAF_thin_ps_spec.npy
OAF_third_ps,ps,0,data\processed\tess\features\OAF_third_ps_mfcc.npy,data\processed\tess\spectrograms\OAF_third_ps_spec.npy
OAF_thought_ps,ps,0,data\processed\tess\features\OAF_thought_ps_mfcc.npy,data\processed\tess\spectrograms\OAF_thought_ps_spec.npy
OAF_thumb_ps,ps,0,data\processed\tess\features\OAF_thumb_ps_mfcc.npy,data\processed\tess\spectrograms\OAF_thumb_ps_spec.npy
OAF_time_ps,ps,0,data\processed\tess\features\OAF_time_ps_mfcc.npy,data\processed\tess\spectrograms\OAF_time_ps_spec.npy
OAF_tip_ps,ps,0,data\processed\tess\features\OAF_tip_ps_mfcc.npy,data\processed\tess\spectrograms\OAF_tip_ps_spec.npy
OAF_tire_ps,ps,0,data\processed\tess\features\OAF_tire_ps_mfcc.npy,data\processed\tess\spectrograms\OAF_tire_ps_spec.npy
OAF_ton_ps,ps,0,data\processed\tess\features\OAF_ton_ps_mfcc.npy,data\processed\tess\spectrograms\OAF_ton_ps_spec.npy
OAF_tool_ps,ps,0,data\processed\tess\features\OAF_tool_ps_mfcc.npy,data\processed\tess\spectrograms\OAF_tool_ps_spec.npy
OAF_tough_ps,ps,0,data\processed\tess\features\OAF_tough_ps_mfcc.npy,data\processed\tess\spectrograms\OAF_tough_ps_spec.npy
OAF_turn_ps,ps,0,data\processed\tess\features\OAF_turn_ps_mfcc.npy,data\processed\tess\spectrograms\OAF_turn_ps_spec.npy
OAF_vine_ps,ps,0,data\processed\tess\features\OAF_vine_ps_mfcc.npy,data\processed\tess\spectrograms\OAF_vine_ps_spec.npy
OAF_voice_ps,ps,0,data\processed\tess\features\OAF_voice_ps_mfcc.npy,data\processed\tess\spectrograms\OAF_voice_ps_spec.npy
OAF_void_ps,ps,0,data\processed\tess\features\OAF_void_ps_mfcc.npy,data\processed\tess\spectrograms\OAF_void_ps_spec.npy
OAF_vote_ps,ps,0,data\processed\tess\features\OAF_vote_ps_mfcc.npy,data\processed\tess\spectrograms\OAF_vote_ps_spec.npy
OAF_wag_ps,ps,0,data\processed\tess\features\OAF_wag_ps_mfcc.npy,data\processed\tess\spectrograms\OAF_wag_ps_spec.npy
OAF_walk_ps,ps,0,data\processed\tess\features\OAF_walk_ps_mfcc.npy,data\processed\tess\spectrograms\OAF_walk_ps_spec.npy
OAF_wash_ps,ps,0,data\processed\tess\features\OAF_wash_ps_mfcc.npy,data\processed\tess\spectrograms\OAF_wash_ps_spec.npy
OAF_week_ps,ps,0,data\processed\tess\features\OAF_week_ps_mfcc.npy,data\processed\tess\spectrograms\OAF_week_ps_spec.npy
OAF_wheat_ps,ps,0,data\processed\tess\features\OAF_wheat_ps_mfcc.npy,data\processed\tess\spectrograms\OAF_wheat_ps_spec.npy
OAF_when_ps,ps,0,data\processed\tess\features\OAF_when_ps_mfcc.npy,data\processed\tess\spectrograms\OAF_when_ps_spec.npy
OAF_which_ps,ps,0,data\processed\tess\features\OAF_which_ps_mfcc.npy,data\processed\tess\spectrograms\OAF_which_ps_spec.npy
OAF_whip_ps,ps,0,data\processed\tess\features\OAF_whip_ps_mfcc.npy,data\processed\tess\spectrograms\OAF_whip_ps_spec.npy
OAF_white_ps,ps,0,data\processed\tess\features\OAF_white_ps_mfcc.npy,data\processed\tess\spectrograms\OAF_white_ps_spec.npy
OAF_wife_ps,ps,0,data\processed\tess\features\OAF_wife_ps_mfcc.npy,data\processed\tess\spectrograms\OAF_wife_ps_spec.npy
OAF_wire_ps,ps,0,data\processed\tess\features\OAF_wire_ps_mfcc.npy,data\processed\tess\spectrograms\OAF_wire_ps_spec.npy
OAF_witch_ps,ps,0,data\processed\tess\features\OAF_witch_ps_mfcc.npy,data\processed\tess\spectrograms\OAF_witch_ps_spec.npy
OAF_yearn_ps,ps,0,data\processed\tess\features\OAF_yearn_ps_mfcc.npy,data\processed\tess\spectrograms\OAF_yearn_ps_spec.npy
OAF_yes_ps,ps,0,data\processed\tess\features\OAF_yes_ps_mfcc.npy,data\processed\tess\spectrograms\OAF_yes_ps_spec.npy
OAF_young_ps,ps,0,data\processed\tess\features\OAF_young_ps_mfcc.npy,data\processed\tess\spectrograms\OAF_young_ps_spec.npy
OAF_youth_ps,ps,0,data\processed\tess\features\OAF_youth_ps_mfcc.npy,data\processed\tess\spectrograms\OAF_youth_ps_spec.npy
OAF_back_sad,sad,1,data\processed\tess\features\OAF_back_sad_mfcc.npy,data\processed\tess\spectrograms\OAF_back_sad_spec.npy
OAF_bar_sad,sad,1,data\processed\tess\features\OAF_bar_sad_mfcc.npy,data\processed\tess\spectrograms\OAF_bar_sad_spec.npy
OAF_base_sad,sad,1,data\processed\tess\features\OAF_base_sad_mfcc.npy,data\processed\tess\spectrograms\OAF_base_sad_spec.npy
OAF_bath_sad,sad,1,data\processed\tess\features\OAF_bath_sad_mfcc.npy,data\processed\tess\spectrograms\OAF_bath_sad_spec.npy
OAF_bean_sad,sad,1,data\processed\tess\features\OAF_bean_sad_mfcc.npy,data\processed\tess\spectrograms\OAF_bean_sad_spec.npy
OAF_beg_sad,sad,1,data\processed\tess\features\OAF_beg_sad_mfcc.npy,data\processed\tess\spectrograms\OAF_beg_sad_spec.npy
OAF_bite_sad,sad,1,data\processed\tess\features\OAF_bite_sad_mfcc.npy,data\processed\tess\spectrograms\OAF_bite_sad_spec.npy
OAF_boat_sad,sad,1,data\processed\tess\features\OAF_boat_sad_mfcc.npy,data\processed\tess\spectrograms\OAF_boat_sad_spec.npy
OAF_bone_sad,sad,1,data\processed\tess\features\OAF_bone_sad_mfcc.npy,data\processed\tess\spectrograms\OAF_bone_sad_spec.npy
OAF_book_sad,sad,1,data\processed\tess\features\OAF_book_sad_mfcc.npy,data\processed\tess\spectrograms\OAF_book_sad_spec.npy
OAF_bought_sad,sad,1,data\processed\tess\features\OAF_bought_sad_mfcc.npy,data\processed\tess\spectrograms\OAF_bought_sad_spec.npy
OAF_burn_sad,sad,1,data\processed\tess\features\OAF_burn_sad_mfcc.npy,data\processed\tess\spectrograms\OAF_burn_sad_spec.npy
OAF_cab_sad,sad,1,data\processed\tess\features\OAF_cab_sad_mfcc.npy,data\processed\tess\spectrograms\OAF_cab_sad_spec.npy
OAF_calm_sad,sad,1,data\processed\tess\features\OAF_calm_sad_mfcc.npy,data\processed\tess\spectrograms\OAF_calm_sad_spec.npy
OAF_came_sad,sad,1,data\processed\tess\features\OAF_came_sad_mfcc.npy,data\processed\tess\spectrograms\OAF_came_sad_spec.npy
OAF_cause_sad,sad,1,data\processed\tess\features\OAF_cause_sad_mfcc.npy,data\processed\tess\spectrograms\OAF_cause_sad_spec.npy
OAF_chain_sad,sad,1,data\processed\tess\features\OAF_chain_sad_mfcc.npy,data\processed\tess\spectrograms\OAF_chain_sad_spec.npy
OAF_chair_sad,sad,1,data\processed\tess\features\OAF_chair_sad_mfcc.npy,data\processed\tess\spectrograms\OAF_chair_sad_spec.npy
OAF_chalk_sad,sad,1,data\processed\tess\features\OAF_chalk_sad_mfcc.npy,data\processed\tess\spectrograms\OAF_chalk_sad_spec.npy
OAF_chat_sad,sad,1,data\processed\tess\features\OAF_chat_sad_mfcc.npy,data\processed\tess\spectrograms\OAF_chat_sad_spec.npy
OAF_check_sad,sad,1,data\processed\tess\features\OAF_check_sad_mfcc.npy,data\processed\tess\spectrograms\OAF_check_sad_spec.npy
OAF_cheek_sad,sad,1,data\processed\tess\features\OAF_cheek_sad_mfcc.npy,data\processed\tess\spectrograms\OAF_cheek_sad_spec.npy
OAF_chief_sad,sad,1,data\processed\tess\features\OAF_chief_sad_mfcc.npy,data\processed\tess\spectrograms\OAF_chief_sad_spec.npy
OAF_choice_sad,sad,1,data\processed\tess\features\OAF_choice_sad_mfcc.npy,data\processed\tess\spectrograms\OAF_choice_sad_spec.npy
OAF_cool_sad,sad,1,data\processed\tess\features\OAF_cool_sad_mfcc.npy,data\processed\tess\spectrograms\OAF_cool_sad_spec.npy
OAF_dab_sad,sad,1,data\processed\tess\features\OAF_dab_sad_mfcc.npy,data\processed\tess\spectrograms\OAF_dab_sad_spec.npy
OAF_date_sad,sad,1,data\processed\tess\features\OAF_date_sad_mfcc.npy,data\processed\tess\spectrograms\OAF_date_sad_spec.npy
OAF_dead_sad,sad,1,data\processed\tess\features\OAF_dead_sad_mfcc.npy,data\processed\tess\spectrograms\OAF_dead_sad_spec.npy
OAF_death_sad,sad,1,data\processed\tess\features\OAF_death_sad_mfcc.npy,data\processed\tess\spectrograms\OAF_death_sad_spec.npy
OAF_deep_sad,sad,1,data\processed\tess\features\OAF_deep_sad_mfcc.npy,data\processed\tess\spectrograms\OAF_deep_sad_spec.npy
OAF_dime_sad,sad,1,data\processed\tess\features\OAF_dime_sad_mfcc.npy,data\processed\tess\spectrograms\OAF_dime_sad_spec.npy
OAF_dip_sad,sad,1,data\processed\tess\features\OAF_dip_sad_mfcc.npy,data\processed\tess\spectrograms\OAF_dip_sad_spec.npy
OAF_ditch_sad,sad,1,data\processed\tess\features\OAF_ditch_sad_mfcc.npy,data\processed\tess\spectrograms\OAF_ditch_sad_spec.npy
OAF_dodge_sad,sad,1,data\processed\tess\features\OAF_dodge_sad_mfcc.npy,data\processed\tess\spectrograms\OAF_dodge_sad_spec.npy
OAF_dog_sad,sad,1,data\processed\tess\features\OAF_dog_sad_mfcc.npy,data\processed\tess\spectrograms\OAF_dog_sad_spec.npy
OAF_doll_sad,sad,1,data\processed\tess\features\OAF_doll_sad_mfcc.npy,data\processed\tess\spectrograms\OAF_doll_sad_spec.npy
OAF_door_sad,sad,1,data\processed\tess\features\OAF_door_sad_mfcc.npy,data\processed\tess\spectrograms\OAF_door_sad_spec.npy
OAF_fail_sad,sad,1,data\processed\tess\features\OAF_fail_sad_mfcc.npy,data\processed\tess\spectrograms\OAF_fail_sad_spec.npy
OAF_fall_sad,sad,1,data\processed\tess\features\OAF_fall_sad_mfcc.npy,data\processed\tess\spectrograms\OAF_fall_sad_spec.npy
OAF_far_sad,sad,1,data\processed\tess\features\OAF_far_sad_mfcc.npy,data\processed\tess\spectrograms\OAF_far_sad_spec.npy
OAF_fat_sad,sad,1,data\processed\tess\features\OAF_fat_sad_mfcc.npy,data\processed\tess\spectrograms\OAF_fat_sad_spec.npy
OAF_fit_sad,sad,1,data\processed\tess\features\OAF_fit_sad_mfcc.npy,data\processed\tess\spectrograms\OAF_fit_sad_spec.npy
OAF_five_sad,sad,1,data\processed\tess\features\OAF_five_sad_mfcc.npy,data\processed\tess\spectrograms\OAF_five_sad_spec.npy
OAF_food_sad,sad,1,data\processed\tess\features\OAF_food_sad_mfcc.npy,data\processed\tess\spectrograms\OAF_food_sad_spec.npy
OAF_gap_sad,sad,1,data\processed\tess\features\OAF_gap_sad_mfcc.npy,data\processed\tess\spectrograms\OAF_gap_sad_spec.npy
OAF_gas_sad,sad,1,data\processed\tess\features\OAF_gas_sad_mfcc.npy,data\processed\tess\spectrograms\OAF_gas_sad_spec.npy
OAF_gaze_sad,sad,1,data\processed\tess\features\OAF_gaze_sad_mfcc.npy,data\processed\tess\spectrograms\OAF_gaze_sad_spec.npy
OAF_germ_sad,sad,1,data\processed\tess\features\OAF_germ_sad_mfcc.npy,data\processed\tess\spectrograms\OAF_germ_sad_spec.npy
OAF_get_sad,sad,1,data\processed\tess\features\OAF_get_sad_mfcc.npy,data\processed\tess\spectrograms\OAF_get_sad_spec.npy
OAF_gin_sad,sad,1,data\processed\tess\features\OAF_gin_sad_mfcc.npy,data\processed\tess\spectrograms\OAF_gin_sad_spec.npy
OAF_goal_sad,sad,1,data\processed\tess\features\OAF_goal_sad_mfcc.npy,data\processed\tess\spectrograms\OAF_goal_sad_spec.npy
OAF_good_sad,sad,1,data\processed\tess\features\OAF_good_sad_mfcc.npy,data\processed\tess\spectrograms\OAF_good_sad_spec.npy
OAF_goose_sad,sad,1,data\processed\tess\features\OAF_goose_sad_mfcc.npy,data\processed\tess\spectrograms\OAF_goose_sad_spec.npy
OAF_gun_sad,sad,1,data\processed\tess\features\OAF_gun_sad_mfcc.npy,data\processed\tess\spectrograms\OAF_gun_sad_spec.npy
OAF_half_sad,sad,1,data\processed\tess\features\OAF_half_sad_mfcc.npy,data\processed\tess\spectrograms\OAF_half_sad_spec.npy
OAF_hall_sad,sad,1,data\processed\tess\features\OAF_hall_sad_mfcc.npy,data\processed\tess\spectrograms\OAF_hall_sad_spec.npy
OAF_hash_sad,sad,1,data\processed\tess\features\OAF_hash_sad_mfcc.npy,data\processed\tess\spectrograms\OAF_hash_sad_spec.npy
OAF_hate_sad,sad,1,data\processed\tess\features\OAF_hate_sad_mfcc.npy,data\processed\tess\spectrograms\OAF_hate_sad_spec.npy
OAF_have_sad,sad,1,data\processed\tess\features\OAF_have_sad_mfcc.npy,data\processed\tess\spectrograms\OAF_have_sad_spec.npy
OAF_haze_sad,sad,1,data\processed\tess\features\OAF_haze_sad_mfcc.npy,data\processed\tess\spectrograms\OAF_haze_sad_spec.npy
OAF_hire_sad,sad,1,data\processed\tess\features\OAF_hire_sad_mfcc.npy,data\processed\tess\spectrograms\OAF_hire_sad_spec.npy
OAF_hit_sad,sad,1,data\processed\tess\features\OAF_hit_sad_mfcc.npy,data\processed\tess\spectrograms\OAF_hit_sad_spec.npy
OAF_hole_sad,sad,1,data\processed\tess\features\OAF_hole_sad_mfcc.npy,data\processed\tess\spectrograms\OAF_hole_sad_spec.npy
OAF_home_sad,sad,1,data\processed\tess\features\OAF_home_sad_mfcc.npy,data\processed\tess\spectrograms\OAF_home_sad_spec.npy
OAF_hurl_sad,sad,1,data\processed\tess\features\OAF_hurl_sad_mfcc.npy,data\processed\tess\spectrograms\OAF_hurl_sad_spec.npy
OAF_hush_sad,sad,1,data\processed\tess\features\OAF_hush_sad_mfcc.npy,data\processed\tess\spectrograms\OAF_hush_sad_spec.npy
OAF_jail_sad,sad,1,data\processed\tess\features\OAF_jail_sad_mfcc.npy,data\processed\tess\spectrograms\OAF_jail_sad_spec.npy
OAF_jar_sad,sad,1,data\processed\tess\features\OAF_jar_sad_mfcc.npy,data\processed\tess\spectrograms\OAF_jar_sad_spec.npy
OAF_join_sad,sad,1,data\processed\tess\features\OAF_join_sad_mfcc.npy,data\processed\tess\spectrograms\OAF_join_sad_spec.npy
OAF_judge_sad,sad,1,data\processed\tess\features\OAF_judge_sad_mfcc.npy,data\processed\tess\spectrograms\OAF_judge_sad_spec.npy
OAF_jug_sad,sad,1,data\processed\tess\features\OAF_jug_sad_mfcc.npy,data\processed\tess\spectrograms\OAF_jug_sad_spec.npy
OAF_juice_sad,sad,1,data\processed\tess\features\OAF_juice_sad_mfcc.npy,data\processed\tess\spectrograms\OAF_juice_sad_spec.npy
OAF_keen_sad,sad,1,data\processed\tess\features\OAF_keen_sad_mfcc.npy,data\processed\tess\spectrograms\OAF_keen_sad_spec.npy
OAF_keep_sad,sad,1,data\processed\tess\features\OAF_keep_sad_mfcc.npy,data\processed\tess\spectrograms\OAF_keep_sad_spec.npy
OAF_keg_sad,sad,1,data\processed\tess\features\OAF_keg_sad_mfcc.npy,data\processed\tess\spectrograms\OAF_keg_sad_spec.npy
OAF_kick_sad,sad,1,data\processed\tess\features\OAF_kick_sad_mfcc.npy,data\processed\tess\spectrograms\OAF_kick_sad_spec.npy
OAF_kill_sad,sad,1,data\processed\tess\features\OAF_kill_sad_mfcc.npy,data\processed\tess\spectrograms\OAF_kill_sad_spec.npy
OAF_king_sad,sad,1,data\processed\tess\features\OAF_king_sad_mfcc.npy,data\processed\tess\spectrograms\OAF_king_sad_spec.npy
OAF_kite_sad,sad,1,data\processed\tess\features\OAF_kite_sad_mfcc.npy,data\processed\tess\spectrograms\OAF_kite_sad_spec.npy
OAF_knock_sad,sad,1,data\processed\tess\features\OAF_knock_sad_mfcc.npy,data\processed\tess\spectrograms\OAF_knock_sad_spec.npy
OAF_late_sad,sad,1,data\processed\tess\features\OAF_late_sad_mfcc.npy,data\processed\tess\spectrograms\OAF_late_sad_spec.npy
OAF_laud_sad,sad,1,data\processed\tess\features\OAF_laud_sad_mfcc.npy,data\processed\tess\spectrograms\OAF_laud_sad_spec.npy
OAF_lean_sad,sad,1,data\processed\tess\features\OAF_lean_sad_mfcc.npy,data\processed\tess\spectrograms\OAF_lean_sad_spec.npy
OAF_learn_sad,sad,1,data\processed\tess\features\OAF_learn_sad_mfcc.npy,data\processed\tess\spectrograms\OAF_learn_sad_spec.npy
OAF_lease_sad,sad,1,data\processed\tess\features\OAF_lease_sad_mfcc.npy,data\processed\tess\spectrograms\OAF_lease_sad_spec.npy
OAF_lid_sad,sad,1,data\processed\tess\features\OAF_lid_sad_mfcc.npy,data\processed\tess\spectrograms\OAF_lid_sad_spec.npy
OAF_life_sad,sad,1,data\processed\tess\features\OAF_life_sad_mfcc.npy,data\processed\tess\spectrograms\OAF_life_sad_spec.npy
OAF_limb_sad,sad,1,data\processed\tess\features\OAF_limb_sad_mfcc.npy,data\processed\tess\spectrograms\OAF_limb_sad_spec.npy
OAF_live_sad,sad,1,data\processed\tess\features\OAF_live_sad_mfcc.npy,data\processed\tess\spectrograms\OAF_live_sad_spec.npy
OAF_loaf_sad,sad,1,data\processed\tess\features\OAF_loaf_sad_mfcc.npy,data\processed\tess\spectrograms\OAF_loaf_sad_spec.npy
OAF_long_sad,sad,1,data\processed\tess\features\OAF_long_sad_mfcc.npy,data\processed\tess\spectrograms\OAF_long_sad_spec.npy
OAF_lore_sad,sad,1,data\processed\tess\features\OAF_lore_sad_mfcc.npy,data\processed\tess\spectrograms\OAF_lore_sad_spec.npy
OAF_lose_sad,sad,1,data\processed\tess\features\OAF_lose_sad_mfcc.npy,data\processed\tess\spectrograms\OAF_lose_sad_spec.npy
OAF_lot_sad,sad,1,data\processed\tess\features\OAF_lot_sad_mfcc.npy,data\processed\tess\spectrograms\OAF_lot_sad_spec.npy
OAF_love_sad,sad,1,data\processed\tess\features\OAF_love_sad_mfcc.npy,data\processed\tess\spectrograms\OAF_love_sad_spec.npy
OAF_luck_sad,sad,1,data\processed\tess\features\OAF_luck_sad_mfcc.npy,data\processed\tess\spectrograms\OAF_luck_sad_spec.npy
OAF_make_sad,sad,1,data\processed\tess\features\OAF_make_sad_mfcc.npy,data\processed\tess\spectrograms\OAF_make_sad_spec.npy
OAF_match_sad,sad,1,data\processed\tess\features\OAF_match_sad_mfcc.npy,data\processed\tess\spectrograms\OAF_match_sad_spec.npy
OAF_merge_sad,sad,1,data\processed\tess\features\OAF_merge_sad_mfcc.npy,data\processed\tess\spectrograms\OAF_merge_sad_spec.npy
OAF_mess_sad,sad,1,data\processed\tess\features\OAF_mess_sad_mfcc.npy,data\processed\tess\spectrograms\OAF_mess_sad_spec.npy
OAF_met_sad,sad,1,data\processed\tess\features\OAF_met_sad_mfcc.npy,data\processed\tess\spectrograms\OAF_met_sad_spec.npy
OAF_mill_sad,sad,1,data\processed\tess\features\OAF_mill_sad_mfcc.npy,data\processed\tess\spectrograms\OAF_mill_sad_spec.npy
OAF_mob_sad,sad,1,data\processed\tess\features\OAF_mob_sad_mfcc.npy,data\processed\tess\spectrograms\OAF_mob_sad_spec.npy
OAF_mode_sad,sad,1,data\processed\tess\features\OAF_mode_sad_mfcc.npy,data\processed\tess\spectrograms\OAF_mode_sad_spec.npy
OAF_mood_sad,sad,1,data\processed\tess\features\OAF_mood_sad_mfcc.npy,data\processed\tess\spectrograms\OAF_mood_sad_spec.npy
OAF_moon_sad,sad,1,data\processed\tess\features\OAF_moon_sad_mfcc.npy,data\processed\tess\spectrograms\OAF_moon_sad_spec.npy
OAF_mop_sad,sad,1,data\processed\tess\features\OAF_mop_sad_mfcc.npy,data\processed\tess\spectrograms\OAF_mop_sad_spec.npy
OAF_mouse_sad,sad,1,data\processed\tess\features\OAF_mouse_sad_mfcc.npy,data\processed\tess\spectrograms\OAF_mouse_sad_spec.npy
OAF_nag_sad,sad,1,data\processed\tess\features\OAF_nag_sad_mfcc.npy,data\processed\tess\spectrograms\OAF_nag_sad_spec.npy
OAF_name_sad,sad,1,data\processed\tess\features\OAF_name_sad_mfcc.npy,data\processed\tess\spectrograms\OAF_name_sad_spec.npy
OAF_near_sad,sad,1,data\processed\tess\features\OAF_near_sad_mfcc.npy,data\processed\tess\spectrograms\OAF_near_sad_spec.npy
OAF_neat_sad,sad,1,data\processed\tess\features\OAF_neat_sad_mfcc.npy,data\processed\tess\spectrograms\OAF_neat_sad_spec.npy
OAF_nice_sad,sad,1,data\processed\tess\features\OAF_nice_sad_mfcc.npy,data\processed\tess\spectrograms\OAF_nice_sad_spec.npy
OAF_note_sad,sad,1,data\processed\tess\features\OAF_note_sad_mfcc.npy,data\processed\tess\spectrograms\OAF_note_sad_spec.npy
OAF_numb_sad,sad,1,data\processed\tess\features\OAF_numb_sad_mfcc.npy,data\processed\tess\spectrograms\OAF_numb_sad_spec.npy
OAF_pad_sad,sad,1,data\processed\tess\features\OAF_pad_sad_mfcc.npy,data\processed\tess\spectrograms\OAF_pad_sad_spec.npy
OAF_page_sad,sad,1,data\processed\tess\features\OAF_page_sad_mfcc.npy,data\processed\tess\spectrograms\OAF_page_sad_spec.npy
OAF_pain_sad,sad,1,data\processed\tess\features\OAF_pain_sad_mfcc.npy,data\processed\tess\spectrograms\OAF_pain_sad_spec.npy
OAF_pass_sad,sad,1,data\processed\tess\features\OAF_pass_sad_mfcc.npy,data\processed\tess\spectrograms\OAF_pass_sad_spec.npy
OAF_pearl_sad,sad,1,data\processed\tess\features\OAF_pearl_sad_mfcc.npy,data\processed\tess\spectrograms\OAF_pearl_sad_spec.npy
OAF_peg_sad,sad,1,data\processed\tess\features\OAF_peg_sad_mfcc.npy,data\processed\tess\spectrograms\OAF_peg_sad_spec.npy
OAF_perch_sad,sad,1,data\processed\tess\features\OAF_perch_sad_mfcc.npy,data\processed\tess\spectrograms\OAF_perch_sad_spec.npy
OAF_phone_sad,sad,1,data\processed\tess\features\OAF_phone_sad_mfcc.npy,data\processed\tess\spectrograms\OAF_phone_sad_spec.npy
OAF_pick_sad,sad,1,data\processed\tess\features\OAF_pick_sad_mfcc.npy,data\processed\tess\spectrograms\OAF_pick_sad_spec.npy
OAF_pike_sad,sad,1,data\processed\tess\features\OAF_pike_sad_mfcc.npy,data\processed\tess\spectrograms\OAF_pike_sad_spec.npy
OAF_pole_sad,sad,1,data\processed\tess\features\OAF_pole_sad_mfcc.npy,data\processed\tess\spectrograms\OAF_pole_sad_spec.npy
OAF_pool_sad,sad,1,data\processed\tess\features\OAF_pool_sad_mfcc.npy,data\processed\tess\spectrograms\OAF_pool_sad_spec.npy
OAF_puff_sad,sad,1,data\processed\tess\features\OAF_puff_sad_mfcc.npy,data\processed\tess\spectrograms\OAF_puff_sad_spec.npy
OAF_rag_sad,sad,1,data\processed\tess\features\OAF_rag_sad_mfcc.npy,data\processed\tess\spectrograms\OAF_rag_sad_spec.npy
OAF_raid_sad,sad,1,data\processed\tess\features\OAF_raid_sad_mfcc.npy,data\processed\tess\spectrograms\OAF_raid_sad_spec.npy
OAF_rain_sad,sad,1,data\processed\tess\features\OAF_rain_sad_mfcc.npy,data\processed\tess\spectrograms\OAF_rain_sad_spec.npy
OAF_raise_sad,sad,1,data\processed\tess\features\OAF_raise_sad_mfcc.npy,data\processed\tess\spectrograms\OAF_raise_sad_spec.npy
OAF_rat_sad,sad,1,data\processed\tess\features\OAF_rat_sad_mfcc.npy,data\processed\tess\spectrograms\OAF_rat_sad_spec.npy
OAF_reach_sad,sad,1,data\processed\tess\features\OAF_reach_sad_mfcc.npy,data\processed\tess\spectrograms\OAF_reach_sad_spec.npy
OAF_read_sad,sad,1,data\processed\tess\features\OAF_read_sad_mfcc.npy,data\processed\tess\spectrograms\OAF_read_sad_spec.npy
OAF_red_sad,sad,1,data\processed\tess\features\OAF_red_sad_mfcc.npy,data\processed\tess\spectrograms\OAF_red_sad_spec.npy
OAF_ring_sad,sad,1,data\processed\tess\features\OAF_ring_sad_mfcc.npy,data\processed\tess\spectrograms\OAF_ring_sad_spec.npy
OAF_ripe_sad,sad,1,data\processed\tess\features\OAF_ripe_sad_mfcc.npy,data\processed\tess\spectrograms\OAF_ripe_sad_spec.npy
OAF_road_sad,sad,1,data\processed\tess\features\OAF_road_sad_mfcc.npy,data\processed\tess\spectrograms\OAF_road_sad_spec.npy
OAF_room_sad,sad,1,data\processed\tess\features\OAF_room_sad_mfcc.npy,data\processed\tess\spectrograms\OAF_room_sad_spec.npy
OAF_rose_sad,sad,1,data\processed\tess\features\OAF_rose_sad_mfcc.npy,data\processed\tess\spectrograms\OAF_rose_sad_spec.npy
OAF_rot_sad,sad,1,data\processed\tess\features\OAF_rot_sad_mfcc.npy,data\processed\tess\spectrograms\OAF_rot_sad_spec.npy
OAF_rough_sad,sad,1,data\processed\tess\features\OAF_rough_sad_mfcc.npy,data\processed\tess\spectrograms\OAF_rough_sad_spec.npy
OAF_rush_sad,sad,1,data\processed\tess\features\OAF_rush_sad_mfcc.npy,data\processed\tess\spectrograms\OAF_rush_sad_spec.npy
OAF_said_sad,sad,1,data\processed\tess\features\OAF_said_sad_mfcc.npy,data\processed\tess\spectrograms\OAF_said_sad_spec.npy
OAF_sail_sad,sad,1,data\processed\tess\features\OAF_sail_sad_mfcc.npy,data\processed\tess\spectrograms\OAF_sail_sad_spec.npy
OAF_search_sad,sad,1,data\processed\tess\features\OAF_search_sad_mfcc.npy,data\processed\tess\spectrograms\OAF_search_sad_spec.npy
OAF_seize_sad,sad,1,data\processed\tess\features\OAF_seize_sad_mfcc.npy,data\processed\tess\spectrograms\OAF_seize_sad_spec.npy
OAF_sell_sad,sad,1,data\processed\tess\features\OAF_sell_sad_mfcc.npy,data\processed\tess\spectrograms\OAF_sell_sad_spec.npy
OAF_shack_sad,sad,1,data\processed\tess\features\OAF_shack_sad_mfcc.npy,data\processed\tess\spectrograms\OAF_shack_sad_spec.npy
OAF_shall_sad,sad,1,data\processed\tess\features\OAF_shall_sad_mfcc.npy,data\processed\tess\spectrograms\OAF_shall_sad_spec.npy
OAF_shawl_sad,sad,1,data\processed\tess\features\OAF_shawl_sad_mfcc.npy,data\processed\tess\spectrograms\OAF_shawl_sad_spec.npy
OAF_sheep_sad,sad,1,data\processed\tess\features\OAF_sheep_sad_mfcc.npy,data\processed\tess\spectrograms\OAF_sheep_sad_spec.npy
OAF_shirt_sad,sad,1,data\processed\tess\features\OAF_shirt_sad_mfcc.npy,data\processed\tess\spectrograms\OAF_shirt_sad_spec.npy
OAF_should_sad,sad,1,data\processed\tess\features\OAF_should_sad_mfcc.npy,data\processed\tess\spectrograms\OAF_should_sad_spec.npy
OAF_shout_sad,sad,1,data\processed\tess\features\OAF_shout_sad_mfcc.npy,data\processed\tess\spectrograms\OAF_shout_sad_spec.npy
OAF_size_sad,sad,1,data\processed\tess\features\OAF_size_sad_mfcc.npy,data\processed\tess\spectrograms\OAF_size_sad_spec.npy
OAF_soap_sad,sad,1,data\processed\tess\features\OAF_soap_sad_mfcc.npy,data\processed\tess\spectrograms\OAF_soap_sad_spec.npy
OAF_soup_sad,sad,1,data\processed\tess\features\OAF_soup_sad_mfcc.npy,data\processed\tess\spectrograms\OAF_soup_sad_spec.npy
OAF_sour_sad,sad,1,data\processed\tess\features\OAF_sour_sad_mfcc.npy,data\processed\tess\spectrograms\OAF_sour_sad_spec.npy
OAF_south_sad,sad,1,data\processed\tess\features\OAF_south_sad_mfcc.npy,data\processed\tess\spectrograms\OAF_south_sad_spec.npy
OAF_sub_sad,sad,1,data\processed\tess\features\OAF_sub_sad_mfcc.npy,data\processed\tess\spectrograms\OAF_sub_sad_spec.npy
OAF_such_sad,sad,1,data\processed\tess\features\OAF_such_sad_mfcc.npy,data\processed\tess\spectrograms\OAF_such_sad_spec.npy
OAF_sure_sad,sad,1,data\processed\tess\features\OAF_sure_sad_mfcc.npy,data\processed\tess\spectrograms\OAF_sure_sad_spec.npy
OAF_take_sad,sad,1,data\processed\tess\features\OAF_take_sad_mfcc.npy,data\processed\tess\spectrograms\OAF_take_sad_spec.npy
OAF_talk_sad,sad,1,data\processed\tess\features\OAF_talk_sad_mfcc.npy,data\processed\tess\spectrograms\OAF_talk_sad_spec.npy
OAF_tape_sad,sad,1,data\processed\tess\features\OAF_tape_sad_mfcc.npy,data\processed\tess\spectrograms\OAF_tape_sad_spec.npy
OAF_team_sad,sad,1,data\processed\tess\features\OAF_team_sad_mfcc.npy,data\processed\tess\spectrograms\OAF_team_sad_spec.npy
OAF_tell_sad,sad,1,data\processed\tess\features\OAF_tell_sad_mfcc.npy,data\processed\tess\spectrograms\OAF_tell_sad_spec.npy
OAF_thin_sad,sad,1,data\processed\tess\features\OAF_thin_sad_mfcc.npy,data\processed\tess\spectrograms\OAF_thin_sad_spec.npy
OAF_third_sad,sad,1,data\processed\tess\features\OAF_third_sad_mfcc.npy,data\processed\tess\spectrograms\OAF_third_sad_spec.npy
OAF_thought_sad,sad,1,data\processed\tess\features\OAF_thought_sad_mfcc.npy,data\processed\tess\spectrograms\OAF_thought_sad_spec.npy
OAF_thumb_sad,sad,1,data\processed\tess\features\OAF_thumb_sad_mfcc.npy,data\processed\tess\spectrograms\OAF_thumb_sad_spec.npy
OAF_time_sad,sad,1,data\processed\tess\features\OAF_time_sad_mfcc.npy,data\processed\tess\spectrograms\OAF_time_sad_spec.npy
OAF_tip_sad,sad,1,data\processed\tess\features\OAF_tip_sad_mfcc.npy,data\processed\tess\spectrograms\OAF_tip_sad_spec.npy
OAF_tire_sad,sad,1,data\processed\tess\features\OAF_tire_sad_mfcc.npy,data\processed\tess\spectrograms\OAF_tire_sad_spec.npy
OAF_ton_sad,sad,1,data\processed\tess\features\OAF_ton_sad_mfcc.npy,data\processed\tess\spectrograms\OAF_ton_sad_spec.npy
OAF_tool_sad,sad,1,data\processed\tess\features\OAF_tool_sad_mfcc.npy,data\processed\tess\spectrograms\OAF_tool_sad_spec.npy
OAF_tough_sad,sad,1,data\processed\tess\features\OAF_tough_sad_mfcc.npy,data\processed\tess\spectrograms\OAF_tough_sad_spec.npy
OAF_turn_sad,sad,1,data\processed\tess\features\OAF_turn_sad_mfcc.npy,data\processed\tess\spectrograms\OAF_turn_sad_spec.npy
OAF_vine_sad,sad,1,data\processed\tess\features\OAF_vine_sad_mfcc.npy,data\processed\tess\spectrograms\OAF_vine_sad_spec.npy
OAF_voice_sad,sad,1,data\processed\tess\features\OAF_voice_sad_mfcc.npy,data\processed\tess\spectrograms\OAF_voice_sad_spec.npy
OAF_void_sad,sad,1,data\processed\tess\features\OAF_void_sad_mfcc.npy,data\processed\tess\spectrograms\OAF_void_sad_spec.npy
OAF_vote_sad,sad,1,data\processed\tess\features\OAF_vote_sad_mfcc.npy,data\processed\tess\spectrograms\OAF_vote_sad_spec.npy
OAF_wag_sad,sad,1,data\processed\tess\features\OAF_wag_sad_mfcc.npy,data\processed\tess\spectrograms\OAF_wag_sad_spec.npy
OAF_walk_sad,sad,1,data\processed\tess\features\OAF_walk_sad_mfcc.npy,data\processed\tess\spectrograms\OAF_walk_sad_spec.npy
OAF_wash_sad,sad,1,data\processed\tess\features\OAF_wash_sad_mfcc.npy,data\processed\tess\spectrograms\OAF_wash_sad_spec.npy
OAF_week_sad,sad,1,data\processed\tess\features\OAF_week_sad_mfcc.npy,data\processed\tess\spectrograms\OAF_week_sad_spec.npy
OAF_wheat_sad,sad,1,data\processed\tess\features\OAF_wheat_sad_mfcc.npy,data\processed\tess\spectrograms\OAF_wheat_sad_spec.npy
OAF_when_sad,sad,1,data\processed\tess\features\OAF_when_sad_mfcc.npy,data\processed\tess\spectrograms\OAF_when_sad_spec.npy
OAF_which_sad,sad,1,data\processed\tess\features\OAF_which_sad_mfcc.npy,data\processed\tess\spectrograms\OAF_which_sad_spec.npy
OAF_whip_sad,sad,1,data\processed\tess\features\OAF_whip_sad_mfcc.npy,data\processed\tess\spectrograms\OAF_whip_sad_spec.npy
OAF_white_sad,sad,1,data\processed\tess\features\OAF_white_sad_mfcc.npy,data\processed\tess\spectrograms\OAF_white_sad_spec.npy
OAF_wife_sad,sad,1,data\processed\tess\features\OAF_wife_sad_mfcc.npy,data\processed\tess\spectrograms\OAF_wife_sad_spec.npy
OAF_wire_sad,sad,1,data\processed\tess\features\OAF_wire_sad_mfcc.npy,data\processed\tess\spectrograms\OAF_wire_sad_spec.npy
OAF_witch_sad,sad,1,data\processed\tess\features\OAF_witch_sad_mfcc.npy,data\processed\tess\spectrograms\OAF_witch_sad_spec.npy
OAF_yearn_sad,sad,1,data\processed\tess\features\OAF_yearn_sad_mfcc.npy,data\processed\tess\spectrograms\OAF_yearn_sad_spec.npy
OAF_yes_sad,sad,1,data\processed\tess\features\OAF_yes_sad_mfcc.npy,data\processed\tess\spectrograms\OAF_yes_sad_spec.npy
OAF_young_sad,sad,1,data\processed\tess\features\OAF_young_sad_mfcc.npy,data\processed\tess\spectrograms\OAF_young_sad_spec.npy
OAF_youth_sad,sad,1,data\processed\tess\features\OAF_youth_sad_mfcc.npy,data\processed\tess\spectrograms\OAF_youth_sad_spec.npy
YAF_back_angry,angry,1,data\processed\tess\features\YAF_back_angry_mfcc.npy,data\processed\tess\spectrograms\YAF_back_angry_spec.npy
YAF_bar_angry,angry,1,data\processed\tess\features\YAF_bar_angry_mfcc.npy,data\processed\tess\spectrograms\YAF_bar_angry_spec.npy
YAF_base_angry,angry,1,data\processed\tess\features\YAF_base_angry_mfcc.npy,data\processed\tess\spectrograms\YAF_base_angry_spec.npy
YAF_bath_angry,angry,1,data\processed\tess\features\YAF_bath_angry_mfcc.npy,data\processed\tess\spectrograms\YAF_bath_angry_spec.npy
YAF_bean_angry,angry,1,data\processed\tess\features\YAF_bean_angry_mfcc.npy,data\processed\tess\spectrograms\YAF_bean_angry_spec.npy
YAF_beg_angry,angry,1,data\processed\tess\features\YAF_beg_angry_mfcc.npy,data\processed\tess\spectrograms\YAF_beg_angry_spec.npy
YAF_bite_angry,angry,1,data\processed\tess\features\YAF_bite_angry_mfcc.npy,data\processed\tess\spectrograms\YAF_bite_angry_spec.npy
YAF_boat_angry,angry,1,data\processed\tess\features\YAF_boat_angry_mfcc.npy,data\processed\tess\spectrograms\YAF_boat_angry_spec.npy
YAF_bone_angry,angry,1,data\processed\tess\features\YAF_bone_angry_mfcc.npy,data\processed\tess\spectrograms\YAF_bone_angry_spec.npy
YAF_book_angry,angry,1,data\processed\tess\features\YAF_book_angry_mfcc.npy,data\processed\tess\spectrograms\YAF_book_angry_spec.npy
YAF_bought_angry,angry,1,data\processed\tess\features\YAF_bought_angry_mfcc.npy,data\processed\tess\spectrograms\YAF_bought_angry_spec.npy
YAF_burn_angry,angry,1,data\processed\tess\features\YAF_burn_angry_mfcc.npy,data\processed\tess\spectrograms\YAF_burn_angry_spec.npy
YAF_cab_angry,angry,1,data\processed\tess\features\YAF_cab_angry_mfcc.npy,data\processed\tess\spectrograms\YAF_cab_angry_spec.npy
YAF_calm_angry,angry,1,data\processed\tess\features\YAF_calm_angry_mfcc.npy,data\processed\tess\spectrograms\YAF_calm_angry_spec.npy
YAF_came_angry,angry,1,data\processed\tess\features\YAF_came_angry_mfcc.npy,data\processed\tess\spectrograms\YAF_came_angry_spec.npy
YAF_cause_angry,angry,1,data\processed\tess\features\YAF_cause_angry_mfcc.npy,data\processed\tess\spectrograms\YAF_cause_angry_spec.npy
YAF_chain_angry,angry,1,data\processed\tess\features\YAF_chain_angry_mfcc.npy,data\processed\tess\spectrograms\YAF_chain_angry_spec.npy
YAF_chair_angry,angry,1,data\processed\tess\features\YAF_chair_angry_mfcc.npy,data\processed\tess\spectrograms\YAF_chair_angry_spec.npy
YAF_chalk_angry,angry,1,data\processed\tess\features\YAF_chalk_angry_mfcc.npy,data\processed\tess\spectrograms\YAF_chalk_angry_spec.npy
YAF_chat_angry,angry,1,data\processed\tess\features\YAF_chat_angry_mfcc.npy,data\processed\tess\spectrograms\YAF_chat_angry_spec.npy
YAF_check_angry,angry,1,data\processed\tess\features\YAF_check_angry_mfcc.npy,data\processed\tess\spectrograms\YAF_check_angry_spec.npy
YAF_cheek_angry,angry,1,data\processed\tess\features\YAF_cheek_angry_mfcc.npy,data\processed\tess\spectrograms\YAF_cheek_angry_spec.npy
YAF_chief_angry,angry,1,data\processed\tess\features\YAF_chief_angry_mfcc.npy,data\processed\tess\spectrograms\YAF_chief_angry_spec.npy
YAF_choice_angry,angry,1,data\processed\tess\features\YAF_choice_angry_mfcc.npy,data\processed\tess\spectrograms\YAF_choice_angry_spec.npy
YAF_cool_angry,angry,1,data\processed\tess\features\YAF_cool_angry_mfcc.npy,data\processed\tess\spectrograms\YAF_cool_angry_spec.npy
YAF_dab_angry,angry,1,data\processed\tess\features\YAF_dab_angry_mfcc.npy,data\processed\tess\spectrograms\YAF_dab_angry_spec.npy
YAF_date_angry,angry,1,data\processed\tess\features\YAF_date_angry_mfcc.npy,data\processed\tess\spectrograms\YAF_date_angry_spec.npy
YAF_dead_angry,angry,1,data\processed\tess\features\YAF_dead_angry_mfcc.npy,data\processed\tess\spectrograms\YAF_dead_angry_spec.npy
YAF_death_angry,angry,1,data\processed\tess\features\YAF_death_angry_mfcc.npy,data\processed\tess\spectrograms\YAF_death_angry_spec.npy
YAF_deep_angry,angry,1,data\processed\tess\features\YAF_deep_angry_mfcc.npy,data\processed\tess\spectrograms\YAF_deep_angry_spec.npy
YAF_dime_angry,angry,1,data\processed\tess\features\YAF_dime_angry_mfcc.npy,data\processed\tess\spectrograms\YAF_dime_angry_spec.npy
YAF_dip_angry,angry,1,data\processed\tess\features\YAF_dip_angry_mfcc.npy,data\processed\tess\spectrograms\YAF_dip_angry_spec.npy
YAF_ditch_angry,angry,1,data\processed\tess\features\YAF_ditch_angry_mfcc.npy,data\processed\tess\spectrograms\YAF_ditch_angry_spec.npy
YAF_dodge_angry,angry,1,data\processed\tess\features\YAF_dodge_angry_mfcc.npy,data\processed\tess\spectrograms\YAF_dodge_angry_spec.npy
YAF_dog_angry,angry,1,data\processed\tess\features\YAF_dog_angry_mfcc.npy,data\processed\tess\spectrograms\YAF_dog_angry_spec.npy
YAF_doll_angry,angry,1,data\processed\tess\features\YAF_doll_angry_mfcc.npy,data\processed\tess\spectrograms\YAF_doll_angry_spec.npy
YAF_door_angry,angry,1,data\processed\tess\features\YAF_door_angry_mfcc.npy,data\processed\tess\spectrograms\YAF_door_angry_spec.npy
YAF_fail_angry,angry,1,data\processed\tess\features\YAF_fail_angry_mfcc.npy,data\processed\tess\spectrograms\YAF_fail_angry_spec.npy
YAF_fall_angry,angry,1,data\processed\tess\features\YAF_fall_angry_mfcc.npy,data\processed\tess\spectrograms\YAF_fall_angry_spec.npy
YAF_far_angry,angry,1,data\processed\tess\features\YAF_far_angry_mfcc.npy,data\processed\tess\spectrograms\YAF_far_angry_spec.npy
YAF_fat_angry,angry,1,data\processed\tess\features\YAF_fat_angry_mfcc.npy,data\processed\tess\spectrograms\YAF_fat_angry_spec.npy
YAF_fit_angry,angry,1,data\processed\tess\features\YAF_fit_angry_mfcc.npy,data\processed\tess\spectrograms\YAF_fit_angry_spec.npy
YAF_five_angry,angry,1,data\processed\tess\features\YAF_five_angry_mfcc.npy,data\processed\tess\spectrograms\YAF_five_angry_spec.npy
YAF_food_angry,angry,1,data\processed\tess\features\YAF_food_angry_mfcc.npy,data\processed\tess\spectrograms\YAF_food_angry_spec.npy
YAF_gap_angry,angry,1,data\processed\tess\features\YAF_gap_angry_mfcc.npy,data\processed\tess\spectrograms\YAF_gap_angry_spec.npy
YAF_gas_angry,angry,1,data\processed\tess\features\YAF_gas_angry_mfcc.npy,data\processed\tess\spectrograms\YAF_gas_angry_spec.npy
YAF_gaze_angry,angry,1,data\processed\tess\features\YAF_gaze_angry_mfcc.npy,data\processed\tess\spectrograms\YAF_gaze_angry_spec.npy
YAF_germ_angry,angry,1,data\processed\tess\features\YAF_germ_angry_mfcc.npy,data\processed\tess\spectrograms\YAF_germ_angry_spec.npy
YAF_get_angry,angry,1,data\processed\tess\features\YAF_get_angry_mfcc.npy,data\processed\tess\spectrograms\YAF_get_angry_spec.npy
YAF_gin_angry,angry,1,data\processed\tess\features\YAF_gin_angry_mfcc.npy,data\processed\tess\spectrograms\YAF_gin_angry_spec.npy
YAF_goal_angry,angry,1,data\processed\tess\features\YAF_goal_angry_mfcc.npy,data\processed\tess\spectrograms\YAF_goal_angry_spec.npy
YAF_good_angry,angry,1,data\processed\tess\features\YAF_good_angry_mfcc.npy,data\processed\tess\spectrograms\YAF_good_angry_spec.npy
YAF_goose_angry,angry,1,data\processed\tess\features\YAF_goose_angry_mfcc.npy,data\processed\tess\spectrograms\YAF_goose_angry_spec.npy
YAF_gun_angry,angry,1,data\processed\tess\features\YAF_gun_angry_mfcc.npy,data\processed\tess\spectrograms\YAF_gun_angry_spec.npy
YAF_half_angry,angry,1,data\processed\tess\features\YAF_half_angry_mfcc.npy,data\processed\tess\spectrograms\YAF_half_angry_spec.npy
YAF_hall_angry,angry,1,data\processed\tess\features\YAF_hall_angry_mfcc.npy,data\processed\tess\spectrograms\YAF_hall_angry_spec.npy
YAF_hash_angry,angry,1,data\processed\tess\features\YAF_hash_angry_mfcc.npy,data\processed\tess\spectrograms\YAF_hash_angry_spec.npy
YAF_hate_angry,angry,1,data\processed\tess\features\YAF_hate_angry_mfcc.npy,data\processed\tess\spectrograms\YAF_hate_angry_spec.npy
YAF_have_angry,angry,1,data\processed\tess\features\YAF_have_angry_mfcc.npy,data\processed\tess\spectrograms\YAF_have_angry_spec.npy
YAF_haze_angry,angry,1,data\processed\tess\features\YAF_haze_angry_mfcc.npy,data\processed\tess\spectrograms\YAF_haze_angry_spec.npy
YAF_hire_angry,angry,1,data\processed\tess\features\YAF_hire_angry_mfcc.npy,data\processed\tess\spectrograms\YAF_hire_angry_spec.npy
YAF_hit_angry,angry,1,data\processed\tess\features\YAF_hit_angry_mfcc.npy,data\processed\tess\spectrograms\YAF_hit_angry_spec.npy
YAF_hole_angry,angry,1,data\processed\tess\features\YAF_hole_angry_mfcc.npy,data\processed\tess\spectrograms\YAF_hole_angry_spec.npy
YAF_home_angry,angry,1,data\processed\tess\features\YAF_home_angry_mfcc.npy,data\processed\tess\spectrograms\YAF_home_angry_spec.npy
YAF_hurl_angry,angry,1,data\processed\tess\features\YAF_hurl_angry_mfcc.npy,data\processed\tess\spectrograms\YAF_hurl_angry_spec.npy
YAF_hush_angry,angry,1,data\processed\tess\features\YAF_hush_angry_mfcc.npy,data\processed\tess\spectrograms\YAF_hush_angry_spec.npy
YAF_jail_angry,angry,1,data\processed\tess\features\YAF_jail_angry_mfcc.npy,data\processed\tess\spectrograms\YAF_jail_angry_spec.npy
YAF_jar_angry,angry,1,data\processed\tess\features\YAF_jar_angry_mfcc.npy,data\processed\tess\spectrograms\YAF_jar_angry_spec.npy
YAF_join_angry,angry,1,data\processed\tess\features\YAF_join_angry_mfcc.npy,data\processed\tess\spectrograms\YAF_join_angry_spec.npy
YAF_judge_angry,angry,1,data\processed\tess\features\YAF_judge_angry_mfcc.npy,data\processed\tess\spectrograms\YAF_judge_angry_spec.npy
YAF_jug_angry,angry,1,data\processed\tess\features\YAF_jug_angry_mfcc.npy,data\processed\tess\spectrograms\YAF_jug_angry_spec.npy
YAF_juice_angry,angry,1,data\processed\tess\features\YAF_juice_angry_mfcc.npy,data\processed\tess\spectrograms\YAF_juice_angry_spec.npy
YAF_keen_angry,angry,1,data\processed\tess\features\YAF_keen_angry_mfcc.npy,data\processed\tess\spectrograms\YAF_keen_angry_spec.npy
YAF_keep_angry,angry,1,data\processed\tess\features\YAF_keep_angry_mfcc.npy,data\processed\tess\spectrograms\YAF_keep_angry_spec.npy
YAF_keg_angry,angry,1,data\processed\tess\features\YAF_keg_angry_mfcc.npy,data\processed\tess\spectrograms\YAF_keg_angry_spec.npy
YAF_kick_angry,angry,1,data\processed\tess\features\YAF_kick_angry_mfcc.npy,data\processed\tess\spectrograms\YAF_kick_angry_spec.npy
YAF_kill_angry,angry,1,data\processed\tess\features\YAF_kill_angry_mfcc.npy,data\processed\tess\spectrograms\YAF_kill_angry_spec.npy
YAF_king_angry,angry,1,data\processed\tess\features\YAF_king_angry_mfcc.npy,data\processed\tess\spectrograms\YAF_king_angry_spec.npy
YAF_kite_angry,angry,1,data\processed\tess\features\YAF_kite_angry_mfcc.npy,data\processed\tess\spectrograms\YAF_kite_angry_spec.npy
YAF_knock_angry,angry,1,data\processed\tess\features\YAF_knock_angry_mfcc.npy,data\processed\tess\spectrograms\YAF_knock_angry_spec.npy
YAF_late_angry,angry,1,data\processed\tess\features\YAF_late_angry_mfcc.npy,data\processed\tess\spectrograms\YAF_late_angry_spec.npy
YAF_laud_angry,angry,1,data\processed\tess\features\YAF_laud_angry_mfcc.npy,data\processed\tess\spectrograms\YAF_laud_angry_spec.npy
YAF_lean_angry,angry,1,data\processed\tess\features\YAF_lean_angry_mfcc.npy,data\processed\tess\spectrograms\YAF_lean_angry_spec.npy
YAF_learn_angry,angry,1,data\processed\tess\features\YAF_learn_angry_mfcc.npy,data\processed\tess\spectrograms\YAF_learn_angry_spec.npy
YAF_lease_angry,angry,1,data\processed\tess\features\YAF_lease_angry_mfcc.npy,data\processed\tess\spectrograms\YAF_lease_angry_spec.npy
YAF_lid_angry,angry,1,data\processed\tess\features\YAF_lid_angry_mfcc.npy,data\processed\tess\spectrograms\YAF_lid_angry_spec.npy
YAF_life_angry,angry,1,data\processed\tess\features\YAF_life_angry_mfcc.npy,data\processed\tess\spectrograms\YAF_life_angry_spec.npy
YAF_limb_angry,angry,1,data\processed\tess\features\YAF_limb_angry_mfcc.npy,data\processed\tess\spectrograms\YAF_limb_angry_spec.npy
YAF_live_angry,angry,1,data\processed\tess\features\YAF_live_angry_mfcc.npy,data\processed\tess\spectrograms\YAF_live_angry_spec.npy
YAF_loaf_angry,angry,1,data\processed\tess\features\YAF_loaf_angry_mfcc.npy,data\processed\tess\spectrograms\YAF_loaf_angry_spec.npy
YAF_long_angry,angry,1,data\processed\tess\features\YAF_long_angry_mfcc.npy,data\processed\tess\spectrograms\YAF_long_angry_spec.npy
YAF_lore_angry,angry,1,data\processed\tess\features\YAF_lore_angry_mfcc.npy,data\processed\tess\spectrograms\YAF_lore_angry_spec.npy
YAF_lose_angry,angry,1,data\processed\tess\features\YAF_lose_angry_mfcc.npy,data\processed\tess\spectrograms\YAF_lose_angry_spec.npy
YAF_lot_angry,angry,1,data\processed\tess\features\YAF_lot_angry_mfcc.npy,data\processed\tess\spectrograms\YAF_lot_angry_spec.npy
YAF_love_angry,angry,1,data\processed\tess\features\YAF_love_angry_mfcc.npy,data\processed\tess\spectrograms\YAF_love_angry_spec.npy
YAF_luck_angry,angry,1,data\processed\tess\features\YAF_luck_angry_mfcc.npy,data\processed\tess\spectrograms\YAF_luck_angry_spec.npy
YAF_make_angry,angry,1,data\processed\tess\features\YAF_make_angry_mfcc.npy,data\processed\tess\spectrograms\YAF_make_angry_spec.npy
YAF_match_angry,angry,1,data\processed\tess\features\YAF_match_angry_mfcc.npy,data\processed\tess\spectrograms\YAF_match_angry_spec.npy
YAF_merge_angry,angry,1,data\processed\tess\features\YAF_merge_angry_mfcc.npy,data\processed\tess\spectrograms\YAF_merge_angry_spec.npy
YAF_mess_angry,angry,1,data\processed\tess\features\YAF_mess_angry_mfcc.npy,data\processed\tess\spectrograms\YAF_mess_angry_spec.npy
YAF_met_angry,angry,1,data\processed\tess\features\YAF_met_angry_mfcc.npy,data\processed\tess\spectrograms\YAF_met_angry_spec.npy
YAF_mill_angry,angry,1,data\processed\tess\features\YAF_mill_angry_mfcc.npy,data\processed\tess\spectrograms\YAF_mill_angry_spec.npy
YAF_mob_angry,angry,1,data\processed\tess\features\YAF_mob_angry_mfcc.npy,data\processed\tess\spectrograms\YAF_mob_angry_spec.npy
YAF_mode_angry,angry,1,data\processed\tess\features\YAF_mode_angry_mfcc.npy,data\processed\tess\spectrograms\YAF_mode_angry_spec.npy
YAF_mood_angry,angry,1,data\processed\tess\features\YAF_mood_angry_mfcc.npy,data\processed\tess\spectrograms\YAF_mood_angry_spec.npy
YAF_moon_angry,angry,1,data\processed\tess\features\YAF_moon_angry_mfcc.npy,data\processed\tess\spectrograms\YAF_moon_angry_spec.npy
YAF_mop_angry,angry,1,data\processed\tess\features\YAF_mop_angry_mfcc.npy,data\processed\tess\spectrograms\YAF_mop_angry_spec.npy
YAF_mouse_angry,angry,1,data\processed\tess\features\YAF_mouse_angry_mfcc.npy,data\processed\tess\spectrograms\YAF_mouse_angry_spec.npy
YAF_nag_angry,angry,1,data\processed\tess\features\YAF_nag_angry_mfcc.npy,data\processed\tess\spectrograms\YAF_nag_angry_spec.npy
YAF_name_angry,angry,1,data\processed\tess\features\YAF_name_angry_mfcc.npy,data\processed\tess\spectrograms\YAF_name_angry_spec.npy
YAF_near_angry,angry,1,data\processed\tess\features\YAF_near_angry_mfcc.npy,data\processed\tess\spectrograms\YAF_near_angry_spec.npy
YAF_neat_angry,angry,1,data\processed\tess\features\YAF_neat_angry_mfcc.npy,data\processed\tess\spectrograms\YAF_neat_angry_spec.npy
YAF_nice_angry,angry,1,data\processed\tess\features\YAF_nice_angry_mfcc.npy,data\processed\tess\spectrograms\YAF_nice_angry_spec.npy
YAF_note_angry,angry,1,data\processed\tess\features\YAF_note_angry_mfcc.npy,data\processed\tess\spectrograms\YAF_note_angry_spec.npy
YAF_numb_angry,angry,1,data\processed\tess\features\YAF_numb_angry_mfcc.npy,data\processed\tess\spectrograms\YAF_numb_angry_spec.npy
YAF_pad_angry,angry,1,data\processed\tess\features\YAF_pad_angry_mfcc.npy,data\processed\tess\spectrograms\YAF_pad_angry_spec.npy
YAF_page_angry,angry,1,data\processed\tess\features\YAF_page_angry_mfcc.npy,data\processed\tess\spectrograms\YAF_page_angry_spec.npy
YAF_pain_angry,angry,1,data\processed\tess\features\YAF_pain_angry_mfcc.npy,data\processed\tess\spectrograms\YAF_pain_angry_spec.npy
YAF_pass_angry,angry,1,data\processed\tess\features\YAF_pass_angry_mfcc.npy,data\processed\tess\spectrograms\YAF_pass_angry_spec.npy
YAF_pearl_angry,angry,1,data\processed\tess\features\YAF_pearl_angry_mfcc.npy,data\processed\tess\spectrograms\YAF_pearl_angry_spec.npy
YAF_peg_angry,angry,1,data\processed\tess\features\YAF_peg_angry_mfcc.npy,data\processed\tess\spectrograms\YAF_peg_angry_spec.npy
YAF_perch_angry,angry,1,data\processed\tess\features\YAF_perch_angry_mfcc.npy,data\processed\tess\spectrograms\YAF_perch_angry_spec.npy
YAF_phone_angry,angry,1,data\processed\tess\features\YAF_phone_angry_mfcc.npy,data\processed\tess\spectrograms\YAF_phone_angry_spec.npy
YAF_pick_angry,angry,1,data\processed\tess\features\YAF_pick_angry_mfcc.npy,data\processed\tess\spectrograms\YAF_pick_angry_spec.npy
YAF_pike_angry,angry,1,data\processed\tess\features\YAF_pike_angry_mfcc.npy,data\processed\tess\spectrograms\YAF_pike_angry_spec.npy
YAF_pole_angry,angry,1,data\processed\tess\features\YAF_pole_angry_mfcc.npy,data\processed\tess\spectrograms\YAF_pole_angry_spec.npy
YAF_pool_angry,angry,1,data\processed\tess\features\YAF_pool_angry_mfcc.npy,data\processed\tess\spectrograms\YAF_pool_angry_spec.npy
YAF_puff_angry,angry,1,data\processed\tess\features\YAF_puff_angry_mfcc.npy,data\processed\tess\spectrograms\YAF_puff_angry_spec.npy
YAF_rag_angry,angry,1,data\processed\tess\features\YAF_rag_angry_mfcc.npy,data\processed\tess\spectrograms\YAF_rag_angry_spec.npy
YAF_raid_angry,angry,1,data\processed\tess\features\YAF_raid_angry_mfcc.npy,data\processed\tess\spectrograms\YAF_raid_angry_spec.npy
YAF_rain_angry,angry,1,data\processed\tess\features\YAF_rain_angry_mfcc.npy,data\processed\tess\spectrograms\YAF_rain_angry_spec.npy
YAF_raise_angry,angry,1,data\processed\tess\features\YAF_raise_angry_mfcc.npy,data\processed\tess\spectrograms\YAF_raise_angry_spec.npy
YAF_rat_angry,angry,1,data\processed\tess\features\YAF_rat_angry_mfcc.npy,data\processed\tess\spectrograms\YAF_rat_angry_spec.npy
YAF_reach_angry,angry,1,data\processed\tess\features\YAF_reach_angry_mfcc.npy,data\processed\tess\spectrograms\YAF_reach_angry_spec.npy
YAF_read_angry,angry,1,data\processed\tess\features\YAF_read_angry_mfcc.npy,data\processed\tess\spectrograms\YAF_read_angry_spec.npy
YAF_red_angry,angry,1,data\processed\tess\features\YAF_red_angry_mfcc.npy,data\processed\tess\spectrograms\YAF_red_angry_spec.npy
YAF_ring_angry,angry,1,data\processed\tess\features\YAF_ring_angry_mfcc.npy,data\processed\tess\spectrograms\YAF_ring_angry_spec.npy
YAF_ripe_angry,angry,1,data\processed\tess\features\YAF_ripe_angry_mfcc.npy,data\processed\tess\spectrograms\YAF_ripe_angry_spec.npy
YAF_road_angry,angry,1,data\processed\tess\features\YAF_road_angry_mfcc.npy,data\processed\tess\spectrograms\YAF_road_angry_spec.npy
YAF_room_angry,angry,1,data\processed\tess\features\YAF_room_angry_mfcc.npy,data\processed\tess\spectrograms\YAF_room_angry_spec.npy
YAF_rose_angry,angry,1,data\processed\tess\features\YAF_rose_angry_mfcc.npy,data\processed\tess\spectrograms\YAF_rose_angry_spec.npy
YAF_rot_angry,angry,1,data\processed\tess\features\YAF_rot_angry_mfcc.npy,data\processed\tess\spectrograms\YAF_rot_angry_spec.npy
YAF_rough_angry,angry,1,data\processed\tess\features\YAF_rough_angry_mfcc.npy,data\processed\tess\spectrograms\YAF_rough_angry_spec.npy
YAF_rush_angry,angry,1,data\processed\tess\features\YAF_rush_angry_mfcc.npy,data\processed\tess\spectrograms\YAF_rush_angry_spec.npy
YAF_said_angry,angry,1,data\processed\tess\features\YAF_said_angry_mfcc.npy,data\processed\tess\spectrograms\YAF_said_angry_spec.npy
YAF_sail_angry,angry,1,data\processed\tess\features\YAF_sail_angry_mfcc.npy,data\processed\tess\spectrograms\YAF_sail_angry_spec.npy
YAF_search_angry,angry,1,data\processed\tess\features\YAF_search_angry_mfcc.npy,data\processed\tess\spectrograms\YAF_search_angry_spec.npy
YAF_seize_angry,angry,1,data\processed\tess\features\YAF_seize_angry_mfcc.npy,data\processed\tess\spectrograms\YAF_seize_angry_spec.npy
YAF_sell_angry,angry,1,data\processed\tess\features\YAF_sell_angry_mfcc.npy,data\processed\tess\spectrograms\YAF_sell_angry_spec.npy
YAF_shack_angry,angry,1,data\processed\tess\features\YAF_shack_angry_mfcc.npy,data\processed\tess\spectrograms\YAF_shack_angry_spec.npy
YAF_shall_angry,angry,1,data\processed\tess\features\YAF_shall_angry_mfcc.npy,data\processed\tess\spectrograms\YAF_shall_angry_spec.npy
YAF_shawl_angry,angry,1,data\processed\tess\features\YAF_shawl_angry_mfcc.npy,data\processed\tess\spectrograms\YAF_shawl_angry_spec.npy
YAF_sheep_angry,angry,1,data\processed\tess\features\YAF_sheep_angry_mfcc.npy,data\processed\tess\spectrograms\YAF_sheep_angry_spec.npy
YAF_shirt_angry,angry,1,data\processed\tess\features\YAF_shirt_angry_mfcc.npy,data\processed\tess\spectrograms\YAF_shirt_angry_spec.npy
YAF_should_angry,angry,1,data\processed\tess\features\YAF_should_angry_mfcc.npy,data\processed\tess\spectrograms\YAF_should_angry_spec.npy
YAF_shout_angry,angry,1,data\processed\tess\features\YAF_shout_angry_mfcc.npy,data\processed\tess\spectrograms\YAF_shout_angry_spec.npy
YAF_size_angry,angry,1,data\processed\tess\features\YAF_size_angry_mfcc.npy,data\processed\tess\spectrograms\YAF_size_angry_spec.npy
YAF_soap_angry,angry,1,data\processed\tess\features\YAF_soap_angry_mfcc.npy,data\processed\tess\spectrograms\YAF_soap_angry_spec.npy
YAF_soup_angry,angry,1,data\processed\tess\features\YAF_soup_angry_mfcc.npy,data\processed\tess\spectrograms\YAF_soup_angry_spec.npy
YAF_sour_angry,angry,1,data\processed\tess\features\YAF_sour_angry_mfcc.npy,data\processed\tess\spectrograms\YAF_sour_angry_spec.npy
YAF_south_angry,angry,1,data\processed\tess\features\YAF_south_angry_mfcc.npy,data\processed\tess\spectrograms\YAF_south_angry_spec.npy
YAF_sub_angry,angry,1,data\processed\tess\features\YAF_sub_angry_mfcc.npy,data\processed\tess\spectrograms\YAF_sub_angry_spec.npy
YAF_such_angry,angry,1,data\processed\tess\features\YAF_such_angry_mfcc.npy,data\processed\tess\spectrograms\YAF_such_angry_spec.npy
YAF_sure_angry,angry,1,data\processed\tess\features\YAF_sure_angry_mfcc.npy,data\processed\tess\spectrograms\YAF_sure_angry_spec.npy
YAF_take_angry,angry,1,data\processed\tess\features\YAF_take_angry_mfcc.npy,data\processed\tess\spectrograms\YAF_take_angry_spec.npy
YAF_talk_angry,angry,1,data\processed\tess\features\YAF_talk_angry_mfcc.npy,data\processed\tess\spectrograms\YAF_talk_angry_spec.npy
YAF_tape_angry,angry,1,data\processed\tess\features\YAF_tape_angry_mfcc.npy,data\processed\tess\spectrograms\YAF_tape_angry_spec.npy
YAF_team_angry,angry,1,data\processed\tess\features\YAF_team_angry_mfcc.npy,data\processed\tess\spectrograms\YAF_team_angry_spec.npy
YAF_tell_angry,angry,1,data\processed\tess\features\YAF_tell_angry_mfcc.npy,data\processed\tess\spectrograms\YAF_tell_angry_spec.npy
YAF_thin_angry,angry,1,data\processed\tess\features\YAF_thin_angry_mfcc.npy,data\processed\tess\spectrograms\YAF_thin_angry_spec.npy
YAF_third_angry,angry,1,data\processed\tess\features\YAF_third_angry_mfcc.npy,data\processed\tess\spectrograms\YAF_third_angry_spec.npy
YAF_thought_angry,angry,1,data\processed\tess\features\YAF_thought_angry_mfcc.npy,data\processed\tess\spectrograms\YAF_thought_angry_spec.npy
YAF_thumb_angry,angry,1,data\processed\tess\features\YAF_thumb_angry_mfcc.npy,data\processed\tess\spectrograms\YAF_thumb_angry_spec.npy
YAF_time_angry,angry,1,data\processed\tess\features\YAF_time_angry_mfcc.npy,data\processed\tess\spectrograms\YAF_time_angry_spec.npy
YAF_tip_angry,angry,1,data\processed\tess\features\YAF_tip_angry_mfcc.npy,data\processed\tess\spectrograms\YAF_tip_angry_spec.npy
YAF_tire_angry,angry,1,data\processed\tess\features\YAF_tire_angry_mfcc.npy,data\processed\tess\spectrograms\YAF_tire_angry_spec.npy
YAF_ton_angry,angry,1,data\processed\tess\features\YAF_ton_angry_mfcc.npy,data\processed\tess\spectrograms\YAF_ton_angry_spec.npy
YAF_tool_angry,angry,1,data\processed\tess\features\YAF_tool_angry_mfcc.npy,data\processed\tess\spectrograms\YAF_tool_angry_spec.npy
YAF_tough_angry,angry,1,data\processed\tess\features\YAF_tough_angry_mfcc.npy,data\processed\tess\spectrograms\YAF_tough_angry_spec.npy
YAF_turn_angry,angry,1,data\processed\tess\features\YAF_turn_angry_mfcc.npy,data\processed\tess\spectrograms\YAF_turn_angry_spec.npy
YAF_vine_angry,angry,1,data\processed\tess\features\YAF_vine_angry_mfcc.npy,data\processed\tess\spectrograms\YAF_vine_angry_spec.npy
YAF_voice_angry,angry,1,data\processed\tess\features\YAF_voice_angry_mfcc.npy,data\processed\tess\spectrograms\YAF_voice_angry_spec.npy
YAF_void_angry,angry,1,data\processed\tess\features\YAF_void_angry_mfcc.npy,data\processed\tess\spectrograms\YAF_void_angry_spec.npy
YAF_vote_angry,angry,1,data\processed\tess\features\YAF_vote_angry_mfcc.npy,data\processed\tess\spectrograms\YAF_vote_angry_spec.npy
YAF_wag_angry,angry,1,data\processed\tess\features\YAF_wag_angry_mfcc.npy,data\processed\tess\spectrograms\YAF_wag_angry_spec.npy
YAF_walk_angry,angry,1,data\processed\tess\features\YAF_walk_angry_mfcc.npy,data\processed\tess\spectrograms\YAF_walk_angry_spec.npy
YAF_wash_angry,angry,1,data\processed\tess\features\YAF_wash_angry_mfcc.npy,data\processed\tess\spectrograms\YAF_wash_angry_spec.npy
YAF_week_angry,angry,1,data\processed\tess\features\YAF_week_angry_mfcc.npy,data\processed\tess\spectrograms\YAF_week_angry_spec.npy
YAF_wheat_angry,angry,1,data\processed\tess\features\YAF_wheat_angry_mfcc.npy,data\processed\tess\spectrograms\YAF_wheat_angry_spec.npy
YAF_when_angry,angry,1,data\processed\tess\features\YAF_when_angry_mfcc.npy,data\processed\tess\spectrograms\YAF_when_angry_spec.npy
YAF_which_angry,angry,1,data\processed\tess\features\YAF_which_angry_mfcc.npy,data\processed\tess\spectrograms\YAF_which_angry_spec.npy
YAF_whip_angry,angry,1,data\processed\tess\features\YAF_whip_angry_mfcc.npy,data\processed\tess\spectrograms\YAF_whip_angry_spec.npy
YAF_white_angry,angry,1,data\processed\tess\features\YAF_white_angry_mfcc.npy,data\processed\tess\spectrograms\YAF_white_angry_spec.npy
YAF_wife_angry,angry,1,data\processed\tess\features\YAF_wife_angry_mfcc.npy,data\processed\tess\spectrograms\YAF_wife_angry_spec.npy
YAF_wire_angry,angry,1,data\processed\tess\features\YAF_wire_angry_mfcc.npy,data\processed\tess\spectrograms\YAF_wire_angry_spec.npy
YAF_witch_angry,angry,1,data\processed\tess\features\YAF_witch_angry_mfcc.npy,data\processed\tess\spectrograms\YAF_witch_angry_spec.npy
YAF_yearn_angry,angry,1,data\processed\tess\features\YAF_yearn_angry_mfcc.npy,data\processed\tess\spectrograms\YAF_yearn_angry_spec.npy
YAF_yes_angry,angry,1,data\processed\tess\features\YAF_yes_angry_mfcc.npy,data\processed\tess\spectrograms\YAF_yes_angry_spec.npy
YAF_young_angry,angry,1,data\processed\tess\features\YAF_young_angry_mfcc.npy,data\processed\tess\spectrograms\YAF_young_angry_spec.npy
YAF_youth_angry,angry,1,data\processed\tess\features\YAF_youth_angry_mfcc.npy,data\processed\tess\spectrograms\YAF_youth_angry_spec.npy
YAF_back_disgust,disgust,1,data\processed\tess\features\YAF_back_disgust_mfcc.npy,data\processed\tess\spectrograms\YAF_back_disgust_spec.npy
YAF_bar_disgust,disgust,1,data\processed\tess\features\YAF_bar_disgust_mfcc.npy,data\processed\tess\spectrograms\YAF_bar_disgust_spec.npy
YAF_base_disgust,disgust,1,data\processed\tess\features\YAF_base_disgust_mfcc.npy,data\processed\tess\spectrograms\YAF_base_disgust_spec.npy
YAF_bath_disgust,disgust,1,data\processed\tess\features\YAF_bath_disgust_mfcc.npy,data\processed\tess\spectrograms\YAF_bath_disgust_spec.npy
YAF_bean_disgust,disgust,1,data\processed\tess\features\YAF_bean_disgust_mfcc.npy,data\processed\tess\spectrograms\YAF_bean_disgust_spec.npy
YAF_beg_disgust,disgust,1,data\processed\tess\features\YAF_beg_disgust_mfcc.npy,data\processed\tess\spectrograms\YAF_beg_disgust_spec.npy
YAF_bite_disgust,disgust,1,data\processed\tess\features\YAF_bite_disgust_mfcc.npy,data\processed\tess\spectrograms\YAF_bite_disgust_spec.npy
YAF_boat_disgust,disgust,1,data\processed\tess\features\YAF_boat_disgust_mfcc.npy,data\processed\tess\spectrograms\YAF_boat_disgust_spec.npy
YAF_bone_disgust,disgust,1,data\processed\tess\features\YAF_bone_disgust_mfcc.npy,data\processed\tess\spectrograms\YAF_bone_disgust_spec.npy
YAF_book_disgust,disgust,1,data\processed\tess\features\YAF_book_disgust_mfcc.npy,data\processed\tess\spectrograms\YAF_book_disgust_spec.npy
YAF_bought_disgust,disgust,1,data\processed\tess\features\YAF_bought_disgust_mfcc.npy,data\processed\tess\spectrograms\YAF_bought_disgust_spec.npy
YAF_burn_disgust,disgust,1,data\processed\tess\features\YAF_burn_disgust_mfcc.npy,data\processed\tess\spectrograms\YAF_burn_disgust_spec.npy
YAF_cab_disgust,disgust,1,data\processed\tess\features\YAF_cab_disgust_mfcc.npy,data\processed\tess\spectrograms\YAF_cab_disgust_spec.npy
YAF_calm_disgust,disgust,1,data\processed\tess\features\YAF_calm_disgust_mfcc.npy,data\processed\tess\spectrograms\YAF_calm_disgust_spec.npy
YAF_came_disgust,disgust,1,data\processed\tess\features\YAF_came_disgust_mfcc.npy,data\processed\tess\spectrograms\YAF_came_disgust_spec.npy
YAF_cause_disgust,disgust,1,data\processed\tess\features\YAF_cause_disgust_mfcc.npy,data\processed\tess\spectrograms\YAF_cause_disgust_spec.npy
YAF_chain_disgust,disgust,1,data\processed\tess\features\YAF_chain_disgust_mfcc.npy,data\processed\tess\spectrograms\YAF_chain_disgust_spec.npy
YAF_chair_disgust,disgust,1,data\processed\tess\features\YAF_chair_disgust_mfcc.npy,data\processed\tess\spectrograms\YAF_chair_disgust_spec.npy
YAF_chalk_disgust,disgust,1,data\processed\tess\features\YAF_chalk_disgust_mfcc.npy,data\processed\tess\spectrograms\YAF_chalk_disgust_spec.npy
YAF_chat_disgust,disgust,1,data\processed\tess\features\YAF_chat_disgust_mfcc.npy,data\processed\tess\spectrograms\YAF_chat_disgust_spec.npy
YAF_check_disgust,disgust,1,data\processed\tess\features\YAF_check_disgust_mfcc.npy,data\processed\tess\spectrograms\YAF_check_disgust_spec.npy
YAF_cheek_disgust,disgust,1,data\processed\tess\features\YAF_cheek_disgust_mfcc.npy,data\processed\tess\spectrograms\YAF_cheek_disgust_spec.npy
YAF_chief_disgust,disgust,1,data\processed\tess\features\YAF_chief_disgust_mfcc.npy,data\processed\tess\spectrograms\YAF_chief_disgust_spec.npy
YAF_choice_disgust,disgust,1,data\processed\tess\features\YAF_choice_disgust_mfcc.npy,data\processed\tess\spectrograms\YAF_choice_disgust_spec.npy
YAF_cool_disgust,disgust,1,data\processed\tess\features\YAF_cool_disgust_mfcc.npy,data\processed\tess\spectrograms\YAF_cool_disgust_spec.npy
YAF_dab_disgust,disgust,1,data\processed\tess\features\YAF_dab_disgust_mfcc.npy,data\processed\tess\spectrograms\YAF_dab_disgust_spec.npy
YAF_date_disgust,disgust,1,data\processed\tess\features\YAF_date_disgust_mfcc.npy,data\processed\tess\spectrograms\YAF_date_disgust_spec.npy
YAF_dead_disgust,disgust,1,data\processed\tess\features\YAF_dead_disgust_mfcc.npy,data\processed\tess\spectrograms\YAF_dead_disgust_spec.npy
YAF_death_disgust,disgust,1,data\processed\tess\features\YAF_death_disgust_mfcc.npy,data\processed\tess\spectrograms\YAF_death_disgust_spec.npy
YAF_deep_disgust,disgust,1,data\processed\tess\features\YAF_deep_disgust_mfcc.npy,data\processed\tess\spectrograms\YAF_deep_disgust_spec.npy
YAF_dime_disgust,disgust,1,data\processed\tess\features\YAF_dime_disgust_mfcc.npy,data\processed\tess\spectrograms\YAF_dime_disgust_spec.npy
YAF_dip_disgust,disgust,1,data\processed\tess\features\YAF_dip_disgust_mfcc.npy,data\processed\tess\spectrograms\YAF_dip_disgust_spec.npy
YAF_ditch_disgust,disgust,1,data\processed\tess\features\YAF_ditch_disgust_mfcc.npy,data\processed\tess\spectrograms\YAF_ditch_disgust_spec.npy
YAF_dodge_disgust,disgust,1,data\processed\tess\features\YAF_dodge_disgust_mfcc.npy,data\processed\tess\spectrograms\YAF_dodge_disgust_spec.npy
YAF_dog_disgust,disgust,1,data\processed\tess\features\YAF_dog_disgust_mfcc.npy,data\processed\tess\spectrograms\YAF_dog_disgust_spec.npy
YAF_doll_disgust,disgust,1,data\processed\tess\features\YAF_doll_disgust_mfcc.npy,data\processed\tess\spectrograms\YAF_doll_disgust_spec.npy
YAF_door_disgust,disgust,1,data\processed\tess\features\YAF_door_disgust_mfcc.npy,data\processed\tess\spectrograms\YAF_door_disgust_spec.npy
YAF_fail_disgust,disgust,1,data\processed\tess\features\YAF_fail_disgust_mfcc.npy,data\processed\tess\spectrograms\YAF_fail_disgust_spec.npy
YAF_fall_disgust,disgust,1,data\processed\tess\features\YAF_fall_disgust_mfcc.npy,data\processed\tess\spectrograms\YAF_fall_disgust_spec.npy
YAF_far_disgust,disgust,1,data\processed\tess\features\YAF_far_disgust_mfcc.npy,data\processed\tess\spectrograms\YAF_far_disgust_spec.npy
YAF_fat_disgust,disgust,1,data\processed\tess\features\YAF_fat_disgust_mfcc.npy,data\processed\tess\spectrograms\YAF_fat_disgust_spec.npy
YAF_fit_disgust,disgust,1,data\processed\tess\features\YAF_fit_disgust_mfcc.npy,data\processed\tess\spectrograms\YAF_fit_disgust_spec.npy
YAF_five_disgust,disgust,1,data\processed\tess\features\YAF_five_disgust_mfcc.npy,data\processed\tess\spectrograms\YAF_five_disgust_spec.npy
YAF_food_disgust,disgust,1,data\processed\tess\features\YAF_food_disgust_mfcc.npy,data\processed\tess\spectrograms\YAF_food_disgust_spec.npy
YAF_gap_disgust,disgust,1,data\processed\tess\features\YAF_gap_disgust_mfcc.npy,data\processed\tess\spectrograms\YAF_gap_disgust_spec.npy
YAF_gas_disgust,disgust,1,data\processed\tess\features\YAF_gas_disgust_mfcc.npy,data\processed\tess\spectrograms\YAF_gas_disgust_spec.npy
YAF_gaze_disgust,disgust,1,data\processed\tess\features\YAF_gaze_disgust_mfcc.npy,data\processed\tess\spectrograms\YAF_gaze_disgust_spec.npy
YAF_germ_disgust,disgust,1,data\processed\tess\features\YAF_germ_disgust_mfcc.npy,data\processed\tess\spectrograms\YAF_germ_disgust_spec.npy
YAF_get_disgust,disgust,1,data\processed\tess\features\YAF_get_disgust_mfcc.npy,data\processed\tess\spectrograms\YAF_get_disgust_spec.npy
YAF_gin_disgust,disgust,1,data\processed\tess\features\YAF_gin_disgust_mfcc.npy,data\processed\tess\spectrograms\YAF_gin_disgust_spec.npy
YAF_goal_disgust,disgust,1,data\processed\tess\features\YAF_goal_disgust_mfcc.npy,data\processed\tess\spectrograms\YAF_goal_disgust_spec.npy
YAF_good_disgust,disgust,1,data\processed\tess\features\YAF_good_disgust_mfcc.npy,data\processed\tess\spectrograms\YAF_good_disgust_spec.npy
YAF_goose_disgust,disgust,1,data\processed\tess\features\YAF_goose_disgust_mfcc.npy,data\processed\tess\spectrograms\YAF_goose_disgust_spec.npy
YAF_gun_disgust,disgust,1,data\processed\tess\features\YAF_gun_disgust_mfcc.npy,data\processed\tess\spectrograms\YAF_gun_disgust_spec.npy
YAF_half_disgust,disgust,1,data\processed\tess\features\YAF_half_disgust_mfcc.npy,data\processed\tess\spectrograms\YAF_half_disgust_spec.npy
YAF_hall_disgust,disgust,1,data\processed\tess\features\YAF_hall_disgust_mfcc.npy,data\processed\tess\spectrograms\YAF_hall_disgust_spec.npy
YAF_hash_disgust,disgust,1,data\processed\tess\features\YAF_hash_disgust_mfcc.npy,data\processed\tess\spectrograms\YAF_hash_disgust_spec.npy
YAF_hate_disgust,disgust,1,data\processed\tess\features\YAF_hate_disgust_mfcc.npy,data\processed\tess\spectrograms\YAF_hate_disgust_spec.npy
YAF_have_disgust,disgust,1,data\processed\tess\features\YAF_have_disgust_mfcc.npy,data\processed\tess\spectrograms\YAF_have_disgust_spec.npy
YAF_haze_disgust,disgust,1,data\processed\tess\features\YAF_haze_disgust_mfcc.npy,data\processed\tess\spectrograms\YAF_haze_disgust_spec.npy
YAF_hire_disgust,disgust,1,data\processed\tess\features\YAF_hire_disgust_mfcc.npy,data\processed\tess\spectrograms\YAF_hire_disgust_spec.npy
YAF_hit_disgust,disgust,1,data\processed\tess\features\YAF_hit_disgust_mfcc.npy,data\processed\tess\spectrograms\YAF_hit_disgust_spec.npy
YAF_hole_disgust,disgust,1,data\processed\tess\features\YAF_hole_disgust_mfcc.npy,data\processed\tess\spectrograms\YAF_hole_disgust_spec.npy
YAF_home_disgust,disgust,1,data\processed\tess\features\YAF_home_disgust_mfcc.npy,data\processed\tess\spectrograms\YAF_home_disgust_spec.npy
YAF_hurl_disgust,disgust,1,data\processed\tess\features\YAF_hurl_disgust_mfcc.npy,data\processed\tess\spectrograms\YAF_hurl_disgust_spec.npy
YAF_hush_disgust,disgust,1,data\processed\tess\features\YAF_hush_disgust_mfcc.npy,data\processed\tess\spectrograms\YAF_hush_disgust_spec.npy
YAF_jail_disgust,disgust,1,data\processed\tess\features\YAF_jail_disgust_mfcc.npy,data\processed\tess\spectrograms\YAF_jail_disgust_spec.npy
YAF_jar_disgust,disgust,1,data\processed\tess\features\YAF_jar_disgust_mfcc.npy,data\processed\tess\spectrograms\YAF_jar_disgust_spec.npy
YAF_join_disgust,disgust,1,data\processed\tess\features\YAF_join_disgust_mfcc.npy,data\processed\tess\spectrograms\YAF_join_disgust_spec.npy
YAF_judge_disgust,disgust,1,data\processed\tess\features\YAF_judge_disgust_mfcc.npy,data\processed\tess\spectrograms\YAF_judge_disgust_spec.npy
YAF_jug_disgust,disgust,1,data\processed\tess\features\YAF_jug_disgust_mfcc.npy,data\processed\tess\spectrograms\YAF_jug_disgust_spec.npy
YAF_juice_disgust,disgust,1,data\processed\tess\features\YAF_juice_disgust_mfcc.npy,data\processed\tess\spectrograms\YAF_juice_disgust_spec.npy
YAF_keen_disgust,disgust,1,data\processed\tess\features\YAF_keen_disgust_mfcc.npy,data\processed\tess\spectrograms\YAF_keen_disgust_spec.npy
YAF_keep_disgust,disgust,1,data\processed\tess\features\YAF_keep_disgust_mfcc.npy,data\processed\tess\spectrograms\YAF_keep_disgust_spec.npy
YAF_keg_disgust,disgust,1,data\processed\tess\features\YAF_keg_disgust_mfcc.npy,data\processed\tess\spectrograms\YAF_keg_disgust_spec.npy
YAF_kick_disgust,disgust,1,data\processed\tess\features\YAF_kick_disgust_mfcc.npy,data\processed\tess\spectrograms\YAF_kick_disgust_spec.npy
YAF_kill_disgust,disgust,1,data\processed\tess\features\YAF_kill_disgust_mfcc.npy,data\processed\tess\spectrograms\YAF_kill_disgust_spec.npy
YAF_king_disgust,disgust,1,data\processed\tess\features\YAF_king_disgust_mfcc.npy,data\processed\tess\spectrograms\YAF_king_disgust_spec.npy
YAF_kite_disgust,disgust,1,data\processed\tess\features\YAF_kite_disgust_mfcc.npy,data\processed\tess\spectrograms\YAF_kite_disgust_spec.npy
YAF_knock_disgust,disgust,1,data\processed\tess\features\YAF_knock_disgust_mfcc.npy,data\processed\tess\spectrograms\YAF_knock_disgust_spec.npy
YAF_late_disgust,disgust,1,data\processed\tess\features\YAF_late_disgust_mfcc.npy,data\processed\tess\spectrograms\YAF_late_disgust_spec.npy
YAF_laud_disgust,disgust,1,data\processed\tess\features\YAF_laud_disgust_mfcc.npy,data\processed\tess\spectrograms\YAF_laud_disgust_spec.npy
YAF_lean_disgust,disgust,1,data\processed\tess\features\YAF_lean_disgust_mfcc.npy,data\processed\tess\spectrograms\YAF_lean_disgust_spec.npy
YAF_learn_disgust,disgust,1,data\processed\tess\features\YAF_learn_disgust_mfcc.npy,data\processed\tess\spectrograms\YAF_learn_disgust_spec.npy
YAF_lease_disgust,disgust,1,data\processed\tess\features\YAF_lease_disgust_mfcc.npy,data\processed\tess\spectrograms\YAF_lease_disgust_spec.npy
YAF_lid_disgust,disgust,1,data\processed\tess\features\YAF_lid_disgust_mfcc.npy,data\processed\tess\spectrograms\YAF_lid_disgust_spec.npy
YAF_life_disgust,disgust,1,data\processed\tess\features\YAF_life_disgust_mfcc.npy,data\processed\tess\spectrograms\YAF_life_disgust_spec.npy
YAF_limb_disgust,disgust,1,data\processed\tess\features\YAF_limb_disgust_mfcc.npy,data\processed\tess\spectrograms\YAF_limb_disgust_spec.npy
YAF_live_disgust,disgust,1,data\processed\tess\features\YAF_live_disgust_mfcc.npy,data\processed\tess\spectrograms\YAF_live_disgust_spec.npy
YAF_loaf_disgust,disgust,1,data\processed\tess\features\YAF_loaf_disgust_mfcc.npy,data\processed\tess\spectrograms\YAF_loaf_disgust_spec.npy
YAF_long_disgust,disgust,1,data\processed\tess\features\YAF_long_disgust_mfcc.npy,data\processed\tess\spectrograms\YAF_long_disgust_spec.npy
YAF_lore_disgust,disgust,1,data\processed\tess\features\YAF_lore_disgust_mfcc.npy,data\processed\tess\spectrograms\YAF_lore_disgust_spec.npy
YAF_lose_disgust,disgust,1,data\processed\tess\features\YAF_lose_disgust_mfcc.npy,data\processed\tess\spectrograms\YAF_lose_disgust_spec.npy
YAF_lot_disgust,disgust,1,data\processed\tess\features\YAF_lot_disgust_mfcc.npy,data\processed\tess\spectrograms\YAF_lot_disgust_spec.npy
YAF_love_disgust,disgust,1,data\processed\tess\features\YAF_love_disgust_mfcc.npy,data\processed\tess\spectrograms\YAF_love_disgust_spec.npy
YAF_luck_disgust,disgust,1,data\processed\tess\features\YAF_luck_disgust_mfcc.npy,data\processed\tess\spectrograms\YAF_luck_disgust_spec.npy
YAF_make_disgust,disgust,1,data\processed\tess\features\YAF_make_disgust_mfcc.npy,data\processed\tess\spectrograms\YAF_make_disgust_spec.npy
YAF_match_disgust,disgust,1,data\processed\tess\features\YAF_match_disgust_mfcc.npy,data\processed\tess\spectrograms\YAF_match_disgust_spec.npy
YAF_merge_disgust,disgust,1,data\processed\tess\features\YAF_merge_disgust_mfcc.npy,data\processed\tess\spectrograms\YAF_merge_disgust_spec.npy
YAF_mess_disgust,disgust,1,data\processed\tess\features\YAF_mess_disgust_mfcc.npy,data\processed\tess\spectrograms\YAF_mess_disgust_spec.npy
YAF_met_disgust,disgust,1,data\processed\tess\features\YAF_met_disgust_mfcc.npy,data\processed\tess\spectrograms\YAF_met_disgust_spec.npy
YAF_mill_disgust,disgust,1,data\processed\tess\features\YAF_mill_disgust_mfcc.npy,data\processed\tess\spectrograms\YAF_mill_disgust_spec.npy
YAF_mob_disgust,disgust,1,data\processed\tess\features\YAF_mob_disgust_mfcc.npy,data\processed\tess\spectrograms\YAF_mob_disgust_spec.npy
YAF_mode_disgust,disgust,1,data\processed\tess\features\YAF_mode_disgust_mfcc.npy,data\processed\tess\spectrograms\YAF_mode_disgust_spec.npy
YAF_mood_disgust,disgust,1,data\processed\tess\features\YAF_mood_disgust_mfcc.npy,data\processed\tess\spectrograms\YAF_mood_disgust_spec.npy
YAF_moon_disgust,disgust,1,data\processed\tess\features\YAF_moon_disgust_mfcc.npy,data\processed\tess\spectrograms\YAF_moon_disgust_spec.npy
YAF_mop_disgust,disgust,1,data\processed\tess\features\YAF_mop_disgust_mfcc.npy,data\processed\tess\spectrograms\YAF_mop_disgust_spec.npy
YAF_mouse_disgust,disgust,1,data\processed\tess\features\YAF_mouse_disgust_mfcc.npy,data\processed\tess\spectrograms\YAF_mouse_disgust_spec.npy
YAF_nag_disgust,disgust,1,data\processed\tess\features\YAF_nag_disgust_mfcc.npy,data\processed\tess\spectrograms\YAF_nag_disgust_spec.npy
YAF_name_disgust,disgust,1,data\processed\tess\features\YAF_name_disgust_mfcc.npy,data\processed\tess\spectrograms\YAF_name_disgust_spec.npy
YAF_near_disgust,disgust,1,data\processed\tess\features\YAF_near_disgust_mfcc.npy,data\processed\tess\spectrograms\YAF_near_disgust_spec.npy
YAF_neat_disgust,disgust,1,data\processed\tess\features\YAF_neat_disgust_mfcc.npy,data\processed\tess\spectrograms\YAF_neat_disgust_spec.npy
YAF_nice_disgust,disgust,1,data\processed\tess\features\YAF_nice_disgust_mfcc.npy,data\processed\tess\spectrograms\YAF_nice_disgust_spec.npy
YAF_note_disgust,disgust,1,data\processed\tess\features\YAF_note_disgust_mfcc.npy,data\processed\tess\spectrograms\YAF_note_disgust_spec.npy
YAF_numb_disgust,disgust,1,data\processed\tess\features\YAF_numb_disgust_mfcc.npy,data\processed\tess\spectrograms\YAF_numb_disgust_spec.npy
YAF_pad_disgust,disgust,1,data\processed\tess\features\YAF_pad_disgust_mfcc.npy,data\processed\tess\spectrograms\YAF_pad_disgust_spec.npy
YAF_page_disgust,disgust,1,data\processed\tess\features\YAF_page_disgust_mfcc.npy,data\processed\tess\spectrograms\YAF_page_disgust_spec.npy
YAF_pain_disgust,disgust,1,data\processed\tess\features\YAF_pain_disgust_mfcc.npy,data\processed\tess\spectrograms\YAF_pain_disgust_spec.npy
YAF_pass_disgust,disgust,1,data\processed\tess\features\YAF_pass_disgust_mfcc.npy,data\processed\tess\spectrograms\YAF_pass_disgust_spec.npy
YAF_pearl_disgust,disgust,1,data\processed\tess\features\YAF_pearl_disgust_mfcc.npy,data\processed\tess\spectrograms\YAF_pearl_disgust_spec.npy
YAF_peg_disgust,disgust,1,data\processed\tess\features\YAF_peg_disgust_mfcc.npy,data\processed\tess\spectrograms\YAF_peg_disgust_spec.npy
YAF_perch_disgust,disgust,1,data\processed\tess\features\YAF_perch_disgust_mfcc.npy,data\processed\tess\spectrograms\YAF_perch_disgust_spec.npy
YAF_phone_disgust,disgust,1,data\processed\tess\features\YAF_phone_disgust_mfcc.npy,data\processed\tess\spectrograms\YAF_phone_disgust_spec.npy
YAF_pick_disgust,disgust,1,data\processed\tess\features\YAF_pick_disgust_mfcc.npy,data\processed\tess\spectrograms\YAF_pick_disgust_spec.npy
YAF_pike_disgust,disgust,1,data\processed\tess\features\YAF_pike_disgust_mfcc.npy,data\processed\tess\spectrograms\YAF_pike_disgust_spec.npy
YAF_pole_disgust,disgust,1,data\processed\tess\features\YAF_pole_disgust_mfcc.npy,data\processed\tess\spectrograms\YAF_pole_disgust_spec.npy
YAF_pool_disgust,disgust,1,data\processed\tess\features\YAF_pool_disgust_mfcc.npy,data\processed\tess\spectrograms\YAF_pool_disgust_spec.npy
YAF_puff_disgust,disgust,1,data\processed\tess\features\YAF_puff_disgust_mfcc.npy,data\processed\tess\spectrograms\YAF_puff_disgust_spec.npy
YAF_rag_disgust,disgust,1,data\processed\tess\features\YAF_rag_disgust_mfcc.npy,data\processed\tess\spectrograms\YAF_rag_disgust_spec.npy
YAF_raid_disgust,disgust,1,data\processed\tess\features\YAF_raid_disgust_mfcc.npy,data\processed\tess\spectrograms\YAF_raid_disgust_spec.npy
YAF_rain_disgust,disgust,1,data\processed\tess\features\YAF_rain_disgust_mfcc.npy,data\processed\tess\spectrograms\YAF_rain_disgust_spec.npy
YAF_raise_disgust,disgust,1,data\processed\tess\features\YAF_raise_disgust_mfcc.npy,data\processed\tess\spectrograms\YAF_raise_disgust_spec.npy
YAF_rat_disgust,disgust,1,data\processed\tess\features\YAF_rat_disgust_mfcc.npy,data\processed\tess\spectrograms\YAF_rat_disgust_spec.npy
YAF_reach_disgust,disgust,1,data\processed\tess\features\YAF_reach_disgust_mfcc.npy,data\processed\tess\spectrograms\YAF_reach_disgust_spec.npy
YAF_read_disgust,disgust,1,data\processed\tess\features\YAF_read_disgust_mfcc.npy,data\processed\tess\spectrograms\YAF_read_disgust_spec.npy
YAF_red_disgust,disgust,1,data\processed\tess\features\YAF_red_disgust_mfcc.npy,data\processed\tess\spectrograms\YAF_red_disgust_spec.npy
YAF_ring_disgust,disgust,1,data\processed\tess\features\YAF_ring_disgust_mfcc.npy,data\processed\tess\spectrograms\YAF_ring_disgust_spec.npy
YAF_ripe_disgust,disgust,1,data\processed\tess\features\YAF_ripe_disgust_mfcc.npy,data\processed\tess\spectrograms\YAF_ripe_disgust_spec.npy
YAF_road_disgust,disgust,1,data\processed\tess\features\YAF_road_disgust_mfcc.npy,data\processed\tess\spectrograms\YAF_road_disgust_spec.npy
YAF_room_disgust,disgust,1,data\processed\tess\features\YAF_room_disgust_mfcc.npy,data\processed\tess\spectrograms\YAF_room_disgust_spec.npy
YAF_rose_disgust,disgust,1,data\processed\tess\features\YAF_rose_disgust_mfcc.npy,data\processed\tess\spectrograms\YAF_rose_disgust_spec.npy
YAF_rot_disgust,disgust,1,data\processed\tess\features\YAF_rot_disgust_mfcc.npy,data\processed\tess\spectrograms\YAF_rot_disgust_spec.npy
YAF_rough_disgust,disgust,1,data\processed\tess\features\YAF_rough_disgust_mfcc.npy,data\processed\tess\spectrograms\YAF_rough_disgust_spec.npy
YAF_rush_disgust,disgust,1,data\processed\tess\features\YAF_rush_disgust_mfcc.npy,data\processed\tess\spectrograms\YAF_rush_disgust_spec.npy
YAF_said_disgust,disgust,1,data\processed\tess\features\YAF_said_disgust_mfcc.npy,data\processed\tess\spectrograms\YAF_said_disgust_spec.npy
YAF_sail_disgust,disgust,1,data\processed\tess\features\YAF_sail_disgust_mfcc.npy,data\processed\tess\spectrograms\YAF_sail_disgust_spec.npy
YAF_search_disgust,disgust,1,data\processed\tess\features\YAF_search_disgust_mfcc.npy,data\processed\tess\spectrograms\YAF_search_disgust_spec.npy
YAF_seize_disgust,disgust,1,data\processed\tess\features\YAF_seize_disgust_mfcc.npy,data\processed\tess\spectrograms\YAF_seize_disgust_spec.npy
YAF_sell_disgust,disgust,1,data\processed\tess\features\YAF_sell_disgust_mfcc.npy,data\processed\tess\spectrograms\YAF_sell_disgust_spec.npy
YAF_shack_disgust,disgust,1,data\processed\tess\features\YAF_shack_disgust_mfcc.npy,data\processed\tess\spectrograms\YAF_shack_disgust_spec.npy
YAF_shall_disgust,disgust,1,data\processed\tess\features\YAF_shall_disgust_mfcc.npy,data\processed\tess\spectrograms\YAF_shall_disgust_spec.npy
YAF_shawl_disgust,disgust,1,data\processed\tess\features\YAF_shawl_disgust_mfcc.npy,data\processed\tess\spectrograms\YAF_shawl_disgust_spec.npy
YAF_sheep_disgust,disgust,1,data\processed\tess\features\YAF_sheep_disgust_mfcc.npy,data\processed\tess\spectrograms\YAF_sheep_disgust_spec.npy
YAF_shirt_disgust,disgust,1,data\processed\tess\features\YAF_shirt_disgust_mfcc.npy,data\processed\tess\spectrograms\YAF_shirt_disgust_spec.npy
YAF_should_disgust,disgust,1,data\processed\tess\features\YAF_should_disgust_mfcc.npy,data\processed\tess\spectrograms\YAF_should_disgust_spec.npy
YAF_shout_disgust,disgust,1,data\processed\tess\features\YAF_shout_disgust_mfcc.npy,data\processed\tess\spectrograms\YAF_shout_disgust_spec.npy
YAF_size_disgust,disgust,1,data\processed\tess\features\YAF_size_disgust_mfcc.npy,data\processed\tess\spectrograms\YAF_size_disgust_spec.npy
YAF_soap_disgust,disgust,1,data\processed\tess\features\YAF_soap_disgust_mfcc.npy,data\processed\tess\spectrograms\YAF_soap_disgust_spec.npy
YAF_soup_disgust,disgust,1,data\processed\tess\features\YAF_soup_disgust_mfcc.npy,data\processed\tess\spectrograms\YAF_soup_disgust_spec.npy
YAF_sour_disgust,disgust,1,data\processed\tess\features\YAF_sour_disgust_mfcc.npy,data\processed\tess\spectrograms\YAF_sour_disgust_spec.npy
YAF_south_disgust,disgust,1,data\processed\tess\features\YAF_south_disgust_mfcc.npy,data\processed\tess\spectrograms\YAF_south_disgust_spec.npy
YAF_sub_disgust,disgust,1,data\processed\tess\features\YAF_sub_disgust_mfcc.npy,data\processed\tess\spectrograms\YAF_sub_disgust_spec.npy
YAF_such_disgust,disgust,1,data\processed\tess\features\YAF_such_disgust_mfcc.npy,data\processed\tess\spectrograms\YAF_such_disgust_spec.npy
YAF_sure_disgust,disgust,1,data\processed\tess\features\YAF_sure_disgust_mfcc.npy,data\processed\tess\spectrograms\YAF_sure_disgust_spec.npy
YAF_take_disgust,disgust,1,data\processed\tess\features\YAF_take_disgust_mfcc.npy,data\processed\tess\spectrograms\YAF_take_disgust_spec.npy
YAF_talk_disgust,disgust,1,data\processed\tess\features\YAF_talk_disgust_mfcc.npy,data\processed\tess\spectrograms\YAF_talk_disgust_spec.npy
YAF_tape_disgust,disgust,1,data\processed\tess\features\YAF_tape_disgust_mfcc.npy,data\processed\tess\spectrograms\YAF_tape_disgust_spec.npy
YAF_team_disgust,disgust,1,data\processed\tess\features\YAF_team_disgust_mfcc.npy,data\processed\tess\spectrograms\YAF_team_disgust_spec.npy
YAF_tell_disgust,disgust,1,data\processed\tess\features\YAF_tell_disgust_mfcc.npy,data\processed\tess\spectrograms\YAF_tell_disgust_spec.npy
YAF_thin_disgust,disgust,1,data\processed\tess\features\YAF_thin_disgust_mfcc.npy,data\processed\tess\spectrograms\YAF_thin_disgust_spec.npy
YAF_third_disgust,disgust,1,data\processed\tess\features\YAF_third_disgust_mfcc.npy,data\processed\tess\spectrograms\YAF_third_disgust_spec.npy
YAF_thought_disgust,disgust,1,data\processed\tess\features\YAF_thought_disgust_mfcc.npy,data\processed\tess\spectrograms\YAF_thought_disgust_spec.npy
YAF_thumb_disgust,disgust,1,data\processed\tess\features\YAF_thumb_disgust_mfcc.npy,data\processed\tess\spectrograms\YAF_thumb_disgust_spec.npy
YAF_time_disgust,disgust,1,data\processed\tess\features\YAF_time_disgust_mfcc.npy,data\processed\tess\spectrograms\YAF_time_disgust_spec.npy
YAF_tip_disgust,disgust,1,data\processed\tess\features\YAF_tip_disgust_mfcc.npy,data\processed\tess\spectrograms\YAF_tip_disgust_spec.npy
YAF_tire_disgust,disgust,1,data\processed\tess\features\YAF_tire_disgust_mfcc.npy,data\processed\tess\spectrograms\YAF_tire_disgust_spec.npy
YAF_ton_disgust,disgust,1,data\processed\tess\features\YAF_ton_disgust_mfcc.npy,data\processed\tess\spectrograms\YAF_ton_disgust_spec.npy
YAF_tool_disgust,disgust,1,data\processed\tess\features\YAF_tool_disgust_mfcc.npy,data\processed\tess\spectrograms\YAF_tool_disgust_spec.npy
YAF_tough_disgust,disgust,1,data\processed\tess\features\YAF_tough_disgust_mfcc.npy,data\processed\tess\spectrograms\YAF_tough_disgust_spec.npy
YAF_turn_disgust,disgust,1,data\processed\tess\features\YAF_turn_disgust_mfcc.npy,data\processed\tess\spectrograms\YAF_turn_disgust_spec.npy
YAF_vine_disgust,disgust,1,data\processed\tess\features\YAF_vine_disgust_mfcc.npy,data\processed\tess\spectrograms\YAF_vine_disgust_spec.npy
YAF_voice_disgust,disgust,1,data\processed\tess\features\YAF_voice_disgust_mfcc.npy,data\processed\tess\spectrograms\YAF_voice_disgust_spec.npy
YAF_void_disgust,disgust,1,data\processed\tess\features\YAF_void_disgust_mfcc.npy,data\processed\tess\spectrograms\YAF_void_disgust_spec.npy
YAF_vote_disgust,disgust,1,data\processed\tess\features\YAF_vote_disgust_mfcc.npy,data\processed\tess\spectrograms\YAF_vote_disgust_spec.npy
YAF_wag_disgust,disgust,1,data\processed\tess\features\YAF_wag_disgust_mfcc.npy,data\processed\tess\spectrograms\YAF_wag_disgust_spec.npy
YAF_walk_disgust,disgust,1,data\processed\tess\features\YAF_walk_disgust_mfcc.npy,data\processed\tess\spectrograms\YAF_walk_disgust_spec.npy
YAF_wash_disgust,disgust,1,data\processed\tess\features\YAF_wash_disgust_mfcc.npy,data\processed\tess\spectrograms\YAF_wash_disgust_spec.npy
YAF_week_disgust,disgust,1,data\processed\tess\features\YAF_week_disgust_mfcc.npy,data\processed\tess\spectrograms\YAF_week_disgust_spec.npy
YAF_wheat_disgust,disgust,1,data\processed\tess\features\YAF_wheat_disgust_mfcc.npy,data\processed\tess\spectrograms\YAF_wheat_disgust_spec.npy
YAF_when_disgust,disgust,1,data\processed\tess\features\YAF_when_disgust_mfcc.npy,data\processed\tess\spectrograms\YAF_when_disgust_spec.npy
YAF_which_disgust,disgust,1,data\processed\tess\features\YAF_which_disgust_mfcc.npy,data\processed\tess\spectrograms\YAF_which_disgust_spec.npy
YAF_whip_disgust,disgust,1,data\processed\tess\features\YAF_whip_disgust_mfcc.npy,data\processed\tess\spectrograms\YAF_whip_disgust_spec.npy
YAF_white_disgust,disgust,1,data\processed\tess\features\YAF_white_disgust_mfcc.npy,data\processed\tess\spectrograms\YAF_white_disgust_spec.npy
YAF_wife_disgust,disgust,1,data\processed\tess\features\YAF_wife_disgust_mfcc.npy,data\processed\tess\spectrograms\YAF_wife_disgust_spec.npy
YAF_wire_disgust,disgust,1,data\processed\tess\features\YAF_wire_disgust_mfcc.npy,data\processed\tess\spectrograms\YAF_wire_disgust_spec.npy
YAF_witch_disgust,disgust,1,data\processed\tess\features\YAF_witch_disgust_mfcc.npy,data\processed\tess\spectrograms\YAF_witch_disgust_spec.npy
YAF_yearn_disgust,disgust,1,data\processed\tess\features\YAF_yearn_disgust_mfcc.npy,data\processed\tess\spectrograms\YAF_yearn_disgust_spec.npy
YAF_yes_disgust,disgust,1,data\processed\tess\features\YAF_yes_disgust_mfcc.npy,data\processed\tess\spectrograms\YAF_yes_disgust_spec.npy
YAF_young_disgust,disgust,1,data\processed\tess\features\YAF_young_disgust_mfcc.npy,data\processed\tess\spectrograms\YAF_young_disgust_spec.npy
YAF_youth_disgust,disgust,1,data\processed\tess\features\YAF_youth_disgust_mfcc.npy,data\processed\tess\spectrograms\YAF_youth_disgust_spec.npy
YAF_back_fear,fear,1,data\processed\tess\features\YAF_back_fear_mfcc.npy,data\processed\tess\spectrograms\YAF_back_fear_spec.npy
YAF_bar_fear,fear,1,data\processed\tess\features\YAF_bar_fear_mfcc.npy,data\processed\tess\spectrograms\YAF_bar_fear_spec.npy
YAF_base_fear,fear,1,data\processed\tess\features\YAF_base_fear_mfcc.npy,data\processed\tess\spectrograms\YAF_base_fear_spec.npy
YAF_bath_fear,fear,1,data\processed\tess\features\YAF_bath_fear_mfcc.npy,data\processed\tess\spectrograms\YAF_bath_fear_spec.npy
YAF_bean_fear,fear,1,data\processed\tess\features\YAF_bean_fear_mfcc.npy,data\processed\tess\spectrograms\YAF_bean_fear_spec.npy
YAF_beg_fear,fear,1,data\processed\tess\features\YAF_beg_fear_mfcc.npy,data\processed\tess\spectrograms\YAF_beg_fear_spec.npy
YAF_bite_fear,fear,1,data\processed\tess\features\YAF_bite_fear_mfcc.npy,data\processed\tess\spectrograms\YAF_bite_fear_spec.npy
YAF_boat_fear,fear,1,data\processed\tess\features\YAF_boat_fear_mfcc.npy,data\processed\tess\spectrograms\YAF_boat_fear_spec.npy
YAF_bone_fear,fear,1,data\processed\tess\features\YAF_bone_fear_mfcc.npy,data\processed\tess\spectrograms\YAF_bone_fear_spec.npy
YAF_book_fear,fear,1,data\processed\tess\features\YAF_book_fear_mfcc.npy,data\processed\tess\spectrograms\YAF_book_fear_spec.npy
YAF_bought_fear,fear,1,data\processed\tess\features\YAF_bought_fear_mfcc.npy,data\processed\tess\spectrograms\YAF_bought_fear_spec.npy
YAF_burn_fear,fear,1,data\processed\tess\features\YAF_burn_fear_mfcc.npy,data\processed\tess\spectrograms\YAF_burn_fear_spec.npy
YAF_cab_fear,fear,1,data\processed\tess\features\YAF_cab_fear_mfcc.npy,data\processed\tess\spectrograms\YAF_cab_fear_spec.npy
YAF_calm_fear,fear,1,data\processed\tess\features\YAF_calm_fear_mfcc.npy,data\processed\tess\spectrograms\YAF_calm_fear_spec.npy
YAF_came_fear,fear,1,data\processed\tess\features\YAF_came_fear_mfcc.npy,data\processed\tess\spectrograms\YAF_came_fear_spec.npy
YAF_cause_fear,fear,1,data\processed\tess\features\YAF_cause_fear_mfcc.npy,data\processed\tess\spectrograms\YAF_cause_fear_spec.npy
YAF_chain_fear,fear,1,data\processed\tess\features\YAF_chain_fear_mfcc.npy,data\processed\tess\spectrograms\YAF_chain_fear_spec.npy
YAF_chair_fear,fear,1,data\processed\tess\features\YAF_chair_fear_mfcc.npy,data\processed\tess\spectrograms\YAF_chair_fear_spec.npy
YAF_chalk_fear,fear,1,data\processed\tess\features\YAF_chalk_fear_mfcc.npy,data\processed\tess\spectrograms\YAF_chalk_fear_spec.npy
YAF_chat_fear,fear,1,data\processed\tess\features\YAF_chat_fear_mfcc.npy,data\processed\tess\spectrograms\YAF_chat_fear_spec.npy
YAF_check_fear,fear,1,data\processed\tess\features\YAF_check_fear_mfcc.npy,data\processed\tess\spectrograms\YAF_check_fear_spec.npy
YAF_cheek_fear,fear,1,data\processed\tess\features\YAF_cheek_fear_mfcc.npy,data\processed\tess\spectrograms\YAF_cheek_fear_spec.npy
YAF_chief_fear,fear,1,data\processed\tess\features\YAF_chief_fear_mfcc.npy,data\processed\tess\spectrograms\YAF_chief_fear_spec.npy
YAF_choice_fear,fear,1,data\processed\tess\features\YAF_choice_fear_mfcc.npy,data\processed\tess\spectrograms\YAF_choice_fear_spec.npy
YAF_cool_fear,fear,1,data\processed\tess\features\YAF_cool_fear_mfcc.npy,data\processed\tess\spectrograms\YAF_cool_fear_spec.npy
YAF_dab_fear,fear,1,data\processed\tess\features\YAF_dab_fear_mfcc.npy,data\processed\tess\spectrograms\YAF_dab_fear_spec.npy
YAF_date_fear,fear,1,data\processed\tess\features\YAF_date_fear_mfcc.npy,data\processed\tess\spectrograms\YAF_date_fear_spec.npy
YAF_dead_fear,fear,1,data\processed\tess\features\YAF_dead_fear_mfcc.npy,data\processed\tess\spectrograms\YAF_dead_fear_spec.npy
YAF_death_fear,fear,1,data\processed\tess\features\YAF_death_fear_mfcc.npy,data\processed\tess\spectrograms\YAF_death_fear_spec.npy
YAF_deep_fear,fear,1,data\processed\tess\features\YAF_deep_fear_mfcc.npy,data\processed\tess\spectrograms\YAF_deep_fear_spec.npy
YAF_dime_fear,fear,1,data\processed\tess\features\YAF_dime_fear_mfcc.npy,data\processed\tess\spectrograms\YAF_dime_fear_spec.npy
YAF_dip_fear,fear,1,data\processed\tess\features\YAF_dip_fear_mfcc.npy,data\processed\tess\spectrograms\YAF_dip_fear_spec.npy
YAF_ditch_fear,fear,1,data\processed\tess\features\YAF_ditch_fear_mfcc.npy,data\processed\tess\spectrograms\YAF_ditch_fear_spec.npy
YAF_dodge_fear,fear,1,data\processed\tess\features\YAF_dodge_fear_mfcc.npy,data\processed\tess\spectrograms\YAF_dodge_fear_spec.npy
YAF_dog_fear,fear,1,data\processed\tess\features\YAF_dog_fear_mfcc.npy,data\processed\tess\spectrograms\YAF_dog_fear_spec.npy
YAF_doll_fear,fear,1,data\processed\tess\features\YAF_doll_fear_mfcc.npy,data\processed\tess\spectrograms\YAF_doll_fear_spec.npy
YAF_door_fear,fear,1,data\processed\tess\features\YAF_door_fear_mfcc.npy,data\processed\tess\spectrograms\YAF_door_fear_spec.npy
YAF_fail_fear,fear,1,data\processed\tess\features\YAF_fail_fear_mfcc.npy,data\processed\tess\spectrograms\YAF_fail_fear_spec.npy
YAF_fall_fear,fear,1,data\processed\tess\features\YAF_fall_fear_mfcc.npy,data\processed\tess\spectrograms\YAF_fall_fear_spec.npy
YAF_far_fear,fear,1,data\processed\tess\features\YAF_far_fear_mfcc.npy,data\processed\tess\spectrograms\YAF_far_fear_spec.npy
YAF_fat_fear,fear,1,data\processed\tess\features\YAF_fat_fear_mfcc.npy,data\processed\tess\spectrograms\YAF_fat_fear_spec.npy
YAF_fit_fear,fear,1,data\processed\tess\features\YAF_fit_fear_mfcc.npy,data\processed\tess\spectrograms\YAF_fit_fear_spec.npy
YAF_five_fear,fear,1,data\processed\tess\features\YAF_five_fear_mfcc.npy,data\processed\tess\spectrograms\YAF_five_fear_spec.npy
YAF_food_fear,fear,1,data\processed\tess\features\YAF_food_fear_mfcc.npy,data\processed\tess\spectrograms\YAF_food_fear_spec.npy
YAF_gap_fear,fear,1,data\processed\tess\features\YAF_gap_fear_mfcc.npy,data\processed\tess\spectrograms\YAF_gap_fear_spec.npy
YAF_gas_fear,fear,1,data\processed\tess\features\YAF_gas_fear_mfcc.npy,data\processed\tess\spectrograms\YAF_gas_fear_spec.npy
YAF_gaze_fear,fear,1,data\processed\tess\features\YAF_gaze_fear_mfcc.npy,data\processed\tess\spectrograms\YAF_gaze_fear_spec.npy
YAF_germ_fear,fear,1,data\processed\tess\features\YAF_germ_fear_mfcc.npy,data\processed\tess\spectrograms\YAF_germ_fear_spec.npy
YAF_get_fear,fear,1,data\processed\tess\features\YAF_get_fear_mfcc.npy,data\processed\tess\spectrograms\YAF_get_fear_spec.npy
YAF_gin_fear,fear,1,data\processed\tess\features\YAF_gin_fear_mfcc.npy,data\processed\tess\spectrograms\YAF_gin_fear_spec.npy
YAF_goal_fear,fear,1,data\processed\tess\features\YAF_goal_fear_mfcc.npy,data\processed\tess\spectrograms\YAF_goal_fear_spec.npy
YAF_good_fear,fear,1,data\processed\tess\features\YAF_good_fear_mfcc.npy,data\processed\tess\spectrograms\YAF_good_fear_spec.npy
YAF_goose_fear,fear,1,data\processed\tess\features\YAF_goose_fear_mfcc.npy,data\processed\tess\spectrograms\YAF_goose_fear_spec.npy
YAF_gun_fear,fear,1,data\processed\tess\features\YAF_gun_fear_mfcc.npy,data\processed\tess\spectrograms\YAF_gun_fear_spec.npy
YAF_half_fear,fear,1,data\processed\tess\features\YAF_half_fear_mfcc.npy,data\processed\tess\spectrograms\YAF_half_fear_spec.npy
YAF_hall_fear,fear,1,data\processed\tess\features\YAF_hall_fear_mfcc.npy,data\processed\tess\spectrograms\YAF_hall_fear_spec.npy
YAF_hash_fear,fear,1,data\processed\tess\features\YAF_hash_fear_mfcc.npy,data\processed\tess\spectrograms\YAF_hash_fear_spec.npy
YAF_hate_fear,fear,1,data\processed\tess\features\YAF_hate_fear_mfcc.npy,data\processed\tess\spectrograms\YAF_hate_fear_spec.npy
YAF_have_fear,fear,1,data\processed\tess\features\YAF_have_fear_mfcc.npy,data\processed\tess\spectrograms\YAF_have_fear_spec.npy
YAF_haze_fear,fear,1,data\processed\tess\features\YAF_haze_fear_mfcc.npy,data\processed\tess\spectrograms\YAF_haze_fear_spec.npy
YAF_hire_fear,fear,1,data\processed\tess\features\YAF_hire_fear_mfcc.npy,data\processed\tess\spectrograms\YAF_hire_fear_spec.npy
YAF_hit_fear,fear,1,data\processed\tess\features\YAF_hit_fear_mfcc.npy,data\processed\tess\spectrograms\YAF_hit_fear_spec.npy
YAF_hole_fear,fear,1,data\processed\tess\features\YAF_hole_fear_mfcc.npy,data\processed\tess\spectrograms\YAF_hole_fear_spec.npy
YAF_home_fear,fear,1,data\processed\tess\features\YAF_home_fear_mfcc.npy,data\processed\tess\spectrograms\YAF_home_fear_spec.npy
YAF_hurl_fear,fear,1,data\processed\tess\features\YAF_hurl_fear_mfcc.npy,data\processed\tess\spectrograms\YAF_hurl_fear_spec.npy
YAF_hush_fear,fear,1,data\processed\tess\features\YAF_hush_fear_mfcc.npy,data\processed\tess\spectrograms\YAF_hush_fear_spec.npy
YAF_jail_fear,fear,1,data\processed\tess\features\YAF_jail_fear_mfcc.npy,data\processed\tess\spectrograms\YAF_jail_fear_spec.npy
YAF_jar_fear,fear,1,data\processed\tess\features\YAF_jar_fear_mfcc.npy,data\processed\tess\spectrograms\YAF_jar_fear_spec.npy
YAF_join_fear,fear,1,data\processed\tess\features\YAF_join_fear_mfcc.npy,data\processed\tess\spectrograms\YAF_join_fear_spec.npy
YAF_judge_fear,fear,1,data\processed\tess\features\YAF_judge_fear_mfcc.npy,data\processed\tess\spectrograms\YAF_judge_fear_spec.npy
YAF_jug_fear,fear,1,data\processed\tess\features\YAF_jug_fear_mfcc.npy,data\processed\tess\spectrograms\YAF_jug_fear_spec.npy
YAF_juice_fear,fear,1,data\processed\tess\features\YAF_juice_fear_mfcc.npy,data\processed\tess\spectrograms\YAF_juice_fear_spec.npy
YAF_keen_fear,fear,1,data\processed\tess\features\YAF_keen_fear_mfcc.npy,data\processed\tess\spectrograms\YAF_keen_fear_spec.npy
YAF_keep_fear,fear,1,data\processed\tess\features\YAF_keep_fear_mfcc.npy,data\processed\tess\spectrograms\YAF_keep_fear_spec.npy
YAF_keg_fear,fear,1,data\processed\tess\features\YAF_keg_fear_mfcc.npy,data\processed\tess\spectrograms\YAF_keg_fear_spec.npy
YAF_kick_fear,fear,1,data\processed\tess\features\YAF_kick_fear_mfcc.npy,data\processed\tess\spectrograms\YAF_kick_fear_spec.npy
YAF_kill_fear,fear,1,data\processed\tess\features\YAF_kill_fear_mfcc.npy,data\processed\tess\spectrograms\YAF_kill_fear_spec.npy
YAF_king_fear,fear,1,data\processed\tess\features\YAF_king_fear_mfcc.npy,data\processed\tess\spectrograms\YAF_king_fear_spec.npy
YAF_kite_fear,fear,1,data\processed\tess\features\YAF_kite_fear_mfcc.npy,data\processed\tess\spectrograms\YAF_kite_fear_spec.npy
YAF_knock_fear,fear,1,data\processed\tess\features\YAF_knock_fear_mfcc.npy,data\processed\tess\spectrograms\YAF_knock_fear_spec.npy
YAF_late_fear,fear,1,data\processed\tess\features\YAF_late_fear_mfcc.npy,data\processed\tess\spectrograms\YAF_late_fear_spec.npy
YAF_laud_fear,fear,1,data\processed\tess\features\YAF_laud_fear_mfcc.npy,data\processed\tess\spectrograms\YAF_laud_fear_spec.npy
YAF_lean_fear,fear,1,data\processed\tess\features\YAF_lean_fear_mfcc.npy,data\processed\tess\spectrograms\YAF_lean_fear_spec.npy
YAF_learn_fear,fear,1,data\processed\tess\features\YAF_learn_fear_mfcc.npy,data\processed\tess\spectrograms\YAF_learn_fear_spec.npy
YAF_lease_fear,fear,1,data\processed\tess\features\YAF_lease_fear_mfcc.npy,data\processed\tess\spectrograms\YAF_lease_fear_spec.npy
YAF_lid_fear,fear,1,data\processed\tess\features\YAF_lid_fear_mfcc.npy,data\processed\tess\spectrograms\YAF_lid_fear_spec.npy
YAF_life_fear,fear,1,data\processed\tess\features\YAF_life_fear_mfcc.npy,data\processed\tess\spectrograms\YAF_life_fear_spec.npy
YAF_limb_fear,fear,1,data\processed\tess\features\YAF_limb_fear_mfcc.npy,data\processed\tess\spectrograms\YAF_limb_fear_spec.npy
YAF_live_fear,fear,1,data\processed\tess\features\YAF_live_fear_mfcc.npy,data\processed\tess\spectrograms\YAF_live_fear_spec.npy
YAF_loaf_fear,fear,1,data\processed\tess\features\YAF_loaf_fear_mfcc.npy,data\processed\tess\spectrograms\YAF_loaf_fear_spec.npy
YAF_long_fear,fear,1,data\processed\tess\features\YAF_long_fear_mfcc.npy,data\processed\tess\spectrograms\YAF_long_fear_spec.npy
YAF_lore_fear,fear,1,data\processed\tess\features\YAF_lore_fear_mfcc.npy,data\processed\tess\spectrograms\YAF_lore_fear_spec.npy
YAF_lose_fear,fear,1,data\processed\tess\features\YAF_lose_fear_mfcc.npy,data\processed\tess\spectrograms\YAF_lose_fear_spec.npy
YAF_lot_fear,fear,1,data\processed\tess\features\YAF_lot_fear_mfcc.npy,data\processed\tess\spectrograms\YAF_lot_fear_spec.npy
YAF_love_fear,fear,1,data\processed\tess\features\YAF_love_fear_mfcc.npy,data\processed\tess\spectrograms\YAF_love_fear_spec.npy
YAF_luck_fear,fear,1,data\processed\tess\features\YAF_luck_fear_mfcc.npy,data\processed\tess\spectrograms\YAF_luck_fear_spec.npy
YAF_make_fear,fear,1,data\processed\tess\features\YAF_make_fear_mfcc.npy,data\processed\tess\spectrograms\YAF_make_fear_spec.npy
YAF_match_fear,fear,1,data\processed\tess\features\YAF_match_fear_mfcc.npy,data\processed\tess\spectrograms\YAF_match_fear_spec.npy
YAF_merge_fear,fear,1,data\processed\tess\features\YAF_merge_fear_mfcc.npy,data\processed\tess\spectrograms\YAF_merge_fear_spec.npy
YAF_mess_fear,fear,1,data\processed\tess\features\YAF_mess_fear_mfcc.npy,data\processed\tess\spectrograms\YAF_mess_fear_spec.npy
YAF_met_fear,fear,1,data\processed\tess\features\YAF_met_fear_mfcc.npy,data\processed\tess\spectrograms\YAF_met_fear_spec.npy
YAF_mill_fear,fear,1,data\processed\tess\features\YAF_mill_fear_mfcc.npy,data\processed\tess\spectrograms\YAF_mill_fear_spec.npy
YAF_mob_fear,fear,1,data\processed\tess\features\YAF_mob_fear_mfcc.npy,data\processed\tess\spectrograms\YAF_mob_fear_spec.npy
YAF_mode_fear,fear,1,data\processed\tess\features\YAF_mode_fear_mfcc.npy,data\processed\tess\spectrograms\YAF_mode_fear_spec.npy
YAF_mood_fear,fear,1,data\processed\tess\features\YAF_mood_fear_mfcc.npy,data\processed\tess\spectrograms\YAF_mood_fear_spec.npy
YAF_moon_fear,fear,1,data\processed\tess\features\YAF_moon_fear_mfcc.npy,data\processed\tess\spectrograms\YAF_moon_fear_spec.npy
YAF_mop_fear,fear,1,data\processed\tess\features\YAF_mop_fear_mfcc.npy,data\processed\tess\spectrograms\YAF_mop_fear_spec.npy
YAF_mouse_fear,fear,1,data\processed\tess\features\YAF_mouse_fear_mfcc.npy,data\processed\tess\spectrograms\YAF_mouse_fear_spec.npy
YAF_nag_fear,fear,1,data\processed\tess\features\YAF_nag_fear_mfcc.npy,data\processed\tess\spectrograms\YAF_nag_fear_spec.npy
YAF_name_fear,fear,1,data\processed\tess\features\YAF_name_fear_mfcc.npy,data\processed\tess\spectrograms\YAF_name_fear_spec.npy
YAF_near_fear,fear,1,data\processed\tess\features\YAF_near_fear_mfcc.npy,data\processed\tess\spectrograms\YAF_near_fear_spec.npy
YAF_neat_fear,fear,1,data\processed\tess\features\YAF_neat_fear_mfcc.npy,data\processed\tess\spectrograms\YAF_neat_fear_spec.npy
YAF_nice_fear,fear,1,data\processed\tess\features\YAF_nice_fear_mfcc.npy,data\processed\tess\spectrograms\YAF_nice_fear_spec.npy
YAF_note_fear,fear,1,data\processed\tess\features\YAF_note_fear_mfcc.npy,data\processed\tess\spectrograms\YAF_note_fear_spec.npy
YAF_numb_fear,fear,1,data\processed\tess\features\YAF_numb_fear_mfcc.npy,data\processed\tess\spectrograms\YAF_numb_fear_spec.npy
YAF_pad_fear,fear,1,data\processed\tess\features\YAF_pad_fear_mfcc.npy,data\processed\tess\spectrograms\YAF_pad_fear_spec.npy
YAF_page_fear,fear,1,data\processed\tess\features\YAF_page_fear_mfcc.npy,data\processed\tess\spectrograms\YAF_page_fear_spec.npy
YAF_pain_fear,fear,1,data\processed\tess\features\YAF_pain_fear_mfcc.npy,data\processed\tess\spectrograms\YAF_pain_fear_spec.npy
YAF_pass_fear,fear,1,data\processed\tess\features\YAF_pass_fear_mfcc.npy,data\processed\tess\spectrograms\YAF_pass_fear_spec.npy
YAF_pearl_fear,fear,1,data\processed\tess\features\YAF_pearl_fear_mfcc.npy,data\processed\tess\spectrograms\YAF_pearl_fear_spec.npy
YAF_peg_fear,fear,1,data\processed\tess\features\YAF_peg_fear_mfcc.npy,data\processed\tess\spectrograms\YAF_peg_fear_spec.npy
YAF_perch_fear,fear,1,data\processed\tess\features\YAF_perch_fear_mfcc.npy,data\processed\tess\spectrograms\YAF_perch_fear_spec.npy
YAF_phone_fear,fear,1,data\processed\tess\features\YAF_phone_fear_mfcc.npy,data\processed\tess\spectrograms\YAF_phone_fear_spec.npy
YAF_pick_fear,fear,1,data\processed\tess\features\YAF_pick_fear_mfcc.npy,data\processed\tess\spectrograms\YAF_pick_fear_spec.npy
YAF_pike_fear,fear,1,data\processed\tess\features\YAF_pike_fear_mfcc.npy,data\processed\tess\spectrograms\YAF_pike_fear_spec.npy
YAF_pole_fear,fear,1,data\processed\tess\features\YAF_pole_fear_mfcc.npy,data\processed\tess\spectrograms\YAF_pole_fear_spec.npy
YAF_pool_fear,fear,1,data\processed\tess\features\YAF_pool_fear_mfcc.npy,data\processed\tess\spectrograms\YAF_pool_fear_spec.npy
YAF_puff_fear,fear,1,data\processed\tess\features\YAF_puff_fear_mfcc.npy,data\processed\tess\spectrograms\YAF_puff_fear_spec.npy
YAF_rag_fear,fear,1,data\processed\tess\features\YAF_rag_fear_mfcc.npy,data\processed\tess\spectrograms\YAF_rag_fear_spec.npy
YAF_raid_fear,fear,1,data\processed\tess\features\YAF_raid_fear_mfcc.npy,data\processed\tess\spectrograms\YAF_raid_fear_spec.npy
YAF_rain_fear,fear,1,data\processed\tess\features\YAF_rain_fear_mfcc.npy,data\processed\tess\spectrograms\YAF_rain_fear_spec.npy
YAF_raise_fear,fear,1,data\processed\tess\features\YAF_raise_fear_mfcc.npy,data\processed\tess\spectrograms\YAF_raise_fear_spec.npy
YAF_rat_fear,fear,1,data\processed\tess\features\YAF_rat_fear_mfcc.npy,data\processed\tess\spectrograms\YAF_rat_fear_spec.npy
YAF_reach_fear,fear,1,data\processed\tess\features\YAF_reach_fear_mfcc.npy,data\processed\tess\spectrograms\YAF_reach_fear_spec.npy
YAF_read_fear,fear,1,data\processed\tess\features\YAF_read_fear_mfcc.npy,data\processed\tess\spectrograms\YAF_read_fear_spec.npy
YAF_red_fear,fear,1,data\processed\tess\features\YAF_red_fear_mfcc.npy,data\processed\tess\spectrograms\YAF_red_fear_spec.npy
YAF_ring_fear,fear,1,data\processed\tess\features\YAF_ring_fear_mfcc.npy,data\processed\tess\spectrograms\YAF_ring_fear_spec.npy
YAF_ripe_fear,fear,1,data\processed\tess\features\YAF_ripe_fear_mfcc.npy,data\processed\tess\spectrograms\YAF_ripe_fear_spec.npy
YAF_road_fear,fear,1,data\processed\tess\features\YAF_road_fear_mfcc.npy,data\processed\tess\spectrograms\YAF_road_fear_spec.npy
YAF_room_fear,fear,1,data\processed\tess\features\YAF_room_fear_mfcc.npy,data\processed\tess\spectrograms\YAF_room_fear_spec.npy
YAF_rose_fear,fear,1,data\processed\tess\features\YAF_rose_fear_mfcc.npy,data\processed\tess\spectrograms\YAF_rose_fear_spec.npy
YAF_rot_fear,fear,1,data\processed\tess\features\YAF_rot_fear_mfcc.npy,data\processed\tess\spectrograms\YAF_rot_fear_spec.npy
YAF_rough_fear,fear,1,data\processed\tess\features\YAF_rough_fear_mfcc.npy,data\processed\tess\spectrograms\YAF_rough_fear_spec.npy
YAF_rush_fear,fear,1,data\processed\tess\features\YAF_rush_fear_mfcc.npy,data\processed\tess\spectrograms\YAF_rush_fear_spec.npy
YAF_said_fear,fear,1,data\processed\tess\features\YAF_said_fear_mfcc.npy,data\processed\tess\spectrograms\YAF_said_fear_spec.npy
YAF_sail_fear,fear,1,data\processed\tess\features\YAF_sail_fear_mfcc.npy,data\processed\tess\spectrograms\YAF_sail_fear_spec.npy
YAF_search_fear,fear,1,data\processed\tess\features\YAF_search_fear_mfcc.npy,data\processed\tess\spectrograms\YAF_search_fear_spec.npy
YAF_seize_fear,fear,1,data\processed\tess\features\YAF_seize_fear_mfcc.npy,data\processed\tess\spectrograms\YAF_seize_fear_spec.npy
YAF_sell_fear,fear,1,data\processed\tess\features\YAF_sell_fear_mfcc.npy,data\processed\tess\spectrograms\YAF_sell_fear_spec.npy
YAF_shack_fear,fear,1,data\processed\tess\features\YAF_shack_fear_mfcc.npy,data\processed\tess\spectrograms\YAF_shack_fear_spec.npy
YAF_shall_fear,fear,1,data\processed\tess\features\YAF_shall_fear_mfcc.npy,data\processed\tess\spectrograms\YAF_shall_fear_spec.npy
YAF_shawl_fear,fear,1,data\processed\tess\features\YAF_shawl_fear_mfcc.npy,data\processed\tess\spectrograms\YAF_shawl_fear_spec.npy
YAF_sheep_fear,fear,1,data\processed\tess\features\YAF_sheep_fear_mfcc.npy,data\processed\tess\spectrograms\YAF_sheep_fear_spec.npy
YAF_shirt_fear,fear,1,data\processed\tess\features\YAF_shirt_fear_mfcc.npy,data\processed\tess\spectrograms\YAF_shirt_fear_spec.npy
YAF_should_fear,fear,1,data\processed\tess\features\YAF_should_fear_mfcc.npy,data\processed\tess\spectrograms\YAF_should_fear_spec.npy
YAF_shout_fear,fear,1,data\processed\tess\features\YAF_shout_fear_mfcc.npy,data\processed\tess\spectrograms\YAF_shout_fear_spec.npy
YAF_size_fear,fear,1,data\processed\tess\features\YAF_size_fear_mfcc.npy,data\processed\tess\spectrograms\YAF_size_fear_spec.npy
YAF_soap_fear,fear,1,data\processed\tess\features\YAF_soap_fear_mfcc.npy,data\processed\tess\spectrograms\YAF_soap_fear_spec.npy
YAF_soup_fear,fear,1,data\processed\tess\features\YAF_soup_fear_mfcc.npy,data\processed\tess\spectrograms\YAF_soup_fear_spec.npy
YAF_sour_fear,fear,1,data\processed\tess\features\YAF_sour_fear_mfcc.npy,data\processed\tess\spectrograms\YAF_sour_fear_spec.npy
YAF_south_fear,fear,1,data\processed\tess\features\YAF_south_fear_mfcc.npy,data\processed\tess\spectrograms\YAF_south_fear_spec.npy
YAF_sub_fear,fear,1,data\processed\tess\features\YAF_sub_fear_mfcc.npy,data\processed\tess\spectrograms\YAF_sub_fear_spec.npy
YAF_such_fear,fear,1,data\processed\tess\features\YAF_such_fear_mfcc.npy,data\processed\tess\spectrograms\YAF_such_fear_spec.npy
YAF_sure_fear,fear,1,data\processed\tess\features\YAF_sure_fear_mfcc.npy,data\processed\tess\spectrograms\YAF_sure_fear_spec.npy
YAF_take_fear,fear,1,data\processed\tess\features\YAF_take_fear_mfcc.npy,data\processed\tess\spectrograms\YAF_take_fear_spec.npy
YAF_talk_fear,fear,1,data\processed\tess\features\YAF_talk_fear_mfcc.npy,data\processed\tess\spectrograms\YAF_talk_fear_spec.npy
YAF_tape_fear,fear,1,data\processed\tess\features\YAF_tape_fear_mfcc.npy,data\processed\tess\spectrograms\YAF_tape_fear_spec.npy
YAF_team_fear,fear,1,data\processed\tess\features\YAF_team_fear_mfcc.npy,data\processed\tess\spectrograms\YAF_team_fear_spec.npy
YAF_tell_fear,fear,1,data\processed\tess\features\YAF_tell_fear_mfcc.npy,data\processed\tess\spectrograms\YAF_tell_fear_spec.npy
YAF_thin_fear,fear,1,data\processed\tess\features\YAF_thin_fear_mfcc.npy,data\processed\tess\spectrograms\YAF_thin_fear_spec.npy
YAF_third_fear,fear,1,data\processed\tess\features\YAF_third_fear_mfcc.npy,data\processed\tess\spectrograms\YAF_third_fear_spec.npy
YAF_thought_fear,fear,1,data\processed\tess\features\YAF_thought_fear_mfcc.npy,data\processed\tess\spectrograms\YAF_thought_fear_spec.npy
YAF_thumb_fear,fear,1,data\processed\tess\features\YAF_thumb_fear_mfcc.npy,data\processed\tess\spectrograms\YAF_thumb_fear_spec.npy
YAF_time_fear,fear,1,data\processed\tess\features\YAF_time_fear_mfcc.npy,data\processed\tess\spectrograms\YAF_time_fear_spec.npy
YAF_tip_fear,fear,1,data\processed\tess\features\YAF_tip_fear_mfcc.npy,data\processed\tess\spectrograms\YAF_tip_fear_spec.npy
YAF_tire_fear,fear,1,data\processed\tess\features\YAF_tire_fear_mfcc.npy,data\processed\tess\spectrograms\YAF_tire_fear_spec.npy
YAF_ton_fear,fear,1,data\processed\tess\features\YAF_ton_fear_mfcc.npy,data\processed\tess\spectrograms\YAF_ton_fear_spec.npy
YAF_tool_fear,fear,1,data\processed\tess\features\YAF_tool_fear_mfcc.npy,data\processed\tess\spectrograms\YAF_tool_fear_spec.npy
YAF_tough_fear,fear,1,data\processed\tess\features\YAF_tough_fear_mfcc.npy,data\processed\tess\spectrograms\YAF_tough_fear_spec.npy
YAF_turn_fear,fear,1,data\processed\tess\features\YAF_turn_fear_mfcc.npy,data\processed\tess\spectrograms\YAF_turn_fear_spec.npy
YAF_vine_fear,fear,1,data\processed\tess\features\YAF_vine_fear_mfcc.npy,data\processed\tess\spectrograms\YAF_vine_fear_spec.npy
YAF_voice_fear,fear,1,data\processed\tess\features\YAF_voice_fear_mfcc.npy,data\processed\tess\spectrograms\YAF_voice_fear_spec.npy
YAF_void_fear,fear,1,data\processed\tess\features\YAF_void_fear_mfcc.npy,data\processed\tess\spectrograms\YAF_void_fear_spec.npy
YAF_vote_fear,fear,1,data\processed\tess\features\YAF_vote_fear_mfcc.npy,data\processed\tess\spectrograms\YAF_vote_fear_spec.npy
YAF_wag_fear,fear,1,data\processed\tess\features\YAF_wag_fear_mfcc.npy,data\processed\tess\spectrograms\YAF_wag_fear_spec.npy
YAF_walk_fear,fear,1,data\processed\tess\features\YAF_walk_fear_mfcc.npy,data\processed\tess\spectrograms\YAF_walk_fear_spec.npy
YAF_wash_fear,fear,1,data\processed\tess\features\YAF_wash_fear_mfcc.npy,data\processed\tess\spectrograms\YAF_wash_fear_spec.npy
YAF_week_fear,fear,1,data\processed\tess\features\YAF_week_fear_mfcc.npy,data\processed\tess\spectrograms\YAF_week_fear_spec.npy
YAF_wheat_fear,fear,1,data\processed\tess\features\YAF_wheat_fear_mfcc.npy,data\processed\tess\spectrograms\YAF_wheat_fear_spec.npy
YAF_when_fear,fear,1,data\processed\tess\features\YAF_when_fear_mfcc.npy,data\processed\tess\spectrograms\YAF_when_fear_spec.npy
YAF_which_fear,fear,1,data\processed\tess\features\YAF_which_fear_mfcc.npy,data\processed\tess\spectrograms\YAF_which_fear_spec.npy
YAF_whip_fear,fear,1,data\processed\tess\features\YAF_whip_fear_mfcc.npy,data\processed\tess\spectrograms\YAF_whip_fear_spec.npy
YAF_white_fear,fear,1,data\processed\tess\features\YAF_white_fear_mfcc.npy,data\processed\tess\spectrograms\YAF_white_fear_spec.npy
YAF_wife_fear,fear,1,data\processed\tess\features\YAF_wife_fear_mfcc.npy,data\processed\tess\spectrograms\YAF_wife_fear_spec.npy
YAF_wire_fear,fear,1,data\processed\tess\features\YAF_wire_fear_mfcc.npy,data\processed\tess\spectrograms\YAF_wire_fear_spec.npy
YAF_witch_fear,fear,1,data\processed\tess\features\YAF_witch_fear_mfcc.npy,data\processed\tess\spectrograms\YAF_witch_fear_spec.npy
YAF_yearn_fear,fear,1,data\processed\tess\features\YAF_yearn_fear_mfcc.npy,data\processed\tess\spectrograms\YAF_yearn_fear_spec.npy
YAF_yes_fear,fear,1,data\processed\tess\features\YAF_yes_fear_mfcc.npy,data\processed\tess\spectrograms\YAF_yes_fear_spec.npy
YAF_young_fear,fear,1,data\processed\tess\features\YAF_young_fear_mfcc.npy,data\processed\tess\spectrograms\YAF_young_fear_spec.npy
YAF_youth_fear,fear,1,data\processed\tess\features\YAF_youth_fear_mfcc.npy,data\processed\tess\spectrograms\YAF_youth_fear_spec.npy
YAF_back_neutral,neutral,0,data\processed\tess\features\YAF_back_neutral_mfcc.npy,data\processed\tess\spectrograms\YAF_back_neutral_spec.npy
YAF_bar_neutral,neutral,0,data\processed\tess\features\YAF_bar_neutral_mfcc.npy,data\processed\tess\spectrograms\YAF_bar_neutral_spec.npy
YAF_base_neutral,neutral,0,data\processed\tess\features\YAF_base_neutral_mfcc.npy,data\processed\tess\spectrograms\YAF_base_neutral_spec.npy
YAF_bath_neutral,neutral,0,data\processed\tess\features\YAF_bath_neutral_mfcc.npy,data\processed\tess\spectrograms\YAF_bath_neutral_spec.npy
YAF_bean_neutral,neutral,0,data\processed\tess\features\YAF_bean_neutral_mfcc.npy,data\processed\tess\spectrograms\YAF_bean_neutral_spec.npy
YAF_beg_neutral,neutral,0,data\processed\tess\features\YAF_beg_neutral_mfcc.npy,data\processed\tess\spectrograms\YAF_beg_neutral_spec.npy
YAF_bite_neutral,neutral,0,data\processed\tess\features\YAF_bite_neutral_mfcc.npy,data\processed\tess\spectrograms\YAF_bite_neutral_spec.npy
YAF_boat_neutral,neutral,0,data\processed\tess\features\YAF_boat_neutral_mfcc.npy,data\processed\tess\spectrograms\YAF_boat_neutral_spec.npy
YAF_bone_neutral,neutral,0,data\processed\tess\features\YAF_bone_neutral_mfcc.npy,data\processed\tess\spectrograms\YAF_bone_neutral_spec.npy
YAF_book_neutral,neutral,0,data\processed\tess\features\YAF_book_neutral_mfcc.npy,data\processed\tess\spectrograms\YAF_book_neutral_spec.npy
YAF_bought_neutral,neutral,0,data\processed\tess\features\YAF_bought_neutral_mfcc.npy,data\processed\tess\spectrograms\YAF_bought_neutral_spec.npy
YAF_burn_neutral,neutral,0,data\processed\tess\features\YAF_burn_neutral_mfcc.npy,data\processed\tess\spectrograms\YAF_burn_neutral_spec.npy
YAF_cab_neutral,neutral,0,data\processed\tess\features\YAF_cab_neutral_mfcc.npy,data\processed\tess\spectrograms\YAF_cab_neutral_spec.npy
YAF_calm_neutral,neutral,0,data\processed\tess\features\YAF_calm_neutral_mfcc.npy,data\processed\tess\spectrograms\YAF_calm_neutral_spec.npy
YAF_came_neutral,neutral,0,data\processed\tess\features\YAF_came_neutral_mfcc.npy,data\processed\tess\spectrograms\YAF_came_neutral_spec.npy
YAF_cause_neutral,neutral,0,data\processed\tess\features\YAF_cause_neutral_mfcc.npy,data\processed\tess\spectrograms\YAF_cause_neutral_spec.npy
YAF_chain_neutral,neutral,0,data\processed\tess\features\YAF_chain_neutral_mfcc.npy,data\processed\tess\spectrograms\YAF_chain_neutral_spec.npy
YAF_chair_neutral,neutral,0,data\processed\tess\features\YAF_chair_neutral_mfcc.npy,data\processed\tess\spectrograms\YAF_chair_neutral_spec.npy
YAF_chalk_neutral,neutral,0,data\processed\tess\features\YAF_chalk_neutral_mfcc.npy,data\processed\tess\spectrograms\YAF_chalk_neutral_spec.npy
YAF_chat_neutral,neutral,0,data\processed\tess\features\YAF_chat_neutral_mfcc.npy,data\processed\tess\spectrograms\YAF_chat_neutral_spec.npy
YAF_check_neutral,neutral,0,data\processed\tess\features\YAF_check_neutral_mfcc.npy,data\processed\tess\spectrograms\YAF_check_neutral_spec.npy
YAF_cheek_neutral,neutral,0,data\processed\tess\features\YAF_cheek_neutral_mfcc.npy,data\processed\tess\spectrograms\YAF_cheek_neutral_spec.npy
YAF_chief_neutral,neutral,0,data\processed\tess\features\YAF_chief_neutral_mfcc.npy,data\processed\tess\spectrograms\YAF_chief_neutral_spec.npy
YAF_choice_neutral,neutral,0,data\processed\tess\features\YAF_choice_neutral_mfcc.npy,data\processed\tess\spectrograms\YAF_choice_neutral_spec.npy
YAF_cool_neutral,neutral,0,data\processed\tess\features\YAF_cool_neutral_mfcc.npy,data\processed\tess\spectrograms\YAF_cool_neutral_spec.npy
YAF_dab_neutral,neutral,0,data\processed\tess\features\YAF_dab_neutral_mfcc.npy,data\processed\tess\spectrograms\YAF_dab_neutral_spec.npy
YAF_date_neutral,neutral,0,data\processed\tess\features\YAF_date_neutral_mfcc.npy,data\processed\tess\spectrograms\YAF_date_neutral_spec.npy
YAF_dead_neutral,neutral,0,data\processed\tess\features\YAF_dead_neutral_mfcc.npy,data\processed\tess\spectrograms\YAF_dead_neutral_spec.npy
YAF_death_neutral,neutral,0,data\processed\tess\features\YAF_death_neutral_mfcc.npy,data\processed\tess\spectrograms\YAF_death_neutral_spec.npy
YAF_deep_neutral,neutral,0,data\processed\tess\features\YAF_deep_neutral_mfcc.npy,data\processed\tess\spectrograms\YAF_deep_neutral_spec.npy
YAF_dime_neutral,neutral,0,data\processed\tess\features\YAF_dime_neutral_mfcc.npy,data\processed\tess\spectrograms\YAF_dime_neutral_spec.npy
YAF_dip_neutral,neutral,0,data\processed\tess\features\YAF_dip_neutral_mfcc.npy,data\processed\tess\spectrograms\YAF_dip_neutral_spec.npy
YAF_ditch_neutral,neutral,0,data\processed\tess\features\YAF_ditch_neutral_mfcc.npy,data\processed\tess\spectrograms\YAF_ditch_neutral_spec.npy
YAF_dodge_neutral,neutral,0,data\processed\tess\features\YAF_dodge_neutral_mfcc.npy,data\processed\tess\spectrograms\YAF_dodge_neutral_spec.npy
YAF_dog_neutral,neutral,0,data\processed\tess\features\YAF_dog_neutral_mfcc.npy,data\processed\tess\spectrograms\YAF_dog_neutral_spec.npy
YAF_doll_neutral,neutral,0,data\processed\tess\features\YAF_doll_neutral_mfcc.npy,data\processed\tess\spectrograms\YAF_doll_neutral_spec.npy
YAF_door_neutral,neutral,0,data\processed\tess\features\YAF_door_neutral_mfcc.npy,data\processed\tess\spectrograms\YAF_door_neutral_spec.npy
YAF_fail_neutral,neutral,0,data\processed\tess\features\YAF_fail_neutral_mfcc.npy,data\processed\tess\spectrograms\YAF_fail_neutral_spec.npy
YAF_fall_neutral,neutral,0,data\processed\tess\features\YAF_fall_neutral_mfcc.npy,data\processed\tess\spectrograms\YAF_fall_neutral_spec.npy
YAF_far_neutral,neutral,0,data\processed\tess\features\YAF_far_neutral_mfcc.npy,data\processed\tess\spectrograms\YAF_far_neutral_spec.npy
YAF_fat_neutral,neutral,0,data\processed\tess\features\YAF_fat_neutral_mfcc.npy,data\processed\tess\spectrograms\YAF_fat_neutral_spec.npy
YAF_fit_neutral,neutral,0,data\processed\tess\features\YAF_fit_neutral_mfcc.npy,data\processed\tess\spectrograms\YAF_fit_neutral_spec.npy
YAF_five_neutral,neutral,0,data\processed\tess\features\YAF_five_neutral_mfcc.npy,data\processed\tess\spectrograms\YAF_five_neutral_spec.npy
YAF_food_neutral,neutral,0,data\processed\tess\features\YAF_food_neutral_mfcc.npy,data\processed\tess\spectrograms\YAF_food_neutral_spec.npy
YAF_gap_neutral,neutral,0,data\processed\tess\features\YAF_gap_neutral_mfcc.npy,data\processed\tess\spectrograms\YAF_gap_neutral_spec.npy
YAF_gas_neutral,neutral,0,data\processed\tess\features\YAF_gas_neutral_mfcc.npy,data\processed\tess\spectrograms\YAF_gas_neutral_spec.npy
YAF_gaze_neutral,neutral,0,data\processed\tess\features\YAF_gaze_neutral_mfcc.npy,data\processed\tess\spectrograms\YAF_gaze_neutral_spec.npy
YAF_germ_neutral,neutral,0,data\processed\tess\features\YAF_germ_neutral_mfcc.npy,data\processed\tess\spectrograms\YAF_germ_neutral_spec.npy
YAF_get_neutral,neutral,0,data\processed\tess\features\YAF_get_neutral_mfcc.npy,data\processed\tess\spectrograms\YAF_get_neutral_spec.npy
YAF_gin_neutral,neutral,0,data\processed\tess\features\YAF_gin_neutral_mfcc.npy,data\processed\tess\spectrograms\YAF_gin_neutral_spec.npy
YAF_goal_neutral,neutral,0,data\processed\tess\features\YAF_goal_neutral_mfcc.npy,data\processed\tess\spectrograms\YAF_goal_neutral_spec.npy
YAF_good_neutral,neutral,0,data\processed\tess\features\YAF_good_neutral_mfcc.npy,data\processed\tess\spectrograms\YAF_good_neutral_spec.npy
YAF_goose_neutral,neutral,0,data\processed\tess\features\YAF_goose_neutral_mfcc.npy,data\processed\tess\spectrograms\YAF_goose_neutral_spec.npy
YAF_gun_neutral,neutral,0,data\processed\tess\features\YAF_gun_neutral_mfcc.npy,data\processed\tess\spectrograms\YAF_gun_neutral_spec.npy
YAF_half_neutral,neutral,0,data\processed\tess\features\YAF_half_neutral_mfcc.npy,data\processed\tess\spectrograms\YAF_half_neutral_spec.npy
YAF_hall_neutral,neutral,0,data\processed\tess\features\YAF_hall_neutral_mfcc.npy,data\processed\tess\spectrograms\YAF_hall_neutral_spec.npy
YAF_hash_neutral,neutral,0,data\processed\tess\features\YAF_hash_neutral_mfcc.npy,data\processed\tess\spectrograms\YAF_hash_neutral_spec.npy
YAF_hate_neutral,neutral,0,data\processed\tess\features\YAF_hate_neutral_mfcc.npy,data\processed\tess\spectrograms\YAF_hate_neutral_spec.npy
YAF_have_neutral,neutral,0,data\processed\tess\features\YAF_have_neutral_mfcc.npy,data\processed\tess\spectrograms\YAF_have_neutral_spec.npy
YAF_haze_neutral,neutral,0,data\processed\tess\features\YAF_haze_neutral_mfcc.npy,data\processed\tess\spectrograms\YAF_haze_neutral_spec.npy
YAF_hire_neutral,neutral,0,data\processed\tess\features\YAF_hire_neutral_mfcc.npy,data\processed\tess\spectrograms\YAF_hire_neutral_spec.npy
YAF_hit_neutral,neutral,0,data\processed\tess\features\YAF_hit_neutral_mfcc.npy,data\processed\tess\spectrograms\YAF_hit_neutral_spec.npy
YAF_hole_neutral,neutral,0,data\processed\tess\features\YAF_hole_neutral_mfcc.npy,data\processed\tess\spectrograms\YAF_hole_neutral_spec.npy
YAF_home_neutral,neutral,0,data\processed\tess\features\YAF_home_neutral_mfcc.npy,data\processed\tess\spectrograms\YAF_home_neutral_spec.npy
YAF_hurl_neutral,neutral,0,data\processed\tess\features\YAF_hurl_neutral_mfcc.npy,data\processed\tess\spectrograms\YAF_hurl_neutral_spec.npy
YAF_hush_neutral,neutral,0,data\processed\tess\features\YAF_hush_neutral_mfcc.npy,data\processed\tess\spectrograms\YAF_hush_neutral_spec.npy
YAF_jail_neutral,neutral,0,data\processed\tess\features\YAF_jail_neutral_mfcc.npy,data\processed\tess\spectrograms\YAF_jail_neutral_spec.npy
YAF_jar_neutral,neutral,0,data\processed\tess\features\YAF_jar_neutral_mfcc.npy,data\processed\tess\spectrograms\YAF_jar_neutral_spec.npy
YAF_join_neutral,neutral,0,data\processed\tess\features\YAF_join_neutral_mfcc.npy,data\processed\tess\spectrograms\YAF_join_neutral_spec.npy
YAF_judge_neutral,neutral,0,data\processed\tess\features\YAF_judge_neutral_mfcc.npy,data\processed\tess\spectrograms\YAF_judge_neutral_spec.npy
YAF_jug_neutral,neutral,0,data\processed\tess\features\YAF_jug_neutral_mfcc.npy,data\processed\tess\spectrograms\YAF_jug_neutral_spec.npy
YAF_juice_neutral,neutral,0,data\processed\tess\features\YAF_juice_neutral_mfcc.npy,data\processed\tess\spectrograms\YAF_juice_neutral_spec.npy
YAF_keen_neutral,neutral,0,data\processed\tess\features\YAF_keen_neutral_mfcc.npy,data\processed\tess\spectrograms\YAF_keen_neutral_spec.npy
YAF_keep_neutral,neutral,0,data\processed\tess\features\YAF_keep_neutral_mfcc.npy,data\processed\tess\spectrograms\YAF_keep_neutral_spec.npy
YAF_keg_neutral,neutral,0,data\processed\tess\features\YAF_keg_neutral_mfcc.npy,data\processed\tess\spectrograms\YAF_keg_neutral_spec.npy
YAF_kick_neutral,neutral,0,data\processed\tess\features\YAF_kick_neutral_mfcc.npy,data\processed\tess\spectrograms\YAF_kick_neutral_spec.npy
YAF_kill_neutral,neutral,0,data\processed\tess\features\YAF_kill_neutral_mfcc.npy,data\processed\tess\spectrograms\YAF_kill_neutral_spec.npy
YAF_king_neutral,neutral,0,data\processed\tess\features\YAF_king_neutral_mfcc.npy,data\processed\tess\spectrograms\YAF_king_neutral_spec.npy
YAF_kite_neutral,neutral,0,data\processed\tess\features\YAF_kite_neutral_mfcc.npy,data\processed\tess\spectrograms\YAF_kite_neutral_spec.npy
YAF_knock_neutral,neutral,0,data\processed\tess\features\YAF_knock_neutral_mfcc.npy,data\processed\tess\spectrograms\YAF_knock_neutral_spec.npy
YAF_late_neutral,neutral,0,data\processed\tess\features\YAF_late_neutral_mfcc.npy,data\processed\tess\spectrograms\YAF_late_neutral_spec.npy
YAF_laud_neutral,neutral,0,data\processed\tess\features\YAF_laud_neutral_mfcc.npy,data\processed\tess\spectrograms\YAF_laud_neutral_spec.npy
YAF_lean_neutral,neutral,0,data\processed\tess\features\YAF_lean_neutral_mfcc.npy,data\processed\tess\spectrograms\YAF_lean_neutral_spec.npy
YAF_learn_neutral,neutral,0,data\processed\tess\features\YAF_learn_neutral_mfcc.npy,data\processed\tess\spectrograms\YAF_learn_neutral_spec.npy
YAF_lease_neutral,neutral,0,data\processed\tess\features\YAF_lease_neutral_mfcc.npy,data\processed\tess\spectrograms\YAF_lease_neutral_spec.npy
YAF_lid_neutral,neutral,0,data\processed\tess\features\YAF_lid_neutral_mfcc.npy,data\processed\tess\spectrograms\YAF_lid_neutral_spec.npy
YAF_life_neutral,neutral,0,data\processed\tess\features\YAF_life_neutral_mfcc.npy,data\processed\tess\spectrograms\YAF_life_neutral_spec.npy
YAF_limb_neutral,neutral,0,data\processed\tess\features\YAF_limb_neutral_mfcc.npy,data\processed\tess\spectrograms\YAF_limb_neutral_spec.npy
YAF_live_neutral,neutral,0,data\processed\tess\features\YAF_live_neutral_mfcc.npy,data\processed\tess\spectrograms\YAF_live_neutral_spec.npy
YAF_loaf_neutral,neutral,0,data\processed\tess\features\YAF_loaf_neutral_mfcc.npy,data\processed\tess\spectrograms\YAF_loaf_neutral_spec.npy
YAF_long_neutral,neutral,0,data\processed\tess\features\YAF_long_neutral_mfcc.npy,data\processed\tess\spectrograms\YAF_long_neutral_spec.npy
YAF_lore_neutral,neutral,0,data\processed\tess\features\YAF_lore_neutral_mfcc.npy,data\processed\tess\spectrograms\YAF_lore_neutral_spec.npy
YAF_lose_neutral,neutral,0,data\processed\tess\features\YAF_lose_neutral_mfcc.npy,data\processed\tess\spectrograms\YAF_lose_neutral_spec.npy
YAF_lot_neutral,neutral,0,data\processed\tess\features\YAF_lot_neutral_mfcc.npy,data\processed\tess\spectrograms\YAF_lot_neutral_spec.npy
YAF_love_neutral,neutral,0,data\processed\tess\features\YAF_love_neutral_mfcc.npy,data\processed\tess\spectrograms\YAF_love_neutral_spec.npy
YAF_luck_neutral,neutral,0,data\processed\tess\features\YAF_luck_neutral_mfcc.npy,data\processed\tess\spectrograms\YAF_luck_neutral_spec.npy
YAF_make_neutral,neutral,0,data\processed\tess\features\YAF_make_neutral_mfcc.npy,data\processed\tess\spectrograms\YAF_make_neutral_spec.npy
YAF_match_neutral,neutral,0,data\processed\tess\features\YAF_match_neutral_mfcc.npy,data\processed\tess\spectrograms\YAF_match_neutral_spec.npy
YAF_merge_neutral,neutral,0,data\processed\tess\features\YAF_merge_neutral_mfcc.npy,data\processed\tess\spectrograms\YAF_merge_neutral_spec.npy
YAF_mess_neutral,neutral,0,data\processed\tess\features\YAF_mess_neutral_mfcc.npy,data\processed\tess\spectrograms\YAF_mess_neutral_spec.npy
YAF_met_neutral,neutral,0,data\processed\tess\features\YAF_met_neutral_mfcc.npy,data\processed\tess\spectrograms\YAF_met_neutral_spec.npy
YAF_mill_neutral,neutral,0,data\processed\tess\features\YAF_mill_neutral_mfcc.npy,data\processed\tess\spectrograms\YAF_mill_neutral_spec.npy
YAF_mob_neutral,neutral,0,data\processed\tess\features\YAF_mob_neutral_mfcc.npy,data\processed\tess\spectrograms\YAF_mob_neutral_spec.npy
YAF_mode_neutral,neutral,0,data\processed\tess\features\YAF_mode_neutral_mfcc.npy,data\processed\tess\spectrograms\YAF_mode_neutral_spec.npy
YAF_mood_neutral,neutral,0,data\processed\tess\features\YAF_mood_neutral_mfcc.npy,data\processed\tess\spectrograms\YAF_mood_neutral_spec.npy
YAF_moon_neutral,neutral,0,data\processed\tess\features\YAF_moon_neutral_mfcc.npy,data\processed\tess\spectrograms\YAF_moon_neutral_spec.npy
YAF_mop_neutral,neutral,0,data\processed\tess\features\YAF_mop_neutral_mfcc.npy,data\processed\tess\spectrograms\YAF_mop_neutral_spec.npy
YAF_mouse_neutral,neutral,0,data\processed\tess\features\YAF_mouse_neutral_mfcc.npy,data\processed\tess\spectrograms\YAF_mouse_neutral_spec.npy
YAF_nag_neutral,neutral,0,data\processed\tess\features\YAF_nag_neutral_mfcc.npy,data\processed\tess\spectrograms\YAF_nag_neutral_spec.npy
YAF_name_neutral,neutral,0,data\processed\tess\features\YAF_name_neutral_mfcc.npy,data\processed\tess\spectrograms\YAF_name_neutral_spec.npy
YAF_near_neutral,neutral,0,data\processed\tess\features\YAF_near_neutral_mfcc.npy,data\processed\tess\spectrograms\YAF_near_neutral_spec.npy
YAF_neat_neutral,neutral,0,data\processed\tess\features\YAF_neat_neutral_mfcc.npy,data\processed\tess\spectrograms\YAF_neat_neutral_spec.npy
YAF_nice_neutral,neutral,0,data\processed\tess\features\YAF_nice_neutral_mfcc.npy,data\processed\tess\spectrograms\YAF_nice_neutral_spec.npy
YAF_note_neutral,neutral,0,data\processed\tess\features\YAF_note_neutral_mfcc.npy,data\processed\tess\spectrograms\YAF_note_neutral_spec.npy
YAF_numb_neutral,neutral,0,data\processed\tess\features\YAF_numb_neutral_mfcc.npy,data\processed\tess\spectrograms\YAF_numb_neutral_spec.npy
YAF_pad_neutral,neutral,0,data\processed\tess\features\YAF_pad_neutral_mfcc.npy,data\processed\tess\spectrograms\YAF_pad_neutral_spec.npy
YAF_page_neutral,neutral,0,data\processed\tess\features\YAF_page_neutral_mfcc.npy,data\processed\tess\spectrograms\YAF_page_neutral_spec.npy
YAF_pain_neutral,neutral,0,data\processed\tess\features\YAF_pain_neutral_mfcc.npy,data\processed\tess\spectrograms\YAF_pain_neutral_spec.npy
YAF_pass_neutral,neutral,0,data\processed\tess\features\YAF_pass_neutral_mfcc.npy,data\processed\tess\spectrograms\YAF_pass_neutral_spec.npy
YAF_pearl_neutral,neutral,0,data\processed\tess\features\YAF_pearl_neutral_mfcc.npy,data\processed\tess\spectrograms\YAF_pearl_neutral_spec.npy
YAF_peg_neutral,neutral,0,data\processed\tess\features\YAF_peg_neutral_mfcc.npy,data\processed\tess\spectrograms\YAF_peg_neutral_spec.npy
YAF_perch_neutral,neutral,0,data\processed\tess\features\YAF_perch_neutral_mfcc.npy,data\processed\tess\spectrograms\YAF_perch_neutral_spec.npy
YAF_phone_neutral,neutral,0,data\processed\tess\features\YAF_phone_neutral_mfcc.npy,data\processed\tess\spectrograms\YAF_phone_neutral_spec.npy
YAF_pick_neutral,neutral,0,data\processed\tess\features\YAF_pick_neutral_mfcc.npy,data\processed\tess\spectrograms\YAF_pick_neutral_spec.npy
YAF_pike_neutral,neutral,0,data\processed\tess\features\YAF_pike_neutral_mfcc.npy,data\processed\tess\spectrograms\YAF_pike_neutral_spec.npy
YAF_pole_neutral,neutral,0,data\processed\tess\features\YAF_pole_neutral_mfcc.npy,data\processed\tess\spectrograms\YAF_pole_neutral_spec.npy
YAF_pool_neutral,neutral,0,data\processed\tess\features\YAF_pool_neutral_mfcc.npy,data\processed\tess\spectrograms\YAF_pool_neutral_spec.npy
YAF_puff_neutral,neutral,0,data\processed\tess\features\YAF_puff_neutral_mfcc.npy,data\processed\tess\spectrograms\YAF_puff_neutral_spec.npy
YAF_rag_neutral,neutral,0,data\processed\tess\features\YAF_rag_neutral_mfcc.npy,data\processed\tess\spectrograms\YAF_rag_neutral_spec.npy
YAF_raid_neutral,neutral,0,data\processed\tess\features\YAF_raid_neutral_mfcc.npy,data\processed\tess\spectrograms\YAF_raid_neutral_spec.npy
YAF_rain_neutral,neutral,0,data\processed\tess\features\YAF_rain_neutral_mfcc.npy,data\processed\tess\spectrograms\YAF_rain_neutral_spec.npy
YAF_raise_neutral,neutral,0,data\processed\tess\features\YAF_raise_neutral_mfcc.npy,data\processed\tess\spectrograms\YAF_raise_neutral_spec.npy
YAF_rat_neutral,neutral,0,data\processed\tess\features\YAF_rat_neutral_mfcc.npy,data\processed\tess\spectrograms\YAF_rat_neutral_spec.npy
YAF_reach_neutral,neutral,0,data\processed\tess\features\YAF_reach_neutral_mfcc.npy,data\processed\tess\spectrograms\YAF_reach_neutral_spec.npy
YAF_read_neutral,neutral,0,data\processed\tess\features\YAF_read_neutral_mfcc.npy,data\processed\tess\spectrograms\YAF_read_neutral_spec.npy
YAF_red_neutral,neutral,0,data\processed\tess\features\YAF_red_neutral_mfcc.npy,data\processed\tess\spectrograms\YAF_red_neutral_spec.npy
YAF_ring_neutral,neutral,0,data\processed\tess\features\YAF_ring_neutral_mfcc.npy,data\processed\tess\spectrograms\YAF_ring_neutral_spec.npy
YAF_ripe_neutral,neutral,0,data\processed\tess\features\YAF_ripe_neutral_mfcc.npy,data\processed\tess\spectrograms\YAF_ripe_neutral_spec.npy
YAF_road_neutral,neutral,0,data\processed\tess\features\YAF_road_neutral_mfcc.npy,data\processed\tess\spectrograms\YAF_road_neutral_spec.npy
YAF_room_neutral,neutral,0,data\processed\tess\features\YAF_room_neutral_mfcc.npy,data\processed\tess\spectrograms\YAF_room_neutral_spec.npy
YAF_rose_neutral,neutral,0,data\processed\tess\features\YAF_rose_neutral_mfcc.npy,data\processed\tess\spectrograms\YAF_rose_neutral_spec.npy
YAF_rot_neutral,neutral,0,data\processed\tess\features\YAF_rot_neutral_mfcc.npy,data\processed\tess\spectrograms\YAF_rot_neutral_spec.npy
YAF_rough_neutral,neutral,0,data\processed\tess\features\YAF_rough_neutral_mfcc.npy,data\processed\tess\spectrograms\YAF_rough_neutral_spec.npy
YAF_rush_neutral,neutral,0,data\processed\tess\features\YAF_rush_neutral_mfcc.npy,data\processed\tess\spectrograms\YAF_rush_neutral_spec.npy
YAF_said_neutral,neutral,0,data\processed\tess\features\YAF_said_neutral_mfcc.npy,data\processed\tess\spectrograms\YAF_said_neutral_spec.npy
YAF_sail_neutral,neutral,0,data\processed\tess\features\YAF_sail_neutral_mfcc.npy,data\processed\tess\spectrograms\YAF_sail_neutral_spec.npy
YAF_search_neutral,neutral,0,data\processed\tess\features\YAF_search_neutral_mfcc.npy,data\processed\tess\spectrograms\YAF_search_neutral_spec.npy
YAF_seize_neutral,neutral,0,data\processed\tess\features\YAF_seize_neutral_mfcc.npy,data\processed\tess\spectrograms\YAF_seize_neutral_spec.npy
YAF_sell_neutral,neutral,0,data\processed\tess\features\YAF_sell_neutral_mfcc.npy,data\processed\tess\spectrograms\YAF_sell_neutral_spec.npy
YAF_shack_neutral,neutral,0,data\processed\tess\features\YAF_shack_neutral_mfcc.npy,data\processed\tess\spectrograms\YAF_shack_neutral_spec.npy
YAF_shall_neutral,neutral,0,data\processed\tess\features\YAF_shall_neutral_mfcc.npy,data\processed\tess\spectrograms\YAF_shall_neutral_spec.npy
YAF_shawl_neutral,neutral,0,data\processed\tess\features\YAF_shawl_neutral_mfcc.npy,data\processed\tess\spectrograms\YAF_shawl_neutral_spec.npy
YAF_sheep_neutral,neutral,0,data\processed\tess\features\YAF_sheep_neutral_mfcc.npy,data\processed\tess\spectrograms\YAF_sheep_neutral_spec.npy
YAF_shirt_neutral,neutral,0,data\processed\tess\features\YAF_shirt_neutral_mfcc.npy,data\processed\tess\spectrograms\YAF_shirt_neutral_spec.npy
YAF_should_neutral,neutral,0,data\processed\tess\features\YAF_should_neutral_mfcc.npy,data\processed\tess\spectrograms\YAF_should_neutral_spec.npy
YAF_shout_neutral,neutral,0,data\processed\tess\features\YAF_shout_neutral_mfcc.npy,data\processed\tess\spectrograms\YAF_shout_neutral_spec.npy
YAF_size_neutral,neutral,0,data\processed\tess\features\YAF_size_neutral_mfcc.npy,data\processed\tess\spectrograms\YAF_size_neutral_spec.npy
YAF_soap_neutral,neutral,0,data\processed\tess\features\YAF_soap_neutral_mfcc.npy,data\processed\tess\spectrograms\YAF_soap_neutral_spec.npy
YAF_soup_neutral,neutral,0,data\processed\tess\features\YAF_soup_neutral_mfcc.npy,data\processed\tess\spectrograms\YAF_soup_neutral_spec.npy
YAF_sour_neutral,neutral,0,data\processed\tess\features\YAF_sour_neutral_mfcc.npy,data\processed\tess\spectrograms\YAF_sour_neutral_spec.npy
YAF_south_neutral,neutral,0,data\processed\tess\features\YAF_south_neutral_mfcc.npy,data\processed\tess\spectrograms\YAF_south_neutral_spec.npy
YAF_sub_neutral,neutral,0,data\processed\tess\features\YAF_sub_neutral_mfcc.npy,data\processed\tess\spectrograms\YAF_sub_neutral_spec.npy
YAF_such_neutral,neutral,0,data\processed\tess\features\YAF_such_neutral_mfcc.npy,data\processed\tess\spectrograms\YAF_such_neutral_spec.npy
YAF_sure_neutral,neutral,0,data\processed\tess\features\YAF_sure_neutral_mfcc.npy,data\processed\tess\spectrograms\YAF_sure_neutral_spec.npy
YAF_take_neutral,neutral,0,data\processed\tess\features\YAF_take_neutral_mfcc.npy,data\processed\tess\spectrograms\YAF_take_neutral_spec.npy
YAF_talk_neutral,neutral,0,data\processed\tess\features\YAF_talk_neutral_mfcc.npy,data\processed\tess\spectrograms\YAF_talk_neutral_spec.npy
YAF_tape_neutral,neutral,0,data\processed\tess\features\YAF_tape_neutral_mfcc.npy,data\processed\tess\spectrograms\YAF_tape_neutral_spec.npy
YAF_team_neutral,neutral,0,data\processed\tess\features\YAF_team_neutral_mfcc.npy,data\processed\tess\spectrograms\YAF_team_neutral_spec.npy
YAF_tell_neutral,neutral,0,data\processed\tess\features\YAF_tell_neutral_mfcc.npy,data\processed\tess\spectrograms\YAF_tell_neutral_spec.npy
YAF_thin_neutral,neutral,0,data\processed\tess\features\YAF_thin_neutral_mfcc.npy,data\processed\tess\spectrograms\YAF_thin_neutral_spec.npy
YAF_third_neutral,neutral,0,data\processed\tess\features\YAF_third_neutral_mfcc.npy,data\processed\tess\spectrograms\YAF_third_neutral_spec.npy
YAF_thought_neutral,neutral,0,data\processed\tess\features\YAF_thought_neutral_mfcc.npy,data\processed\tess\spectrograms\YAF_thought_neutral_spec.npy
YAF_thumb_neutral,neutral,0,data\processed\tess\features\YAF_thumb_neutral_mfcc.npy,data\processed\tess\spectrograms\YAF_thumb_neutral_spec.npy
YAF_time_neutral,neutral,0,data\processed\tess\features\YAF_time_neutral_mfcc.npy,data\processed\tess\spectrograms\YAF_time_neutral_spec.npy
YAF_tip_neutral,neutral,0,data\processed\tess\features\YAF_tip_neutral_mfcc.npy,data\processed\tess\spectrograms\YAF_tip_neutral_spec.npy
YAF_tire_neutral,neutral,0,data\processed\tess\features\YAF_tire_neutral_mfcc.npy,data\processed\tess\spectrograms\YAF_tire_neutral_spec.npy
YAF_ton_neutral,neutral,0,data\processed\tess\features\YAF_ton_neutral_mfcc.npy,data\processed\tess\spectrograms\YAF_ton_neutral_spec.npy
YAF_tool_neutral,neutral,0,data\processed\tess\features\YAF_tool_neutral_mfcc.npy,data\processed\tess\spectrograms\YAF_tool_neutral_spec.npy
YAF_tough_neutral,neutral,0,data\processed\tess\features\YAF_tough_neutral_mfcc.npy,data\processed\tess\spectrograms\YAF_tough_neutral_spec.npy
YAF_turn_neutral,neutral,0,data\processed\tess\features\YAF_turn_neutral_mfcc.npy,data\processed\tess\spectrograms\YAF_turn_neutral_spec.npy
YAF_vine_neutral,neutral,0,data\processed\tess\features\YAF_vine_neutral_mfcc.npy,data\processed\tess\spectrograms\YAF_vine_neutral_spec.npy
YAF_voice_neutral,neutral,0,data\processed\tess\features\YAF_voice_neutral_mfcc.npy,data\processed\tess\spectrograms\YAF_voice_neutral_spec.npy
YAF_void_neutral,neutral,0,data\processed\tess\features\YAF_void_neutral_mfcc.npy,data\processed\tess\spectrograms\YAF_void_neutral_spec.npy
YAF_vote_neutral,neutral,0,data\processed\tess\features\YAF_vote_neutral_mfcc.npy,data\processed\tess\spectrograms\YAF_vote_neutral_spec.npy
YAF_wag_neutral,neutral,0,data\processed\tess\features\YAF_wag_neutral_mfcc.npy,data\processed\tess\spectrograms\YAF_wag_neutral_spec.npy
YAF_walk_neutral,neutral,0,data\processed\tess\features\YAF_walk_neutral_mfcc.npy,data\processed\tess\spectrograms\YAF_walk_neutral_spec.npy
YAF_wash_neutral,neutral,0,data\processed\tess\features\YAF_wash_neutral_mfcc.npy,data\processed\tess\spectrograms\YAF_wash_neutral_spec.npy
YAF_week_neutral,neutral,0,data\processed\tess\features\YAF_week_neutral_mfcc.npy,data\processed\tess\spectrograms\YAF_week_neutral_spec.npy
YAF_wheat_neutral,neutral,0,data\processed\tess\features\YAF_wheat_neutral_mfcc.npy,data\processed\tess\spectrograms\YAF_wheat_neutral_spec.npy
YAF_when_neutral,neutral,0,data\processed\tess\features\YAF_when_neutral_mfcc.npy,data\processed\tess\spectrograms\YAF_when_neutral_spec.npy
YAF_which_neutral,neutral,0,data\processed\tess\features\YAF_which_neutral_mfcc.npy,data\processed\tess\spectrograms\YAF_which_neutral_spec.npy
YAF_whip_neutral,neutral,0,data\processed\tess\features\YAF_whip_neutral_mfcc.npy,data\processed\tess\spectrograms\YAF_whip_neutral_spec.npy
YAF_white_neutral,neutral,0,data\processed\tess\features\YAF_white_neutral_mfcc.npy,data\processed\tess\spectrograms\YAF_white_neutral_spec.npy
YAF_wife_neutral,neutral,0,data\processed\tess\features\YAF_wife_neutral_mfcc.npy,data\processed\tess\spectrograms\YAF_wife_neutral_spec.npy
YAF_wire_neutral,neutral,0,data\processed\tess\features\YAF_wire_neutral_mfcc.npy,data\processed\tess\spectrograms\YAF_wire_neutral_spec.npy
YAF_witch_neutral,neutral,0,data\processed\tess\features\YAF_witch_neutral_mfcc.npy,data\processed\tess\spectrograms\YAF_witch_neutral_spec.npy
YAF_yearn_neutral,neutral,0,data\processed\tess\features\YAF_yearn_neutral_mfcc.npy,data\processed\tess\spectrograms\YAF_yearn_neutral_spec.npy
YAF_yes_neutral,neutral,0,data\processed\tess\features\YAF_yes_neutral_mfcc.npy,data\processed\tess\spectrograms\YAF_yes_neutral_spec.npy
YAF_young_neutral,neutral,0,data\processed\tess\features\YAF_young_neutral_mfcc.npy,data\processed\tess\spectrograms\YAF_young_neutral_spec.npy
YAF_youth_neutral,neutral,0,data\processed\tess\features\YAF_youth_neutral_mfcc.npy,data\processed\tess\spectrograms\YAF_youth_neutral_spec.npy
YAF_back_ps,ps,0,data\processed\tess\features\YAF_back_ps_mfcc.npy,data\processed\tess\spectrograms\YAF_back_ps_spec.npy
YAF_bar_ps,ps,0,data\processed\tess\features\YAF_bar_ps_mfcc.npy,data\processed\tess\spectrograms\YAF_bar_ps_spec.npy
YAF_base_ps,ps,0,data\processed\tess\features\YAF_base_ps_mfcc.npy,data\processed\tess\spectrograms\YAF_base_ps_spec.npy
YAF_bath_ps,ps,0,data\processed\tess\features\YAF_bath_ps_mfcc.npy,data\processed\tess\spectrograms\YAF_bath_ps_spec.npy
YAF_bean_ps,ps,0,data\processed\tess\features\YAF_bean_ps_mfcc.npy,data\processed\tess\spectrograms\YAF_bean_ps_spec.npy
YAF_beg_ps,ps,0,data\processed\tess\features\YAF_beg_ps_mfcc.npy,data\processed\tess\spectrograms\YAF_beg_ps_spec.npy
YAF_bite_ps,ps,0,data\processed\tess\features\YAF_bite_ps_mfcc.npy,data\processed\tess\spectrograms\YAF_bite_ps_spec.npy
YAF_boat_ps,ps,0,data\processed\tess\features\YAF_boat_ps_mfcc.npy,data\processed\tess\spectrograms\YAF_boat_ps_spec.npy
YAF_bone_ps,ps,0,data\processed\tess\features\YAF_bone_ps_mfcc.npy,data\processed\tess\spectrograms\YAF_bone_ps_spec.npy
YAF_book_ps,ps,0,data\processed\tess\features\YAF_book_ps_mfcc.npy,data\processed\tess\spectrograms\YAF_book_ps_spec.npy
YAF_bought_ps,ps,0,data\processed\tess\features\YAF_bought_ps_mfcc.npy,data\processed\tess\spectrograms\YAF_bought_ps_spec.npy
YAF_burn_ps,ps,0,data\processed\tess\features\YAF_burn_ps_mfcc.npy,data\processed\tess\spectrograms\YAF_burn_ps_spec.npy
YAF_cab_ps,ps,0,data\processed\tess\features\YAF_cab_ps_mfcc.npy,data\processed\tess\spectrograms\YAF_cab_ps_spec.npy
YAF_calm_ps,ps,0,data\processed\tess\features\YAF_calm_ps_mfcc.npy,data\processed\tess\spectrograms\YAF_calm_ps_spec.npy
YAF_came_ps,ps,0,data\processed\tess\features\YAF_came_ps_mfcc.npy,data\processed\tess\spectrograms\YAF_came_ps_spec.npy
YAF_cause_ps,ps,0,data\processed\tess\features\YAF_cause_ps_mfcc.npy,data\processed\tess\spectrograms\YAF_cause_ps_spec.npy
YAF_chain_ps,ps,0,data\processed\tess\features\YAF_chain_ps_mfcc.npy,data\processed\tess\spectrograms\YAF_chain_ps_spec.npy
YAF_chair_ps,ps,0,data\processed\tess\features\YAF_chair_ps_mfcc.npy,data\processed\tess\spectrograms\YAF_chair_ps_spec.npy
YAF_chalk_ps,ps,0,data\processed\tess\features\YAF_chalk_ps_mfcc.npy,data\processed\tess\spectrograms\YAF_chalk_ps_spec.npy
YAF_chat_ps,ps,0,data\processed\tess\features\YAF_chat_ps_mfcc.npy,data\processed\tess\spectrograms\YAF_chat_ps_spec.npy
YAF_check_ps,ps,0,data\processed\tess\features\YAF_check_ps_mfcc.npy,data\processed\tess\spectrograms\YAF_check_ps_spec.npy
YAF_cheek_ps,ps,0,data\processed\tess\features\YAF_cheek_ps_mfcc.npy,data\processed\tess\spectrograms\YAF_cheek_ps_spec.npy
YAF_chief_ps,ps,0,data\processed\tess\features\YAF_chief_ps_mfcc.npy,data\processed\tess\spectrograms\YAF_chief_ps_spec.npy
YAF_choice_ps,ps,0,data\processed\tess\features\YAF_choice_ps_mfcc.npy,data\processed\tess\spectrograms\YAF_choice_ps_spec.npy
YAF_cool_ps,ps,0,data\processed\tess\features\YAF_cool_ps_mfcc.npy,data\processed\tess\spectrograms\YAF_cool_ps_spec.npy
YAF_dab_ps,ps,0,data\processed\tess\features\YAF_dab_ps_mfcc.npy,data\processed\tess\spectrograms\YAF_dab_ps_spec.npy
YAF_date_ps,ps,0,data\processed\tess\features\YAF_date_ps_mfcc.npy,data\processed\tess\spectrograms\YAF_date_ps_spec.npy
YAF_dead_ps,ps,0,data\processed\tess\features\YAF_dead_ps_mfcc.npy,data\processed\tess\spectrograms\YAF_dead_ps_spec.npy
YAF_death_ps,ps,0,data\processed\tess\features\YAF_death_ps_mfcc.npy,data\processed\tess\spectrograms\YAF_death_ps_spec.npy
YAF_deep_ps,ps,0,data\processed\tess\features\YAF_deep_ps_mfcc.npy,data\processed\tess\spectrograms\YAF_deep_ps_spec.npy
YAF_dime_ps,ps,0,data\processed\tess\features\YAF_dime_ps_mfcc.npy,data\processed\tess\spectrograms\YAF_dime_ps_spec.npy
YAF_dip_ps,ps,0,data\processed\tess\features\YAF_dip_ps_mfcc.npy,data\processed\tess\spectrograms\YAF_dip_ps_spec.npy
YAF_ditch_ps,ps,0,data\processed\tess\features\YAF_ditch_ps_mfcc.npy,data\processed\tess\spectrograms\YAF_ditch_ps_spec.npy
YAF_dodge_ps,ps,0,data\processed\tess\features\YAF_dodge_ps_mfcc.npy,data\processed\tess\spectrograms\YAF_dodge_ps_spec.npy
YAF_dog_ps,ps,0,data\processed\tess\features\YAF_dog_ps_mfcc.npy,data\processed\tess\spectrograms\YAF_dog_ps_spec.npy
YAF_doll_ps,ps,0,data\processed\tess\features\YAF_doll_ps_mfcc.npy,data\processed\tess\spectrograms\YAF_doll_ps_spec.npy
YAF_door_ps,ps,0,data\processed\tess\features\YAF_door_ps_mfcc.npy,data\processed\tess\spectrograms\YAF_door_ps_spec.npy
YAF_fail_ps,ps,0,data\processed\tess\features\YAF_fail_ps_mfcc.npy,data\processed\tess\spectrograms\YAF_fail_ps_spec.npy
YAF_fall_ps,ps,0,data\processed\tess\features\YAF_fall_ps_mfcc.npy,data\processed\tess\spectrograms\YAF_fall_ps_spec.npy
YAF_far_ps,ps,0,data\processed\tess\features\YAF_far_ps_mfcc.npy,data\processed\tess\spectrograms\YAF_far_ps_spec.npy
YAF_fat_ps,ps,0,data\processed\tess\features\YAF_fat_ps_mfcc.npy,data\processed\tess\spectrograms\YAF_fat_ps_spec.npy
YAF_fit_ps,ps,0,data\processed\tess\features\YAF_fit_ps_mfcc.npy,data\processed\tess\spectrograms\YAF_fit_ps_spec.npy
YAF_five_ps,ps,0,data\processed\tess\features\YAF_five_ps_mfcc.npy,data\processed\tess\spectrograms\YAF_five_ps_spec.npy
YAF_food_ps,ps,0,data\processed\tess\features\YAF_food_ps_mfcc.npy,data\processed\tess\spectrograms\YAF_food_ps_spec.npy
YAF_gap_ps,ps,0,data\processed\tess\features\YAF_gap_ps_mfcc.npy,data\processed\tess\spectrograms\YAF_gap_ps_spec.npy
YAF_gas_ps,ps,0,data\processed\tess\features\YAF_gas_ps_mfcc.npy,data\processed\tess\spectrograms\YAF_gas_ps_spec.npy
YAF_gaze_ps,ps,0,data\processed\tess\features\YAF_gaze_ps_mfcc.npy,data\processed\tess\spectrograms\YAF_gaze_ps_spec.npy
YAF_germ_ps,ps,0,data\processed\tess\features\YAF_germ_ps_mfcc.npy,data\processed\tess\spectrograms\YAF_germ_ps_spec.npy
YAF_get_ps,ps,0,data\processed\tess\features\YAF_get_ps_mfcc.npy,data\processed\tess\spectrograms\YAF_get_ps_spec.npy
YAF_gin_ps,ps,0,data\processed\tess\features\YAF_gin_ps_mfcc.npy,data\processed\tess\spectrograms\YAF_gin_ps_spec.npy
YAF_goal_ps,ps,0,data\processed\tess\features\YAF_goal_ps_mfcc.npy,data\processed\tess\spectrograms\YAF_goal_ps_spec.npy
YAF_good_ps,ps,0,data\processed\tess\features\YAF_good_ps_mfcc.npy,data\processed\tess\spectrograms\YAF_good_ps_spec.npy
YAF_goose_ps,ps,0,data\processed\tess\features\YAF_goose_ps_mfcc.npy,data\processed\tess\spectrograms\YAF_goose_ps_spec.npy
YAF_gun_ps,ps,0,data\processed\tess\features\YAF_gun_ps_mfcc.npy,data\processed\tess\spectrograms\YAF_gun_ps_spec.npy
YAF_half_ps,ps,0,data\processed\tess\features\YAF_half_ps_mfcc.npy,data\processed\tess\spectrograms\YAF_half_ps_spec.npy
YAF_hall_ps,ps,0,data\processed\tess\features\YAF_hall_ps_mfcc.npy,data\processed\tess\spectrograms\YAF_hall_ps_spec.npy
YAF_hash_ps,ps,0,data\processed\tess\features\YAF_hash_ps_mfcc.npy,data\processed\tess\spectrograms\YAF_hash_ps_spec.npy
YAF_hate_ps,ps,0,data\processed\tess\features\YAF_hate_ps_mfcc.npy,data\processed\tess\spectrograms\YAF_hate_ps_spec.npy
YAF_have_ps,ps,0,data\processed\tess\features\YAF_have_ps_mfcc.npy,data\processed\tess\spectrograms\YAF_have_ps_spec.npy
YAF_haze_ps,ps,0,data\processed\tess\features\YAF_haze_ps_mfcc.npy,data\processed\tess\spectrograms\YAF_haze_ps_spec.npy
YAF_hire_ps,ps,0,data\processed\tess\features\YAF_hire_ps_mfcc.npy,data\processed\tess\spectrograms\YAF_hire_ps_spec.npy
YAF_hit_ps,ps,0,data\processed\tess\features\YAF_hit_ps_mfcc.npy,data\processed\tess\spectrograms\YAF_hit_ps_spec.npy
YAF_hole_ps,ps,0,data\processed\tess\features\YAF_hole_ps_mfcc.npy,data\processed\tess\spectrograms\YAF_hole_ps_spec.npy
YAF_home_ps,ps,0,data\processed\tess\features\YAF_home_ps_mfcc.npy,data\processed\tess\spectrograms\YAF_home_ps_spec.npy
YAF_hurl_ps,ps,0,data\processed\tess\features\YAF_hurl_ps_mfcc.npy,data\processed\tess\spectrograms\YAF_hurl_ps_spec.npy
YAF_hush_ps,ps,0,data\processed\tess\features\YAF_hush_ps_mfcc.npy,data\processed\tess\spectrograms\YAF_hush_ps_spec.npy
YAF_jail_ps,ps,0,data\processed\tess\features\YAF_jail_ps_mfcc.npy,data\processed\tess\spectrograms\YAF_jail_ps_spec.npy
YAF_jar_ps,ps,0,data\processed\tess\features\YAF_jar_ps_mfcc.npy,data\processed\tess\spectrograms\YAF_jar_ps_spec.npy
YAF_join_ps,ps,0,data\processed\tess\features\YAF_join_ps_mfcc.npy,data\processed\tess\spectrograms\YAF_join_ps_spec.npy
YAF_judge_ps,ps,0,data\processed\tess\features\YAF_judge_ps_mfcc.npy,data\processed\tess\spectrograms\YAF_judge_ps_spec.npy
YAF_jug_ps,ps,0,data\processed\tess\features\YAF_jug_ps_mfcc.npy,data\processed\tess\spectrograms\YAF_jug_ps_spec.npy
YAF_juice_ps,ps,0,data\processed\tess\features\YAF_juice_ps_mfcc.npy,data\processed\tess\spectrograms\YAF_juice_ps_spec.npy
YAF_keen_ps,ps,0,data\processed\tess\features\YAF_keen_ps_mfcc.npy,data\processed\tess\spectrograms\YAF_keen_ps_spec.npy
YAF_keep_ps,ps,0,data\processed\tess\features\YAF_keep_ps_mfcc.npy,data\processed\tess\spectrograms\YAF_keep_ps_spec.npy
YAF_keg_ps,ps,0,data\processed\tess\features\YAF_keg_ps_mfcc.npy,data\processed\tess\spectrograms\YAF_keg_ps_spec.npy
YAF_kick_ps,ps,0,data\processed\tess\features\YAF_kick_ps_mfcc.npy,data\processed\tess\spectrograms\YAF_kick_ps_spec.npy
YAF_kill_ps,ps,0,data\processed\tess\features\YAF_kill_ps_mfcc.npy,data\processed\tess\spectrograms\YAF_kill_ps_spec.npy
YAF_king_ps,ps,0,data\processed\tess\features\YAF_king_ps_mfcc.npy,data\processed\tess\spectrograms\YAF_king_ps_spec.npy
YAF_kite_ps,ps,0,data\processed\tess\features\YAF_kite_ps_mfcc.npy,data\processed\tess\spectrograms\YAF_kite_ps_spec.npy
YAF_knock_ps,ps,0,data\processed\tess\features\YAF_knock_ps_mfcc.npy,data\processed\tess\spectrograms\YAF_knock_ps_spec.npy
YAF_late_ps,ps,0,data\processed\tess\features\YAF_late_ps_mfcc.npy,data\processed\tess\spectrograms\YAF_late_ps_spec.npy
YAF_laud_ps,ps,0,data\processed\tess\features\YAF_laud_ps_mfcc.npy,data\processed\tess\spectrograms\YAF_laud_ps_spec.npy
YAF_lean_ps,ps,0,data\processed\tess\features\YAF_lean_ps_mfcc.npy,data\processed\tess\spectrograms\YAF_lean_ps_spec.npy
YAF_learn_ps,ps,0,data\processed\tess\features\YAF_learn_ps_mfcc.npy,data\processed\tess\spectrograms\YAF_learn_ps_spec.npy
YAF_lease_ps,ps,0,data\processed\tess\features\YAF_lease_ps_mfcc.npy,data\processed\tess\spectrograms\YAF_lease_ps_spec.npy
YAF_lid_ps,ps,0,data\processed\tess\features\YAF_lid_ps_mfcc.npy,data\processed\tess\spectrograms\YAF_lid_ps_spec.npy
YAF_life_ps,ps,0,data\processed\tess\features\YAF_life_ps_mfcc.npy,data\processed\tess\spectrograms\YAF_life_ps_spec.npy
YAF_limb_ps,ps,0,data\processed\tess\features\YAF_limb_ps_mfcc.npy,data\processed\tess\spectrograms\YAF_limb_ps_spec.npy
YAF_live_ps,ps,0,data\processed\tess\features\YAF_live_ps_mfcc.npy,data\processed\tess\spectrograms\YAF_live_ps_spec.npy
YAF_loaf_ps,ps,0,data\processed\tess\features\YAF_loaf_ps_mfcc.npy,data\processed\tess\spectrograms\YAF_loaf_ps_spec.npy
YAF_long_ps,ps,0,data\processed\tess\features\YAF_long_ps_mfcc.npy,data\processed\tess\spectrograms\YAF_long_ps_spec.npy
YAF_lore_ps,ps,0,data\processed\tess\features\YAF_lore_ps_mfcc.npy,data\processed\tess\spectrograms\YAF_lore_ps_spec.npy
YAF_lose_ps,ps,0,data\processed\tess\features\YAF_lose_ps_mfcc.npy,data\processed\tess\spectrograms\YAF_lose_ps_spec.npy
YAF_lot_ps,ps,0,data\processed\tess\features\YAF_lot_ps_mfcc.npy,data\processed\tess\spectrograms\YAF_lot_ps_spec.npy
YAF_love_ps,ps,0,data\processed\tess\features\YAF_love_ps_mfcc.npy,data\processed\tess\spectrograms\YAF_love_ps_spec.npy
YAF_luck_ps,ps,0,data\processed\tess\features\YAF_luck_ps_mfcc.npy,data\processed\tess\spectrograms\YAF_luck_ps_spec.npy
YAF_make_ps,ps,0,data\processed\tess\features\YAF_make_ps_mfcc.npy,data\processed\tess\spectrograms\YAF_make_ps_spec.npy
YAF_match_ps,ps,0,data\processed\tess\features\YAF_match_ps_mfcc.npy,data\processed\tess\spectrograms\YAF_match_ps_spec.npy
YAF_merge_ps,ps,0,data\processed\tess\features\YAF_merge_ps_mfcc.npy,data\processed\tess\spectrograms\YAF_merge_ps_spec.npy
YAF_mess_ps,ps,0,data\processed\tess\features\YAF_mess_ps_mfcc.npy,data\processed\tess\spectrograms\YAF_mess_ps_spec.npy
YAF_met_ps,ps,0,data\processed\tess\features\YAF_met_ps_mfcc.npy,data\processed\tess\spectrograms\YAF_met_ps_spec.npy
YAF_mill_ps,ps,0,data\processed\tess\features\YAF_mill_ps_mfcc.npy,data\processed\tess\spectrograms\YAF_mill_ps_spec.npy
YAF_mob_ps,ps,0,data\processed\tess\features\YAF_mob_ps_mfcc.npy,data\processed\tess\spectrograms\YAF_mob_ps_spec.npy
YAF_mode_ps,ps,0,data\processed\tess\features\YAF_mode_ps_mfcc.npy,data\processed\tess\spectrograms\YAF_mode_ps_spec.npy
YAF_mood_ps,ps,0,data\processed\tess\features\YAF_mood_ps_mfcc.npy,data\processed\tess\spectrograms\YAF_mood_ps_spec.npy
YAF_moon_ps,ps,0,data\processed\tess\features\YAF_moon_ps_mfcc.npy,data\processed\tess\spectrograms\YAF_moon_ps_spec.npy
YAF_mop_ps,ps,0,data\processed\tess\features\YAF_mop_ps_mfcc.npy,data\processed\tess\spectrograms\YAF_mop_ps_spec.npy
YAF_mouse_ps,ps,0,data\processed\tess\features\YAF_mouse_ps_mfcc.npy,data\processed\tess\spectrograms\YAF_mouse_ps_spec.npy
YAF_nag_ps,ps,0,data\processed\tess\features\YAF_nag_ps_mfcc.npy,data\processed\tess\spectrograms\YAF_nag_ps_spec.npy
YAF_name_ps,ps,0,data\processed\tess\features\YAF_name_ps_mfcc.npy,data\processed\tess\spectrograms\YAF_name_ps_spec.npy
YAF_near_ps,ps,0,data\processed\tess\features\YAF_near_ps_mfcc.npy,data\processed\tess\spectrograms\YAF_near_ps_spec.npy
YAF_neat_ps,ps,0,data\processed\tess\features\YAF_neat_ps_mfcc.npy,data\processed\tess\spectrograms\YAF_neat_ps_spec.npy
YAF_nice_ps,ps,0,data\processed\tess\features\YAF_nice_ps_mfcc.npy,data\processed\tess\spectrograms\YAF_nice_ps_spec.npy
YAF_note_ps,ps,0,data\processed\tess\features\YAF_note_ps_mfcc.npy,data\processed\tess\spectrograms\YAF_note_ps_spec.npy
YAF_numb_ps,ps,0,data\processed\tess\features\YAF_numb_ps_mfcc.npy,data\processed\tess\spectrograms\YAF_numb_ps_spec.npy
YAF_pad_ps,ps,0,data\processed\tess\features\YAF_pad_ps_mfcc.npy,data\processed\tess\spectrograms\YAF_pad_ps_spec.npy
YAF_page_ps,ps,0,data\processed\tess\features\YAF_page_ps_mfcc.npy,data\processed\tess\spectrograms\YAF_page_ps_spec.npy
YAF_pain_ps,ps,0,data\processed\tess\features\YAF_pain_ps_mfcc.npy,data\processed\tess\spectrograms\YAF_pain_ps_spec.npy
YAF_pass_ps,ps,0,data\processed\tess\features\YAF_pass_ps_mfcc.npy,data\processed\tess\spectrograms\YAF_pass_ps_spec.npy
YAF_pearl_ps,ps,0,data\processed\tess\features\YAF_pearl_ps_mfcc.npy,data\processed\tess\spectrograms\YAF_pearl_ps_spec.npy
YAF_peg_ps,ps,0,data\processed\tess\features\YAF_peg_ps_mfcc.npy,data\processed\tess\spectrograms\YAF_peg_ps_spec.npy
YAF_perch_ps,ps,0,data\processed\tess\features\YAF_perch_ps_mfcc.npy,data\processed\tess\spectrograms\YAF_perch_ps_spec.npy
YAF_phone_ps,ps,0,data\processed\tess\features\YAF_phone_ps_mfcc.npy,data\processed\tess\spectrograms\YAF_phone_ps_spec.npy
YAF_pick_ps,ps,0,data\processed\tess\features\YAF_pick_ps_mfcc.npy,data\processed\tess\spectrograms\YAF_pick_ps_spec.npy
YAF_pike_ps,ps,0,data\processed\tess\features\YAF_pike_ps_mfcc.npy,data\processed\tess\spectrograms\YAF_pike_ps_spec.npy
YAF_pole_ps,ps,0,data\processed\tess\features\YAF_pole_ps_mfcc.npy,data\processed\tess\spectrograms\YAF_pole_ps_spec.npy
YAF_pool_ps,ps,0,data\processed\tess\features\YAF_pool_ps_mfcc.npy,data\processed\tess\spectrograms\YAF_pool_ps_spec.npy
YAF_puff_ps,ps,0,data\processed\tess\features\YAF_puff_ps_mfcc.npy,data\processed\tess\spectrograms\YAF_puff_ps_spec.npy
YAF_rag_ps,ps,0,data\processed\tess\features\YAF_rag_ps_mfcc.npy,data\processed\tess\spectrograms\YAF_rag_ps_spec.npy
YAF_raid_ps,ps,0,data\processed\tess\features\YAF_raid_ps_mfcc.npy,data\processed\tess\spectrograms\YAF_raid_ps_spec.npy
YAF_rain_ps,ps,0,data\processed\tess\features\YAF_rain_ps_mfcc.npy,data\processed\tess\spectrograms\YAF_rain_ps_spec.npy
YAF_raise_ps,ps,0,data\processed\tess\features\YAF_raise_ps_mfcc.npy,data\processed\tess\spectrograms\YAF_raise_ps_spec.npy
YAF_rat_ps,ps,0,data\processed\tess\features\YAF_rat_ps_mfcc.npy,data\processed\tess\spectrograms\YAF_rat_ps_spec.npy
YAF_reach_ps,ps,0,data\processed\tess\features\YAF_reach_ps_mfcc.npy,data\processed\tess\spectrograms\YAF_reach_ps_spec.npy
YAF_read_ps,ps,0,data\processed\tess\features\YAF_read_ps_mfcc.npy,data\processed\tess\spectrograms\YAF_read_ps_spec.npy
YAF_red_ps,ps,0,data\processed\tess\features\YAF_red_ps_mfcc.npy,data\processed\tess\spectrograms\YAF_red_ps_spec.npy
YAF_ring_ps,ps,0,data\processed\tess\features\YAF_ring_ps_mfcc.npy,data\processed\tess\spectrograms\YAF_ring_ps_spec.npy
YAF_ripe_ps,ps,0,data\processed\tess\features\YAF_ripe_ps_mfcc.npy,data\processed\tess\spectrograms\YAF_ripe_ps_spec.npy
YAF_road_ps,ps,0,data\processed\tess\features\YAF_road_ps_mfcc.npy,data\processed\tess\spectrograms\YAF_road_ps_spec.npy
YAF_room_ps,ps,0,data\processed\tess\features\YAF_room_ps_mfcc.npy,data\processed\tess\spectrograms\YAF_room_ps_spec.npy
YAF_rose_ps,ps,0,data\processed\tess\features\YAF_rose_ps_mfcc.npy,data\processed\tess\spectrograms\YAF_rose_ps_spec.npy
YAF_rot_ps,ps,0,data\processed\tess\features\YAF_rot_ps_mfcc.npy,data\processed\tess\spectrograms\YAF_rot_ps_spec.npy
YAF_rough_ps,ps,0,data\processed\tess\features\YAF_rough_ps_mfcc.npy,data\processed\tess\spectrograms\YAF_rough_ps_spec.npy
YAF_rush_ps,ps,0,data\processed\tess\features\YAF_rush_ps_mfcc.npy,data\processed\tess\spectrograms\YAF_rush_ps_spec.npy
YAF_said_ps,ps,0,data\processed\tess\features\YAF_said_ps_mfcc.npy,data\processed\tess\spectrograms\YAF_said_ps_spec.npy
YAF_sail_ps,ps,0,data\processed\tess\features\YAF_sail_ps_mfcc.npy,data\processed\tess\spectrograms\YAF_sail_ps_spec.npy
YAF_search_ps,ps,0,data\processed\tess\features\YAF_search_ps_mfcc.npy,data\processed\tess\spectrograms\YAF_search_ps_spec.npy
YAF_seize_ps,ps,0,data\processed\tess\features\YAF_seize_ps_mfcc.npy,data\processed\tess\spectrograms\YAF_seize_ps_spec.npy
YAF_sell_ps,ps,0,data\processed\tess\features\YAF_sell_ps_mfcc.npy,data\processed\tess\spectrograms\YAF_sell_ps_spec.npy
YAF_shack_ps,ps,0,data\processed\tess\features\YAF_shack_ps_mfcc.npy,data\processed\tess\spectrograms\YAF_shack_ps_spec.npy
YAF_shall_ps,ps,0,data\processed\tess\features\YAF_shall_ps_mfcc.npy,data\processed\tess\spectrograms\YAF_shall_ps_spec.npy
YAF_shawl_ps,ps,0,data\processed\tess\features\YAF_shawl_ps_mfcc.npy,data\processed\tess\spectrograms\YAF_shawl_ps_spec.npy
YAF_sheep_ps,ps,0,data\processed\tess\features\YAF_sheep_ps_mfcc.npy,data\processed\tess\spectrograms\YAF_sheep_ps_spec.npy
YAF_shirt_ps,ps,0,data\processed\tess\features\YAF_shirt_ps_mfcc.npy,data\processed\tess\spectrograms\YAF_shirt_ps_spec.npy
YAF_should_ps,ps,0,data\processed\tess\features\YAF_should_ps_mfcc.npy,data\processed\tess\spectrograms\YAF_should_ps_spec.npy
YAF_shout_ps,ps,0,data\processed\tess\features\YAF_shout_ps_mfcc.npy,data\processed\tess\spectrograms\YAF_shout_ps_spec.npy
YAF_size_ps,ps,0,data\processed\tess\features\YAF_size_ps_mfcc.npy,data\processed\tess\spectrograms\YAF_size_ps_spec.npy
YAF_soap_ps,ps,0,data\processed\tess\features\YAF_soap_ps_mfcc.npy,data\processed\tess\spectrograms\YAF_soap_ps_spec.npy
YAF_soup_ps,ps,0,data\processed\tess\features\YAF_soup_ps_mfcc.npy,data\processed\tess\spectrograms\YAF_soup_ps_spec.npy
YAF_sour_ps,ps,0,data\processed\tess\features\YAF_sour_ps_mfcc.npy,data\processed\tess\spectrograms\YAF_sour_ps_spec.npy
YAF_south_ps,ps,0,data\processed\tess\features\YAF_south_ps_mfcc.npy,data\processed\tess\spectrograms\YAF_south_ps_spec.npy
YAF_sub_ps,ps,0,data\processed\tess\features\YAF_sub_ps_mfcc.npy,data\processed\tess\spectrograms\YAF_sub_ps_spec.npy
YAF_such_ps,ps,0,data\processed\tess\features\YAF_such_ps_mfcc.npy,data\processed\tess\spectrograms\YAF_such_ps_spec.npy
YAF_sure_ps,ps,0,data\processed\tess\features\YAF_sure_ps_mfcc.npy,data\processed\tess\spectrograms\YAF_sure_ps_spec.npy
YAF_take_ps,ps,0,data\processed\tess\features\YAF_take_ps_mfcc.npy,data\processed\tess\spectrograms\YAF_take_ps_spec.npy
YAF_talk_ps,ps,0,data\processed\tess\features\YAF_talk_ps_mfcc.npy,data\processed\tess\spectrograms\YAF_talk_ps_spec.npy
YAF_tape_ps,ps,0,data\processed\tess\features\YAF_tape_ps_mfcc.npy,data\processed\tess\spectrograms\YAF_tape_ps_spec.npy
YAF_team_ps,ps,0,data\processed\tess\features\YAF_team_ps_mfcc.npy,data\processed\tess\spectrograms\YAF_team_ps_spec.npy
YAF_tell_ps,ps,0,data\processed\tess\features\YAF_tell_ps_mfcc.npy,data\processed\tess\spectrograms\YAF_tell_ps_spec.npy
YAF_thin_ps,ps,0,data\processed\tess\features\YAF_thin_ps_mfcc.npy,data\processed\tess\spectrograms\YAF_thin_ps_spec.npy
YAF_third_ps,ps,0,data\processed\tess\features\YAF_third_ps_mfcc.npy,data\processed\tess\spectrograms\YAF_third_ps_spec.npy
YAF_thought_ps,ps,0,data\processed\tess\features\YAF_thought_ps_mfcc.npy,data\processed\tess\spectrograms\YAF_thought_ps_spec.npy
YAF_thumb_ps,ps,0,data\processed\tess\features\YAF_thumb_ps_mfcc.npy,data\processed\tess\spectrograms\YAF_thumb_ps_spec.npy
YAF_time_ps,ps,0,data\processed\tess\features\YAF_time_ps_mfcc.npy,data\processed\tess\spectrograms\YAF_time_ps_spec.npy
YAF_tip_ps,ps,0,data\processed\tess\features\YAF_tip_ps_mfcc.npy,data\processed\tess\spectrograms\YAF_tip_ps_spec.npy
YAF_tire_ps,ps,0,data\processed\tess\features\YAF_tire_ps_mfcc.npy,data\processed\tess\spectrograms\YAF_tire_ps_spec.npy
YAF_ton_ps,ps,0,data\processed\tess\features\YAF_ton_ps_mfcc.npy,data\processed\tess\spectrograms\YAF_ton_ps_spec.npy
YAF_tool_ps,ps,0,data\processed\tess\features\YAF_tool_ps_mfcc.npy,data\processed\tess\spectrograms\YAF_tool_ps_spec.npy
YAF_tough_ps,ps,0,data\processed\tess\features\YAF_tough_ps_mfcc.npy,data\processed\tess\spectrograms\YAF_tough_ps_spec.npy
YAF_turn_ps,ps,0,data\processed\tess\features\YAF_turn_ps_mfcc.npy,data\processed\tess\spectrograms\YAF_turn_ps_spec.npy
YAF_vine_ps,ps,0,data\processed\tess\features\YAF_vine_ps_mfcc.npy,data\processed\tess\spectrograms\YAF_vine_ps_spec.npy
YAF_voice_ps,ps,0,data\processed\tess\features\YAF_voice_ps_mfcc.npy,data\processed\tess\spectrograms\YAF_voice_ps_spec.npy
YAF_void_ps,ps,0,data\processed\tess\features\YAF_void_ps_mfcc.npy,data\processed\tess\spectrograms\YAF_void_ps_spec.npy
YAF_vote_ps,ps,0,data\processed\tess\features\YAF_vote_ps_mfcc.npy,data\processed\tess\spectrograms\YAF_vote_ps_spec.npy
YAF_wag_ps,ps,0,data\processed\tess\features\YAF_wag_ps_mfcc.npy,data\processed\tess\spectrograms\YAF_wag_ps_spec.npy
YAF_walk_ps,ps,0,data\processed\tess\features\YAF_walk_ps_mfcc.npy,data\processed\tess\spectrograms\YAF_walk_ps_spec.npy
YAF_wash_ps,ps,0,data\processed\tess\features\YAF_wash_ps_mfcc.npy,data\processed\tess\spectrograms\YAF_wash_ps_spec.npy
YAF_week_ps,ps,0,data\processed\tess\features\YAF_week_ps_mfcc.npy,data\processed\tess\spectrograms\YAF_week_ps_spec.npy
YAF_wheat_ps,ps,0,data\processed\tess\features\YAF_wheat_ps_mfcc.npy,data\processed\tess\spectrograms\YAF_wheat_ps_spec.npy
YAF_when_ps,ps,0,data\processed\tess\features\YAF_when_ps_mfcc.npy,data\processed\tess\spectrograms\YAF_when_ps_spec.npy
YAF_which_ps,ps,0,data\processed\tess\features\YAF_which_ps_mfcc.npy,data\processed\tess\spectrograms\YAF_which_ps_spec.npy
YAF_whip_ps,ps,0,data\processed\tess\features\YAF_whip_ps_mfcc.npy,data\processed\tess\spectrograms\YAF_whip_ps_spec.npy
YAF_white_ps,ps,0,data\processed\tess\features\YAF_white_ps_mfcc.npy,data\processed\tess\spectrograms\YAF_white_ps_spec.npy
YAF_wife_ps,ps,0,data\processed\tess\features\YAF_wife_ps_mfcc.npy,data\processed\tess\spectrograms\YAF_wife_ps_spec.npy
YAF_wire_ps,ps,0,data\processed\tess\features\YAF_wire_ps_mfcc.npy,data\processed\tess\spectrograms\YAF_wire_ps_spec.npy
YAF_witch_ps,ps,0,data\processed\tess\features\YAF_witch_ps_mfcc.npy,data\processed\tess\spectrograms\YAF_witch_ps_spec.npy
YAF_yearn_ps,ps,0,data\processed\tess\features\YAF_yearn_ps_mfcc.npy,data\processed\tess\spectrograms\YAF_yearn_ps_spec.npy
YAF_yes_ps,ps,0,data\processed\tess\features\YAF_yes_ps_mfcc.npy,data\processed\tess\spectrograms\YAF_yes_ps_spec.npy
YAF_young_ps,ps,0,data\processed\tess\features\YAF_young_ps_mfcc.npy,data\processed\tess\spectrograms\YAF_young_ps_spec.npy
YAF_youth_ps,ps,0,data\processed\tess\features\YAF_youth_ps_mfcc.npy,data\processed\tess\spectrograms\YAF_youth_ps_spec.npy
YAF_back_sad,sad,1,data\processed\tess\features\YAF_back_sad_mfcc.npy,data\processed\tess\spectrograms\YAF_back_sad_spec.npy
YAF_bar_sad,sad,1,data\processed\tess\features\YAF_bar_sad_mfcc.npy,data\processed\tess\spectrograms\YAF_bar_sad_spec.npy
YAF_base_sad,sad,1,data\processed\tess\features\YAF_base_sad_mfcc.npy,data\processed\tess\spectrograms\YAF_base_sad_spec.npy
YAF_bath_sad,sad,1,data\processed\tess\features\YAF_bath_sad_mfcc.npy,data\processed\tess\spectrograms\YAF_bath_sad_spec.npy
YAF_bean_sad,sad,1,data\processed\tess\features\YAF_bean_sad_mfcc.npy,data\processed\tess\spectrograms\YAF_bean_sad_spec.npy
YAF_beg_sad,sad,1,data\processed\tess\features\YAF_beg_sad_mfcc.npy,data\processed\tess\spectrograms\YAF_beg_sad_spec.npy
YAF_bite_sad,sad,1,data\processed\tess\features\YAF_bite_sad_mfcc.npy,data\processed\tess\spectrograms\YAF_bite_sad_spec.npy
YAF_boat_sad,sad,1,data\processed\tess\features\YAF_boat_sad_mfcc.npy,data\processed\tess\spectrograms\YAF_boat_sad_spec.npy
YAF_bone_sad,sad,1,data\processed\tess\features\YAF_bone_sad_mfcc.npy,data\processed\tess\spectrograms\YAF_bone_sad_spec.npy
YAF_book_sad,sad,1,data\processed\tess\features\YAF_book_sad_mfcc.npy,data\processed\tess\spectrograms\YAF_book_sad_spec.npy
YAF_bought_sad,sad,1,data\processed\tess\features\YAF_bought_sad_mfcc.npy,data\processed\tess\spectrograms\YAF_bought_sad_spec.npy
YAF_burn_sad,sad,1,data\processed\tess\features\YAF_burn_sad_mfcc.npy,data\processed\tess\spectrograms\YAF_burn_sad_spec.npy
YAF_cab_sad,sad,1,data\processed\tess\features\YAF_cab_sad_mfcc.npy,data\processed\tess\spectrograms\YAF_cab_sad_spec.npy
YAF_calm_sad,sad,1,data\processed\tess\features\YAF_calm_sad_mfcc.npy,data\processed\tess\spectrograms\YAF_calm_sad_spec.npy
YAF_came_sad,sad,1,data\processed\tess\features\YAF_came_sad_mfcc.npy,data\processed\tess\spectrograms\YAF_came_sad_spec.npy
YAF_cause_sad,sad,1,data\processed\tess\features\YAF_cause_sad_mfcc.npy,data\processed\tess\spectrograms\YAF_cause_sad_spec.npy
YAF_chain_sad,sad,1,data\processed\tess\features\YAF_chain_sad_mfcc.npy,data\processed\tess\spectrograms\YAF_chain_sad_spec.npy
YAF_chair_sad,sad,1,data\processed\tess\features\YAF_chair_sad_mfcc.npy,data\processed\tess\spectrograms\YAF_chair_sad_spec.npy
YAF_chalk_sad,sad,1,data\processed\tess\features\YAF_chalk_sad_mfcc.npy,data\processed\tess\spectrograms\YAF_chalk_sad_spec.npy
YAF_chat_sad,sad,1,data\processed\tess\features\YAF_chat_sad_mfcc.npy,data\processed\tess\spectrograms\YAF_chat_sad_spec.npy
YAF_check_sad,sad,1,data\processed\tess\features\YAF_check_sad_mfcc.npy,data\processed\tess\spectrograms\YAF_check_sad_spec.npy
YAF_cheek_sad,sad,1,data\processed\tess\features\YAF_cheek_sad_mfcc.npy,data\processed\tess\spectrograms\YAF_cheek_sad_spec.npy
YAF_chief_sad,sad,1,data\processed\tess\features\YAF_chief_sad_mfcc.npy,data\processed\tess\spectrograms\YAF_chief_sad_spec.npy
YAF_choice_sad,sad,1,data\processed\tess\features\YAF_choice_sad_mfcc.npy,data\processed\tess\spectrograms\YAF_choice_sad_spec.npy
YAF_cool_sad,sad,1,data\processed\tess\features\YAF_cool_sad_mfcc.npy,data\processed\tess\spectrograms\YAF_cool_sad_spec.npy
YAF_dab_sad,sad,1,data\processed\tess\features\YAF_dab_sad_mfcc.npy,data\processed\tess\spectrograms\YAF_dab_sad_spec.npy
YAF_date_sad,sad,1,data\processed\tess\features\YAF_date_sad_mfcc.npy,data\processed\tess\spectrograms\YAF_date_sad_spec.npy
YAF_dead_sad,sad,1,data\processed\tess\features\YAF_dead_sad_mfcc.npy,data\processed\tess\spectrograms\YAF_dead_sad_spec.npy
YAF_death_sad,sad,1,data\processed\tess\features\YAF_death_sad_mfcc.npy,data\processed\tess\spectrograms\YAF_death_sad_spec.npy
YAF_deep_sad,sad,1,data\processed\tess\features\YAF_deep_sad_mfcc.npy,data\processed\tess\spectrograms\YAF_deep_sad_spec.npy
YAF_dime_sad,sad,1,data\processed\tess\features\YAF_dime_sad_mfcc.npy,data\processed\tess\spectrograms\YAF_dime_sad_spec.npy
YAF_dip_sad,sad,1,data\processed\tess\features\YAF_dip_sad_mfcc.npy,data\processed\tess\spectrograms\YAF_dip_sad_spec.npy
YAF_ditch_sad,sad,1,data\processed\tess\features\YAF_ditch_sad_mfcc.npy,data\processed\tess\spectrograms\YAF_ditch_sad_spec.npy
YAF_dodge_sad,sad,1,data\processed\tess\features\YAF_dodge_sad_mfcc.npy,data\processed\tess\spectrograms\YAF_dodge_sad_spec.npy
YAF_dog_sad,sad,1,data\processed\tess\features\YAF_dog_sad_mfcc.npy,data\processed\tess\spectrograms\YAF_dog_sad_spec.npy
YAF_doll_sad,sad,1,data\processed\tess\features\YAF_doll_sad_mfcc.npy,data\processed\tess\spectrograms\YAF_doll_sad_spec.npy
YAF_door_sad,sad,1,data\processed\tess\features\YAF_door_sad_mfcc.npy,data\processed\tess\spectrograms\YAF_door_sad_spec.npy
YAF_fail_sad,sad,1,data\processed\tess\features\YAF_fail_sad_mfcc.npy,data\processed\tess\spectrograms\YAF_fail_sad_spec.npy
YAF_fall_sad,sad,1,data\processed\tess\features\YAF_fall_sad_mfcc.npy,data\processed\tess\spectrograms\YAF_fall_sad_spec.npy
YAF_far_sad,sad,1,data\processed\tess\features\YAF_far_sad_mfcc.npy,data\processed\tess\spectrograms\YAF_far_sad_spec.npy
YAF_fat_sad,sad,1,data\processed\tess\features\YAF_fat_sad_mfcc.npy,data\processed\tess\spectrograms\YAF_fat_sad_spec.npy
YAF_fit_sad,sad,1,data\processed\tess\features\YAF_fit_sad_mfcc.npy,data\processed\tess\spectrograms\YAF_fit_sad_spec.npy
YAF_five_sad,sad,1,data\processed\tess\features\YAF_five_sad_mfcc.npy,data\processed\tess\spectrograms\YAF_five_sad_spec.npy
YAF_food_sad,sad,1,data\processed\tess\features\YAF_food_sad_mfcc.npy,data\processed\tess\spectrograms\YAF_food_sad_spec.npy
YAF_gap_sad,sad,1,data\processed\tess\features\YAF_gap_sad_mfcc.npy,data\processed\tess\spectrograms\YAF_gap_sad_spec.npy
YAF_gas_sad,sad,1,data\processed\tess\features\YAF_gas_sad_mfcc.npy,data\processed\tess\spectrograms\YAF_gas_sad_spec.npy
YAF_gaze_sad,sad,1,data\processed\tess\features\YAF_gaze_sad_mfcc.npy,data\processed\tess\spectrograms\YAF_gaze_sad_spec.npy
YAF_germ_sad,sad,1,data\processed\tess\features\YAF_germ_sad_mfcc.npy,data\processed\tess\spectrograms\YAF_germ_sad_spec.npy
YAF_get_sad,sad,1,data\processed\tess\features\YAF_get_sad_mfcc.npy,data\processed\tess\spectrograms\YAF_get_sad_spec.npy
YAF_gin_sad,sad,1,data\processed\tess\features\YAF_gin_sad_mfcc.npy,data\processed\tess\spectrograms\YAF_gin_sad_spec.npy
YAF_goal_sad,sad,1,data\processed\tess\features\YAF_goal_sad_mfcc.npy,data\processed\tess\spectrograms\YAF_goal_sad_spec.npy
YAF_good_sad,sad,1,data\processed\tess\features\YAF_good_sad_mfcc.npy,data\processed\tess\spectrograms\YAF_good_sad_spec.npy
YAF_goose_sad,sad,1,data\processed\tess\features\YAF_goose_sad_mfcc.npy,data\processed\tess\spectrograms\YAF_goose_sad_spec.npy
YAF_gun_sad,sad,1,data\processed\tess\features\YAF_gun_sad_mfcc.npy,data\processed\tess\spectrograms\YAF_gun_sad_spec.npy
YAF_half_sad,sad,1,data\processed\tess\features\YAF_half_sad_mfcc.npy,data\processed\tess\spectrograms\YAF_half_sad_spec.npy
YAF_hall_sad,sad,1,data\processed\tess\features\YAF_hall_sad_mfcc.npy,data\processed\tess\spectrograms\YAF_hall_sad_spec.npy
YAF_hash_sad,sad,1,data\processed\tess\features\YAF_hash_sad_mfcc.npy,data\processed\tess\spectrograms\YAF_hash_sad_spec.npy
YAF_hate_sad,sad,1,data\processed\tess\features\YAF_hate_sad_mfcc.npy,data\processed\tess\spectrograms\YAF_hate_sad_spec.npy
YAF_have_sad,sad,1,data\processed\tess\features\YAF_have_sad_mfcc.npy,data\processed\tess\spectrograms\YAF_have_sad_spec.npy
YAF_haze_sad,sad,1,data\processed\tess\features\YAF_haze_sad_mfcc.npy,data\processed\tess\spectrograms\YAF_haze_sad_spec.npy
YAF_hire_sad,sad,1,data\processed\tess\features\YAF_hire_sad_mfcc.npy,data\processed\tess\spectrograms\YAF_hire_sad_spec.npy
YAF_hit_sad,sad,1,data\processed\tess\features\YAF_hit_sad_mfcc.npy,data\processed\tess\spectrograms\YAF_hit_sad_spec.npy
YAF_hole_sad,sad,1,data\processed\tess\features\YAF_hole_sad_mfcc.npy,data\processed\tess\spectrograms\YAF_hole_sad_spec.npy
YAF_home_sad,sad,1,data\processed\tess\features\YAF_home_sad_mfcc.npy,data\processed\tess\spectrograms\YAF_home_sad_spec.npy
YAF_hurl_sad,sad,1,data\processed\tess\features\YAF_hurl_sad_mfcc.npy,data\processed\tess\spectrograms\YAF_hurl_sad_spec.npy
YAF_hush_sad,sad,1,data\processed\tess\features\YAF_hush_sad_mfcc.npy,data\processed\tess\spectrograms\YAF_hush_sad_spec.npy
YAF_jail_sad,sad,1,data\processed\tess\features\YAF_jail_sad_mfcc.npy,data\processed\tess\spectrograms\YAF_jail_sad_spec.npy
YAF_jar_sad,sad,1,data\processed\tess\features\YAF_jar_sad_mfcc.npy,data\processed\tess\spectrograms\YAF_jar_sad_spec.npy
YAF_join_sad,sad,1,data\processed\tess\features\YAF_join_sad_mfcc.npy,data\processed\tess\spectrograms\YAF_join_sad_spec.npy
YAF_judge_sad,sad,1,data\processed\tess\features\YAF_judge_sad_mfcc.npy,data\processed\tess\spectrograms\YAF_judge_sad_spec.npy
YAF_jug_sad,sad,1,data\processed\tess\features\YAF_jug_sad_mfcc.npy,data\processed\tess\spectrograms\YAF_jug_sad_spec.npy
YAF_juice_sad,sad,1,data\processed\tess\features\YAF_juice_sad_mfcc.npy,data\processed\tess\spectrograms\YAF_juice_sad_spec.npy
YAF_keen_sad,sad,1,data\processed\tess\features\YAF_keen_sad_mfcc.npy,data\processed\tess\spectrograms\YAF_keen_sad_spec.npy
YAF_keep_sad,sad,1,data\processed\tess\features\YAF_keep_sad_mfcc.npy,data\processed\tess\spectrograms\YAF_keep_sad_spec.npy
YAF_keg_sad,sad,1,data\processed\tess\features\YAF_keg_sad_mfcc.npy,data\processed\tess\spectrograms\YAF_keg_sad_spec.npy
YAF_kick_sad,sad,1,data\processed\tess\features\YAF_kick_sad_mfcc.npy,data\processed\tess\spectrograms\YAF_kick_sad_spec.npy
YAF_kill_sad,sad,1,data\processed\tess\features\YAF_kill_sad_mfcc.npy,data\processed\tess\spectrograms\YAF_kill_sad_spec.npy
YAF_king_sad,sad,1,data\processed\tess\features\YAF_king_sad_mfcc.npy,data\processed\tess\spectrograms\YAF_king_sad_spec.npy
YAF_kite_sad,sad,1,data\processed\tess\features\YAF_kite_sad_mfcc.npy,data\processed\tess\spectrograms\YAF_kite_sad_spec.npy
YAF_knock_sad,sad,1,data\processed\tess\features\YAF_knock_sad_mfcc.npy,data\processed\tess\spectrograms\YAF_knock_sad_spec.npy
YAF_late_sad,sad,1,data\processed\tess\features\YAF_late_sad_mfcc.npy,data\processed\tess\spectrograms\YAF_late_sad_spec.npy
YAF_laud_sad,sad,1,data\processed\tess\features\YAF_laud_sad_mfcc.npy,data\processed\tess\spectrograms\YAF_laud_sad_spec.npy
YAF_lean_sad,sad,1,data\processed\tess\features\YAF_lean_sad_mfcc.npy,data\processed\tess\spectrograms\YAF_lean_sad_spec.npy
YAF_learn_sad,sad,1,data\processed\tess\features\YAF_learn_sad_mfcc.npy,data\processed\tess\spectrograms\YAF_learn_sad_spec.npy
YAF_lease_sad,sad,1,data\processed\tess\features\YAF_lease_sad_mfcc.npy,data\processed\tess\spectrograms\YAF_lease_sad_spec.npy
YAF_lid_sad,sad,1,data\processed\tess\features\YAF_lid_sad_mfcc.npy,data\processed\tess\spectrograms\YAF_lid_sad_spec.npy
YAF_life_sad,sad,1,data\processed\tess\features\YAF_life_sad_mfcc.npy,data\processed\tess\spectrograms\YAF_life_sad_spec.npy
YAF_limb_sad,sad,1,data\processed\tess\features\YAF_limb_sad_mfcc.npy,data\processed\tess\spectrograms\YAF_limb_sad_spec.npy
YAF_live_sad,sad,1,data\processed\tess\features\YAF_live_sad_mfcc.npy,data\processed\tess\spectrograms\YAF_live_sad_spec.npy
YAF_loaf_sad,sad,1,data\processed\tess\features\YAF_loaf_sad_mfcc.npy,data\processed\tess\spectrograms\YAF_loaf_sad_spec.npy
YAF_long_sad,sad,1,data\processed\tess\features\YAF_long_sad_mfcc.npy,data\processed\tess\spectrograms\YAF_long_sad_spec.npy
YAF_lore_sad,sad,1,data\processed\tess\features\YAF_lore_sad_mfcc.npy,data\processed\tess\spectrograms\YAF_lore_sad_spec.npy
YAF_lose_sad,sad,1,data\processed\tess\features\YAF_lose_sad_mfcc.npy,data\processed\tess\spectrograms\YAF_lose_sad_spec.npy
YAF_lot_sad,sad,1,data\processed\tess\features\YAF_lot_sad_mfcc.npy,data\processed\tess\spectrograms\YAF_lot_sad_spec.npy
YAF_love_sad,sad,1,data\processed\tess\features\YAF_love_sad_mfcc.npy,data\processed\tess\spectrograms\YAF_love_sad_spec.npy
YAF_luck_sad,sad,1,data\processed\tess\features\YAF_luck_sad_mfcc.npy,data\processed\tess\spectrograms\YAF_luck_sad_spec.npy
YAF_make_sad,sad,1,data\processed\tess\features\YAF_make_sad_mfcc.npy,data\processed\tess\spectrograms\YAF_make_sad_spec.npy
YAF_match_sad,sad,1,data\processed\tess\features\YAF_match_sad_mfcc.npy,data\processed\tess\spectrograms\YAF_match_sad_spec.npy
YAF_merge_sad,sad,1,data\processed\tess\features\YAF_merge_sad_mfcc.npy,data\processed\tess\spectrograms\YAF_merge_sad_spec.npy
YAF_mess_sad,sad,1,data\processed\tess\features\YAF_mess_sad_mfcc.npy,data\processed\tess\spectrograms\YAF_mess_sad_spec.npy
YAF_met_sad,sad,1,data\processed\tess\features\YAF_met_sad_mfcc.npy,data\processed\tess\spectrograms\YAF_met_sad_spec.npy
YAF_mill_sad,sad,1,data\processed\tess\features\YAF_mill_sad_mfcc.npy,data\processed\tess\spectrograms\YAF_mill_sad_spec.npy
YAF_mob_sad,sad,1,data\processed\tess\features\YAF_mob_sad_mfcc.npy,data\processed\tess\spectrograms\YAF_mob_sad_spec.npy
YAF_mode_sad,sad,1,data\processed\tess\features\YAF_mode_sad_mfcc.npy,data\processed\tess\spectrograms\YAF_mode_sad_spec.npy
YAF_mood_sad,sad,1,data\processed\tess\features\YAF_mood_sad_mfcc.npy,data\processed\tess\spectrograms\YAF_mood_sad_spec.npy
YAF_moon_sad,sad,1,data\processed\tess\features\YAF_moon_sad_mfcc.npy,data\processed\tess\spectrograms\YAF_moon_sad_spec.npy
YAF_mop_sad,sad,1,data\processed\tess\features\YAF_mop_sad_mfcc.npy,data\processed\tess\spectrograms\YAF_mop_sad_spec.npy
YAF_mouse_sad,sad,1,data\processed\tess\features\YAF_mouse_sad_mfcc.npy,data\processed\tess\spectrograms\YAF_mouse_sad_spec.npy
YAF_nag_sad,sad,1,data\processed\tess\features\YAF_nag_sad_mfcc.npy,data\processed\tess\spectrograms\YAF_nag_sad_spec.npy
YAF_name_sad,sad,1,data\processed\tess\features\YAF_name_sad_mfcc.npy,data\processed\tess\spectrograms\YAF_name_sad_spec.npy
YAF_near_sad,sad,1,data\processed\tess\features\YAF_near_sad_mfcc.npy,data\processed\tess\spectrograms\YAF_near_sad_spec.npy
YAF_neat_sad,sad,1,data\processed\tess\features\YAF_neat_sad_mfcc.npy,data\processed\tess\spectrograms\YAF_neat_sad_spec.npy
YAF_nice_sad,sad,1,data\processed\tess\features\YAF_nice_sad_mfcc.npy,data\processed\tess\spectrograms\YAF_nice_sad_spec.npy
YAF_note_sad,sad,1,data\processed\tess\features\YAF_note_sad_mfcc.npy,data\processed\tess\spectrograms\YAF_note_sad_spec.npy
YAF_numb_sad,sad,1,data\processed\tess\features\YAF_numb_sad_mfcc.npy,data\processed\tess\spectrograms\YAF_numb_sad_spec.npy
YAF_pad_sad,sad,1,data\processed\tess\features\YAF_pad_sad_mfcc.npy,data\processed\tess\spectrograms\YAF_pad_sad_spec.npy
YAF_page_sad,sad,1,data\processed\tess\features\YAF_page_sad_mfcc.npy,data\processed\tess\spectrograms\YAF_page_sad_spec.npy
YAF_pain_sad,sad,1,data\processed\tess\features\YAF_pain_sad_mfcc.npy,data\processed\tess\spectrograms\YAF_pain_sad_spec.npy
YAF_pass_sad,sad,1,data\processed\tess\features\YAF_pass_sad_mfcc.npy,data\processed\tess\spectrograms\YAF_pass_sad_spec.npy
YAF_pearl_sad,sad,1,data\processed\tess\features\YAF_pearl_sad_mfcc.npy,data\processed\tess\spectrograms\YAF_pearl_sad_spec.npy
YAF_peg_sad,sad,1,data\processed\tess\features\YAF_peg_sad_mfcc.npy,data\processed\tess\spectrograms\YAF_peg_sad_spec.npy
YAF_perch_sad,sad,1,data\processed\tess\features\YAF_perch_sad_mfcc.npy,data\processed\tess\spectrograms\YAF_perch_sad_spec.npy
YAF_phone_sad,sad,1,data\processed\tess\features\YAF_phone_sad_mfcc.npy,data\processed\tess\spectrograms\YAF_phone_sad_spec.npy
YAF_pick_sad,sad,1,data\processed\tess\features\YAF_pick_sad_mfcc.npy,data\processed\tess\spectrograms\YAF_pick_sad_spec.npy
YAF_pike_sad,sad,1,data\processed\tess\features\YAF_pike_sad_mfcc.npy,data\processed\tess\spectrograms\YAF_pike_sad_spec.npy
YAF_pole_sad,sad,1,data\processed\tess\features\YAF_pole_sad_mfcc.npy,data\processed\tess\spectrograms\YAF_pole_sad_spec.npy
YAF_pool_sad,sad,1,data\processed\tess\features\YAF_pool_sad_mfcc.npy,data\processed\tess\spectrograms\YAF_pool_sad_spec.npy
YAF_puff_sad,sad,1,data\processed\tess\features\YAF_puff_sad_mfcc.npy,data\processed\tess\spectrograms\YAF_puff_sad_spec.npy
YAF_rag_sad,sad,1,data\processed\tess\features\YAF_rag_sad_mfcc.npy,data\processed\tess\spectrograms\YAF_rag_sad_spec.npy
YAF_raid_sad,sad,1,data\processed\tess\features\YAF_raid_sad_mfcc.npy,data\processed\tess\spectrograms\YAF_raid_sad_spec.npy
YAF_rain_sad,sad,1,data\processed\tess\features\YAF_rain_sad_mfcc.npy,data\processed\tess\spectrograms\YAF_rain_sad_spec.npy
YAF_raise_sad,sad,1,data\processed\tess\features\YAF_raise_sad_mfcc.npy,data\processed\tess\spectrograms\YAF_raise_sad_spec.npy
YAF_rat_sad,sad,1,data\processed\tess\features\YAF_rat_sad_mfcc.npy,data\processed\tess\spectrograms\YAF_rat_sad_spec.npy
YAF_reach_sad,sad,1,data\processed\tess\features\YAF_reach_sad_mfcc.npy,data\processed\tess\spectrograms\YAF_reach_sad_spec.npy
YAF_read_sad,sad,1,data\processed\tess\features\YAF_read_sad_mfcc.npy,data\processed\tess\spectrograms\YAF_read_sad_spec.npy
YAF_red_sad,sad,1,data\processed\tess\features\YAF_red_sad_mfcc.npy,data\processed\tess\spectrograms\YAF_red_sad_spec.npy
YAF_ring_sad,sad,1,data\processed\tess\features\YAF_ring_sad_mfcc.npy,data\processed\tess\spectrograms\YAF_ring_sad_spec.npy
YAF_ripe_sad,sad,1,data\processed\tess\features\YAF_ripe_sad_mfcc.npy,data\processed\tess\spectrograms\YAF_ripe_sad_spec.npy
YAF_road_sad,sad,1,data\processed\tess\features\YAF_road_sad_mfcc.npy,data\processed\tess\spectrograms\YAF_road_sad_spec.npy
YAF_room_sad,sad,1,data\processed\tess\features\YAF_room_sad_mfcc.npy,data\processed\tess\spectrograms\YAF_room_sad_spec.npy
YAF_rose_sad,sad,1,data\processed\tess\features\YAF_rose_sad_mfcc.npy,data\processed\tess\spectrograms\YAF_rose_sad_spec.npy
YAF_rot_sad,sad,1,data\processed\tess\features\YAF_rot_sad_mfcc.npy,data\processed\tess\spectrograms\YAF_rot_sad_spec.npy
YAF_rough_sad,sad,1,data\processed\tess\features\YAF_rough_sad_mfcc.npy,data\processed\tess\spectrograms\YAF_rough_sad_spec.npy
YAF_rush_sad,sad,1,data\processed\tess\features\YAF_rush_sad_mfcc.npy,data\processed\tess\spectrograms\YAF_rush_sad_spec.npy
YAF_said_sad,sad,1,data\processed\tess\features\YAF_said_sad_mfcc.npy,data\processed\tess\spectrograms\YAF_said_sad_spec.npy
YAF_sail_sad,sad,1,data\processed\tess\features\YAF_sail_sad_mfcc.npy,data\processed\tess\spectrograms\YAF_sail_sad_spec.npy
YAF_search_sad,sad,1,data\processed\tess\features\YAF_search_sad_mfcc.npy,data\processed\tess\spectrograms\YAF_search_sad_spec.npy
YAF_seize_sad,sad,1,data\processed\tess\features\YAF_seize_sad_mfcc.npy,data\processed\tess\spectrograms\YAF_seize_sad_spec.npy
YAF_sell_sad,sad,1,data\processed\tess\features\YAF_sell_sad_mfcc.npy,data\processed\tess\spectrograms\YAF_sell_sad_spec.npy
YAF_shack_sad,sad,1,data\processed\tess\features\YAF_shack_sad_mfcc.npy,data\processed\tess\spectrograms\YAF_shack_sad_spec.npy
YAF_shall_sad,sad,1,data\processed\tess\features\YAF_shall_sad_mfcc.npy,data\processed\tess\spectrograms\YAF_shall_sad_spec.npy
YAF_shawl_sad,sad,1,data\processed\tess\features\YAF_shawl_sad_mfcc.npy,data\processed\tess\spectrograms\YAF_shawl_sad_spec.npy
YAF_sheep_sad,sad,1,data\processed\tess\features\YAF_sheep_sad_mfcc.npy,data\processed\tess\spectrograms\YAF_sheep_sad_spec.npy
YAF_shirt_sad,sad,1,data\processed\tess\features\YAF_shirt_sad_mfcc.npy,data\processed\tess\spectrograms\YAF_shirt_sad_spec.npy
YAF_should_sad,sad,1,data\processed\tess\features\YAF_should_sad_mfcc.npy,data\processed\tess\spectrograms\YAF_should_sad_spec.npy
YAF_shout_sad,sad,1,data\processed\tess\features\YAF_shout_sad_mfcc.npy,data\processed\tess\spectrograms\YAF_shout_sad_spec.npy
YAF_size_sad,sad,1,data\processed\tess\features\YAF_size_sad_mfcc.npy,data\processed\tess\spectrograms\YAF_size_sad_spec.npy
YAF_soap_sad,sad,1,data\processed\tess\features\YAF_soap_sad_mfcc.npy,data\processed\tess\spectrograms\YAF_soap_sad_spec.npy
YAF_soup_sad,sad,1,data\processed\tess\features\YAF_soup_sad_mfcc.npy,data\processed\tess\spectrograms\YAF_soup_sad_spec.npy
YAF_sour_sad,sad,1,data\processed\tess\features\YAF_sour_sad_mfcc.npy,data\processed\tess\spectrograms\YAF_sour_sad_spec.npy
YAF_south_sad,sad,1,data\processed\tess\features\YAF_south_sad_mfcc.npy,data\processed\tess\spectrograms\YAF_south_sad_spec.npy
YAF_sub_sad,sad,1,data\processed\tess\features\YAF_sub_sad_mfcc.npy,data\processed\tess\spectrograms\YAF_sub_sad_spec.npy
YAF_such_sad,sad,1,data\processed\tess\features\YAF_such_sad_mfcc.npy,data\processed\tess\spectrograms\YAF_such_sad_spec.npy
YAF_sure_sad,sad,1,data\processed\tess\features\YAF_sure_sad_mfcc.npy,data\processed\tess\spectrograms\YAF_sure_sad_spec.npy
YAF_take_sad,sad,1,data\processed\tess\features\YAF_take_sad_mfcc.npy,data\processed\tess\spectrograms\YAF_take_sad_spec.npy
YAF_talk_sad,sad,1,data\processed\tess\features\YAF_talk_sad_mfcc.npy,data\processed\tess\spectrograms\YAF_talk_sad_spec.npy
YAF_tape_sad,sad,1,data\processed\tess\features\YAF_tape_sad_mfcc.npy,data\processed\tess\spectrograms\YAF_tape_sad_spec.npy
YAF_team_sad,sad,1,data\processed\tess\features\YAF_team_sad_mfcc.npy,data\processed\tess\spectrograms\YAF_team_sad_spec.npy
YAF_tell_sad,sad,1,data\processed\tess\features\YAF_tell_sad_mfcc.npy,data\processed\tess\spectrograms\YAF_tell_sad_spec.npy
YAF_thin_sad,sad,1,data\processed\tess\features\YAF_thin_sad_mfcc.npy,data\processed\tess\spectrograms\YAF_thin_sad_spec.npy
YAF_third_sad,sad,1,data\processed\tess\features\YAF_third_sad_mfcc.npy,data\processed\tess\spectrograms\YAF_third_sad_spec.npy
YAF_thought_sad,sad,1,data\processed\tess\features\YAF_thought_sad_mfcc.npy,data\processed\tess\spectrograms\YAF_thought_sad_spec.npy
YAF_thumb_sad,sad,1,data\processed\tess\features\YAF_thumb_sad_mfcc.npy,data\processed\tess\spectrograms\YAF_thumb_sad_spec.npy
YAF_time_sad,sad,1,data\processed\tess\features\YAF_time_sad_mfcc.npy,data\processed\tess\spectrograms\YAF_time_sad_spec.npy
YAF_tip_sad,sad,1,data\processed\tess\features\YAF_tip_sad_mfcc.npy,data\processed\tess\spectrograms\YAF_tip_sad_spec.npy
YAF_tire_sad,sad,1,data\processed\tess\features\YAF_tire_sad_mfcc.npy,data\processed\tess\spectrograms\YAF_tire_sad_spec.npy
YAF_ton_sad,sad,1,data\processed\tess\features\YAF_ton_sad_mfcc.npy,data\processed\tess\spectrograms\YAF_ton_sad_spec.npy
YAF_tool_sad,sad,1,data\processed\tess\features\YAF_tool_sad_mfcc.npy,data\processed\tess\spectrograms\YAF_tool_sad_spec.npy
YAF_tough_sad,sad,1,data\processed\tess\features\YAF_tough_sad_mfcc.npy,data\processed\tess\spectrograms\YAF_tough_sad_spec.npy
YAF_turn_sad,sad,1,data\processed\tess\features\YAF_turn_sad_mfcc.npy,data\processed\tess\spectrograms\YAF_turn_sad_spec.npy
YAF_vine_sad,sad,1,data\processed\tess\features\YAF_vine_sad_mfcc.npy,data\processed\tess\spectrograms\YAF_vine_sad_spec.npy
YAF_voice_sad,sad,1,data\processed\tess\features\YAF_voice_sad_mfcc.npy,data\processed\tess\spectrograms\YAF_voice_sad_spec.npy
YAF_void_sad,sad,1,data\processed\tess\features\YAF_void_sad_mfcc.npy,data\processed\tess\spectrograms\YAF_void_sad_spec.npy
YAF_vote_sad,sad,1,data\processed\tess\features\YAF_vote_sad_mfcc.npy,data\processed\tess\spectrograms\YAF_vote_sad_spec.npy
YAF_wag_sad,sad,1,data\processed\tess\features\YAF_wag_sad_mfcc.npy,data\processed\tess\spectrograms\YAF_wag_sad_spec.npy
YAF_walk_sad,sad,1,data\processed\tess\features\YAF_walk_sad_mfcc.npy,data\processed\tess\spectrograms\YAF_walk_sad_spec.npy
YAF_wash_sad,sad,1,data\processed\tess\features\YAF_wash_sad_mfcc.npy,data\processed\tess\spectrograms\YAF_wash_sad_spec.npy
YAF_week_sad,sad,1,data\processed\tess\features\YAF_week_sad_mfcc.npy,data\processed\tess\spectrograms\YAF_week_sad_spec.npy
YAF_wheat_sad,sad,1,data\processed\tess\features\YAF_wheat_sad_mfcc.npy,data\processed\tess\spectrograms\YAF_wheat_sad_spec.npy
YAF_when_sad,sad,1,data\processed\tess\features\YAF_when_sad_mfcc.npy,data\processed\tess\spectrograms\YAF_when_sad_spec.npy
YAF_which_sad,sad,1,data\processed\tess\features\YAF_which_sad_mfcc.npy,data\processed\tess\spectrograms\YAF_which_sad_spec.npy
YAF_whip_sad,sad,1,data\processed\tess\features\YAF_whip_sad_mfcc.npy,data\processed\tess\spectrograms\YAF_whip_sad_spec.npy
YAF_white_sad,sad,1,data\processed\tess\features\YAF_white_sad_mfcc.npy,data\processed\tess\spectrograms\YAF_white_sad_spec.npy
YAF_wife_sad,sad,1,data\processed\tess\features\YAF_wife_sad_mfcc.npy,data\processed\tess\spectrograms\YAF_wife_sad_spec.npy
YAF_wire_sad,sad,1,data\processed\tess\features\YAF_wire_sad_mfcc.npy,data\processed\tess\spectrograms\YAF_wire_sad_spec.npy
YAF_witch_sad,sad,1,data\processed\tess\features\YAF_witch_sad_mfcc.npy,data\processed\tess\spectrograms\YAF_witch_sad_spec.npy
YAF_yearn_sad,sad,1,data\processed\tess\features\YAF_yearn_sad_mfcc.npy,data\processed\tess\spectrograms\YAF_yearn_sad_spec.npy
YAF_yes_sad,sad,1,data\processed\tess\features\YAF_yes_sad_mfcc.npy,data\processed\tess\spectrograms\YAF_yes_sad_spec.npy
YAF_young_sad,sad,1,data\processed\tess\features\YAF_young_sad_mfcc.npy,data\processed\tess\spectrograms\YAF_young_sad_spec.npy
YAF_youth_sad,sad,1,data\processed\tess\features\YAF_youth_sad_mfcc.npy,data\processed\tess\spectrograms\YAF_youth_sad_spec.npy
OAF_back_angry,angry,1,data\processed\tess\features\OAF_back_angry_mfcc.npy,data\processed\tess\spectrograms\OAF_back_angry_spec.npy
OAF_bar_angry,angry,1,data\processed\tess\features\OAF_bar_angry_mfcc.npy,data\processed\tess\spectrograms\OAF_bar_angry_spec.npy
OAF_base_angry,angry,1,data\processed\tess\features\OAF_base_angry_mfcc.npy,data\processed\tess\spectrograms\OAF_base_angry_spec.npy
OAF_bath_angry,angry,1,data\processed\tess\features\OAF_bath_angry_mfcc.npy,data\processed\tess\spectrograms\OAF_bath_angry_spec.npy
OAF_bean_angry,angry,1,data\processed\tess\features\OAF_bean_angry_mfcc.npy,data\processed\tess\spectrograms\OAF_bean_angry_spec.npy
OAF_beg_angry,angry,1,data\processed\tess\features\OAF_beg_angry_mfcc.npy,data\processed\tess\spectrograms\OAF_beg_angry_spec.npy
OAF_bite_angry,angry,1,data\processed\tess\features\OAF_bite_angry_mfcc.npy,data\processed\tess\spectrograms\OAF_bite_angry_spec.npy
OAF_boat_angry,angry,1,data\processed\tess\features\OAF_boat_angry_mfcc.npy,data\processed\tess\spectrograms\OAF_boat_angry_spec.npy
OAF_bone_angry,angry,1,data\processed\tess\features\OAF_bone_angry_mfcc.npy,data\processed\tess\spectrograms\OAF_bone_angry_spec.npy
OAF_book_angry,angry,1,data\processed\tess\features\OAF_book_angry_mfcc.npy,data\processed\tess\spectrograms\OAF_book_angry_spec.npy
OAF_bought_angry,angry,1,data\processed\tess\features\OAF_bought_angry_mfcc.npy,data\processed\tess\spectrograms\OAF_bought_angry_spec.npy
OAF_burn_angry,angry,1,data\processed\tess\features\OAF_burn_angry_mfcc.npy,data\processed\tess\spectrograms\OAF_burn_angry_spec.npy
OAF_cab_angry,angry,1,data\processed\tess\features\OAF_cab_angry_mfcc.npy,data\processed\tess\spectrograms\OAF_cab_angry_spec.npy
OAF_calm_angry,angry,1,data\processed\tess\features\OAF_calm_angry_mfcc.npy,data\processed\tess\spectrograms\OAF_calm_angry_spec.npy
OAF_came_angry,angry,1,data\processed\tess\features\OAF_came_angry_mfcc.npy,data\processed\tess\spectrograms\OAF_came_angry_spec.npy
OAF_cause_angry,angry,1,data\processed\tess\features\OAF_cause_angry_mfcc.npy,data\processed\tess\spectrograms\OAF_cause_angry_spec.npy
OAF_chain_angry,angry,1,data\processed\tess\features\OAF_chain_angry_mfcc.npy,data\processed\tess\spectrograms\OAF_chain_angry_spec.npy
OAF_chair_angry,angry,1,data\processed\tess\features\OAF_chair_angry_mfcc.npy,data\processed\tess\spectrograms\OAF_chair_angry_spec.npy
OAF_chalk_angry,angry,1,data\processed\tess\features\OAF_chalk_angry_mfcc.npy,data\processed\tess\spectrograms\OAF_chalk_angry_spec.npy
OAF_chat_angry,angry,1,data\processed\tess\features\OAF_chat_angry_mfcc.npy,data\processed\tess\spectrograms\OAF_chat_angry_spec.npy
OAF_check_angry,angry,1,data\processed\tess\features\OAF_check_angry_mfcc.npy,data\processed\tess\spectrograms\OAF_check_angry_spec.npy
OAF_cheek_angry,angry,1,data\processed\tess\features\OAF_cheek_angry_mfcc.npy,data\processed\tess\spectrograms\OAF_cheek_angry_spec.npy
OAF_chief_angry,angry,1,data\processed\tess\features\OAF_chief_angry_mfcc.npy,data\processed\tess\spectrograms\OAF_chief_angry_spec.npy
OAF_choice_angry,angry,1,data\processed\tess\features\OAF_choice_angry_mfcc.npy,data\processed\tess\spectrograms\OAF_choice_angry_spec.npy
OAF_cool_angry,angry,1,data\processed\tess\features\OAF_cool_angry_mfcc.npy,data\processed\tess\spectrograms\OAF_cool_angry_spec.npy
OAF_dab_angry,angry,1,data\processed\tess\features\OAF_dab_angry_mfcc.npy,data\processed\tess\spectrograms\OAF_dab_angry_spec.npy
OAF_date_angry,angry,1,data\processed\tess\features\OAF_date_angry_mfcc.npy,data\processed\tess\spectrograms\OAF_date_angry_spec.npy
OAF_dead_angry,angry,1,data\processed\tess\features\OAF_dead_angry_mfcc.npy,data\processed\tess\spectrograms\OAF_dead_angry_spec.npy
OAF_death_angry,angry,1,data\processed\tess\features\OAF_death_angry_mfcc.npy,data\processed\tess\spectrograms\OAF_death_angry_spec.npy
OAF_deep_angry,angry,1,data\processed\tess\features\OAF_deep_angry_mfcc.npy,data\processed\tess\spectrograms\OAF_deep_angry_spec.npy
OAF_dime_angry,angry,1,data\processed\tess\features\OAF_dime_angry_mfcc.npy,data\processed\tess\spectrograms\OAF_dime_angry_spec.npy
OAF_dip_angry,angry,1,data\processed\tess\features\OAF_dip_angry_mfcc.npy,data\processed\tess\spectrograms\OAF_dip_angry_spec.npy
OAF_ditch_angry,angry,1,data\processed\tess\features\OAF_ditch_angry_mfcc.npy,data\processed\tess\spectrograms\OAF_ditch_angry_spec.npy
OAF_dodge_angry,angry,1,data\processed\tess\features\OAF_dodge_angry_mfcc.npy,data\processed\tess\spectrograms\OAF_dodge_angry_spec.npy
OAF_dog_angry,angry,1,data\processed\tess\features\OAF_dog_angry_mfcc.npy,data\processed\tess\spectrograms\OAF_dog_angry_spec.npy
OAF_doll_angry,angry,1,data\processed\tess\features\OAF_doll_angry_mfcc.npy,data\processed\tess\spectrograms\OAF_doll_angry_spec.npy
OAF_door_angry,angry,1,data\processed\tess\features\OAF_door_angry_mfcc.npy,data\processed\tess\spectrograms\OAF_door_angry_spec.npy
OAF_fail_angry,angry,1,data\processed\tess\features\OAF_fail_angry_mfcc.npy,data\processed\tess\spectrograms\OAF_fail_angry_spec.npy
OAF_fall_angry,angry,1,data\processed\tess\features\OAF_fall_angry_mfcc.npy,data\processed\tess\spectrograms\OAF_fall_angry_spec.npy
OAF_far_angry,angry,1,data\processed\tess\features\OAF_far_angry_mfcc.npy,data\processed\tess\spectrograms\OAF_far_angry_spec.npy
OAF_fat_angry,angry,1,data\processed\tess\features\OAF_fat_angry_mfcc.npy,data\processed\tess\spectrograms\OAF_fat_angry_spec.npy
OAF_fit_angry,angry,1,data\processed\tess\features\OAF_fit_angry_mfcc.npy,data\processed\tess\spectrograms\OAF_fit_angry_spec.npy
OAF_five_angry,angry,1,data\processed\tess\features\OAF_five_angry_mfcc.npy,data\processed\tess\spectrograms\OAF_five_angry_spec.npy
OAF_food_angry,angry,1,data\processed\tess\features\OAF_food_angry_mfcc.npy,data\processed\tess\spectrograms\OAF_food_angry_spec.npy
OAF_gap_angry,angry,1,data\processed\tess\features\OAF_gap_angry_mfcc.npy,data\processed\tess\spectrograms\OAF_gap_angry_spec.npy
OAF_gas_angry,angry,1,data\processed\tess\features\OAF_gas_angry_mfcc.npy,data\processed\tess\spectrograms\OAF_gas_angry_spec.npy
OAF_gaze_angry,angry,1,data\processed\tess\features\OAF_gaze_angry_mfcc.npy,data\processed\tess\spectrograms\OAF_gaze_angry_spec.npy
OAF_germ_angry,angry,1,data\processed\tess\features\OAF_germ_angry_mfcc.npy,data\processed\tess\spectrograms\OAF_germ_angry_spec.npy
OAF_get_angry,angry,1,data\processed\tess\features\OAF_get_angry_mfcc.npy,data\processed\tess\spectrograms\OAF_get_angry_spec.npy
OAF_gin_angry,angry,1,data\processed\tess\features\OAF_gin_angry_mfcc.npy,data\processed\tess\spectrograms\OAF_gin_angry_spec.npy
OAF_goal_angry,angry,1,data\processed\tess\features\OAF_goal_angry_mfcc.npy,data\processed\tess\spectrograms\OAF_goal_angry_spec.npy
OAF_good_angry,angry,1,data\processed\tess\features\OAF_good_angry_mfcc.npy,data\processed\tess\spectrograms\OAF_good_angry_spec.npy
OAF_goose_angry,angry,1,data\processed\tess\features\OAF_goose_angry_mfcc.npy,data\processed\tess\spectrograms\OAF_goose_angry_spec.npy
OAF_gun_angry,angry,1,data\processed\tess\features\OAF_gun_angry_mfcc.npy,data\processed\tess\spectrograms\OAF_gun_angry_spec.npy
OAF_half_angry,angry,1,data\processed\tess\features\OAF_half_angry_mfcc.npy,data\processed\tess\spectrograms\OAF_half_angry_spec.npy
OAF_hall_angry,angry,1,data\processed\tess\features\OAF_hall_angry_mfcc.npy,data\processed\tess\spectrograms\OAF_hall_angry_spec.npy
OAF_hash_angry,angry,1,data\processed\tess\features\OAF_hash_angry_mfcc.npy,data\processed\tess\spectrograms\OAF_hash_angry_spec.npy
OAF_hate_angry,angry,1,data\processed\tess\features\OAF_hate_angry_mfcc.npy,data\processed\tess\spectrograms\OAF_hate_angry_spec.npy
OAF_have_angry,angry,1,data\processed\tess\features\OAF_have_angry_mfcc.npy,data\processed\tess\spectrograms\OAF_have_angry_spec.npy
OAF_haze_angry,angry,1,data\processed\tess\features\OAF_haze_angry_mfcc.npy,data\processed\tess\spectrograms\OAF_haze_angry_spec.npy
OAF_hire_angry,angry,1,data\processed\tess\features\OAF_hire_angry_mfcc.npy,data\processed\tess\spectrograms\OAF_hire_angry_spec.npy
OAF_hit_angry,angry,1,data\processed\tess\features\OAF_hit_angry_mfcc.npy,data\processed\tess\spectrograms\OAF_hit_angry_spec.npy
OAF_hole_angry,angry,1,data\processed\tess\features\OAF_hole_angry_mfcc.npy,data\processed\tess\spectrograms\OAF_hole_angry_spec.npy
OAF_home_angry,angry,1,data\processed\tess\features\OAF_home_angry_mfcc.npy,data\processed\tess\spectrograms\OAF_home_angry_spec.npy
OAF_hurl_angry,angry,1,data\processed\tess\features\OAF_hurl_angry_mfcc.npy,data\processed\tess\spectrograms\OAF_hurl_angry_spec.npy
OAF_hush_angry,angry,1,data\processed\tess\features\OAF_hush_angry_mfcc.npy,data\processed\tess\spectrograms\OAF_hush_angry_spec.npy
OAF_jail_angry,angry,1,data\processed\tess\features\OAF_jail_angry_mfcc.npy,data\processed\tess\spectrograms\OAF_jail_angry_spec.npy
OAF_jar_angry,angry,1,data\processed\tess\features\OAF_jar_angry_mfcc.npy,data\processed\tess\spectrograms\OAF_jar_angry_spec.npy
OAF_join_angry,angry,1,data\processed\tess\features\OAF_join_angry_mfcc.npy,data\processed\tess\spectrograms\OAF_join_angry_spec.npy
OAF_judge_angry,angry,1,data\processed\tess\features\OAF_judge_angry_mfcc.npy,data\processed\tess\spectrograms\OAF_judge_angry_spec.npy
OAF_jug_angry,angry,1,data\processed\tess\features\OAF_jug_angry_mfcc.npy,data\processed\tess\spectrograms\OAF_jug_angry_spec.npy
OAF_juice_angry,angry,1,data\processed\tess\features\OAF_juice_angry_mfcc.npy,data\processed\tess\spectrograms\OAF_juice_angry_spec.npy
OAF_keen_angry,angry,1,data\processed\tess\features\OAF_keen_angry_mfcc.npy,data\processed\tess\spectrograms\OAF_keen_angry_spec.npy
OAF_keep_angry,angry,1,data\processed\tess\features\OAF_keep_angry_mfcc.npy,data\processed\tess\spectrograms\OAF_keep_angry_spec.npy
OAF_keg_angry,angry,1,data\processed\tess\features\OAF_keg_angry_mfcc.npy,data\processed\tess\spectrograms\OAF_keg_angry_spec.npy
OAF_kick_angry,angry,1,data\processed\tess\features\OAF_kick_angry_mfcc.npy,data\processed\tess\spectrograms\OAF_kick_angry_spec.npy
OAF_kill_angry,angry,1,data\processed\tess\features\OAF_kill_angry_mfcc.npy,data\processed\tess\spectrograms\OAF_kill_angry_spec.npy
OAF_king_angry,angry,1,data\processed\tess\features\OAF_king_angry_mfcc.npy,data\processed\tess\spectrograms\OAF_king_angry_spec.npy
OAF_kite_angry,angry,1,data\processed\tess\features\OAF_kite_angry_mfcc.npy,data\processed\tess\spectrograms\OAF_kite_angry_spec.npy
OAF_knock_angry,angry,1,data\processed\tess\features\OAF_knock_angry_mfcc.npy,data\processed\tess\spectrograms\OAF_knock_angry_spec.npy
OAF_late_angry,angry,1,data\processed\tess\features\OAF_late_angry_mfcc.npy,data\processed\tess\spectrograms\OAF_late_angry_spec.npy
OAF_laud_angry,angry,1,data\processed\tess\features\OAF_laud_angry_mfcc.npy,data\processed\tess\spectrograms\OAF_laud_angry_spec.npy
OAF_lean_angry,angry,1,data\processed\tess\features\OAF_lean_angry_mfcc.npy,data\processed\tess\spectrograms\OAF_lean_angry_spec.npy
OAF_learn_angry,angry,1,data\processed\tess\features\OAF_learn_angry_mfcc.npy,data\processed\tess\spectrograms\OAF_learn_angry_spec.npy
OAF_lease_angry,angry,1,data\processed\tess\features\OAF_lease_angry_mfcc.npy,data\processed\tess\spectrograms\OAF_lease_angry_spec.npy
OAF_lid_angry,angry,1,data\processed\tess\features\OAF_lid_angry_mfcc.npy,data\processed\tess\spectrograms\OAF_lid_angry_spec.npy
OAF_life_angry,angry,1,data\processed\tess\features\OAF_life_angry_mfcc.npy,data\processed\tess\spectrograms\OAF_life_angry_spec.npy
OAF_limb_angry,angry,1,data\processed\tess\features\OAF_limb_angry_mfcc.npy,data\processed\tess\spectrograms\OAF_limb_angry_spec.npy
OAF_live_angry,angry,1,data\processed\tess\features\OAF_live_angry_mfcc.npy,data\processed\tess\spectrograms\OAF_live_angry_spec.npy
OAF_loaf_angry,angry,1,data\processed\tess\features\OAF_loaf_angry_mfcc.npy,data\processed\tess\spectrograms\OAF_loaf_angry_spec.npy
OAF_long_angry,angry,1,data\processed\tess\features\OAF_long_angry_mfcc.npy,data\processed\tess\spectrograms\OAF_long_angry_spec.npy
OAF_lore_angry,angry,1,data\processed\tess\features\OAF_lore_angry_mfcc.npy,data\processed\tess\spectrograms\OAF_lore_angry_spec.npy
OAF_lose_angry,angry,1,data\processed\tess\features\OAF_lose_angry_mfcc.npy,data\processed\tess\spectrograms\OAF_lose_angry_spec.npy
OAF_lot_angry,angry,1,data\processed\tess\features\OAF_lot_angry_mfcc.npy,data\processed\tess\spectrograms\OAF_lot_angry_spec.npy
OAF_love_angry,angry,1,data\processed\tess\features\OAF_love_angry_mfcc.npy,data\processed\tess\spectrograms\OAF_love_angry_spec.npy
OAF_luck_angry,angry,1,data\processed\tess\features\OAF_luck_angry_mfcc.npy,data\processed\tess\spectrograms\OAF_luck_angry_spec.npy
OAF_make_angry,angry,1,data\processed\tess\features\OAF_make_angry_mfcc.npy,data\processed\tess\spectrograms\OAF_make_angry_spec.npy
OAF_match_angry,angry,1,data\processed\tess\features\OAF_match_angry_mfcc.npy,data\processed\tess\spectrograms\OAF_match_angry_spec.npy
OAF_merge_angry,angry,1,data\processed\tess\features\OAF_merge_angry_mfcc.npy,data\processed\tess\spectrograms\OAF_merge_angry_spec.npy
OAF_mess_angry,angry,1,data\processed\tess\features\OAF_mess_angry_mfcc.npy,data\processed\tess\spectrograms\OAF_mess_angry_spec.npy
OAF_met_angry,angry,1,data\processed\tess\features\OAF_met_angry_mfcc.npy,data\processed\tess\spectrograms\OAF_met_angry_spec.npy
OAF_mill_angry,angry,1,data\processed\tess\features\OAF_mill_angry_mfcc.npy,data\processed\tess\spectrograms\OAF_mill_angry_spec.npy
OAF_mob_angry,angry,1,data\processed\tess\features\OAF_mob_angry_mfcc.npy,data\processed\tess\spectrograms\OAF_mob_angry_spec.npy
OAF_mode_angry,angry,1,data\processed\tess\features\OAF_mode_angry_mfcc.npy,data\processed\tess\spectrograms\OAF_mode_angry_spec.npy
OAF_mood_angry,angry,1,data\processed\tess\features\OAF_mood_angry_mfcc.npy,data\processed\tess\spectrograms\OAF_mood_angry_spec.npy
OAF_moon_angry,angry,1,data\processed\tess\features\OAF_moon_angry_mfcc.npy,data\processed\tess\spectrograms\OAF_moon_angry_spec.npy
OAF_mop_angry,angry,1,data\processed\tess\features\OAF_mop_angry_mfcc.npy,data\processed\tess\spectrograms\OAF_mop_angry_spec.npy
OAF_mouse_angry,angry,1,data\processed\tess\features\OAF_mouse_angry_mfcc.npy,data\processed\tess\spectrograms\OAF_mouse_angry_spec.npy
OAF_nag_angry,angry,1,data\processed\tess\features\OAF_nag_angry_mfcc.npy,data\processed\tess\spectrograms\OAF_nag_angry_spec.npy
OAF_name_angry,angry,1,data\processed\tess\features\OAF_name_angry_mfcc.npy,data\processed\tess\spectrograms\OAF_name_angry_spec.npy
OAF_near_angry,angry,1,data\processed\tess\features\OAF_near_angry_mfcc.npy,data\processed\tess\spectrograms\OAF_near_angry_spec.npy
OAF_neat_angry,angry,1,data\processed\tess\features\OAF_neat_angry_mfcc.npy,data\processed\tess\spectrograms\OAF_neat_angry_spec.npy
OAF_nice_angry,angry,1,data\processed\tess\features\OAF_nice_angry_mfcc.npy,data\processed\tess\spectrograms\OAF_nice_angry_spec.npy
OAF_note_angry,angry,1,data\processed\tess\features\OAF_note_angry_mfcc.npy,data\processed\tess\spectrograms\OAF_note_angry_spec.npy
OAF_numb_angry,angry,1,data\processed\tess\features\OAF_numb_angry_mfcc.npy,data\processed\tess\spectrograms\OAF_numb_angry_spec.npy
OAF_pad_angry,angry,1,data\processed\tess\features\OAF_pad_angry_mfcc.npy,data\processed\tess\spectrograms\OAF_pad_angry_spec.npy
OAF_page_angry,angry,1,data\processed\tess\features\OAF_page_angry_mfcc.npy,data\processed\tess\spectrograms\OAF_page_angry_spec.npy
OAF_pain_angry,angry,1,data\processed\tess\features\OAF_pain_angry_mfcc.npy,data\processed\tess\spectrograms\OAF_pain_angry_spec.npy
OAF_pass_angry,angry,1,data\processed\tess\features\OAF_pass_angry_mfcc.npy,data\processed\tess\spectrograms\OAF_pass_angry_spec.npy
OAF_pearl_angry,angry,1,data\processed\tess\features\OAF_pearl_angry_mfcc.npy,data\processed\tess\spectrograms\OAF_pearl_angry_spec.npy
OAF_peg_angry,angry,1,data\processed\tess\features\OAF_peg_angry_mfcc.npy,data\processed\tess\spectrograms\OAF_peg_angry_spec.npy
OAF_perch_angry,angry,1,data\processed\tess\features\OAF_perch_angry_mfcc.npy,data\processed\tess\spectrograms\OAF_perch_angry_spec.npy
OAF_phone_angry,angry,1,data\processed\tess\features\OAF_phone_angry_mfcc.npy,data\processed\tess\spectrograms\OAF_phone_angry_spec.npy
OAF_pick_angry,angry,1,data\processed\tess\features\OAF_pick_angry_mfcc.npy,data\processed\tess\spectrograms\OAF_pick_angry_spec.npy
OAF_pike_angry,angry,1,data\processed\tess\features\OAF_pike_angry_mfcc.npy,data\processed\tess\spectrograms\OAF_pike_angry_spec.npy
OAF_pole_angry,angry,1,data\processed\tess\features\OAF_pole_angry_mfcc.npy,data\processed\tess\spectrograms\OAF_pole_angry_spec.npy
OAF_pool_angry,angry,1,data\processed\tess\features\OAF_pool_angry_mfcc.npy,data\processed\tess\spectrograms\OAF_pool_angry_spec.npy
OAF_puff_angry,angry,1,data\processed\tess\features\OAF_puff_angry_mfcc.npy,data\processed\tess\spectrograms\OAF_puff_angry_spec.npy
OAF_rag_angry,angry,1,data\processed\tess\features\OAF_rag_angry_mfcc.npy,data\processed\tess\spectrograms\OAF_rag_angry_spec.npy
OAF_raid_angry,angry,1,data\processed\tess\features\OAF_raid_angry_mfcc.npy,data\processed\tess\spectrograms\OAF_raid_angry_spec.npy
OAF_rain_angry,angry,1,data\processed\tess\features\OAF_rain_angry_mfcc.npy,data\processed\tess\spectrograms\OAF_rain_angry_spec.npy
OAF_raise_angry,angry,1,data\processed\tess\features\OAF_raise_angry_mfcc.npy,data\processed\tess\spectrograms\OAF_raise_angry_spec.npy
OAF_rat_angry,angry,1,data\processed\tess\features\OAF_rat_angry_mfcc.npy,data\processed\tess\spectrograms\OAF_rat_angry_spec.npy
OAF_reach_angry,angry,1,data\processed\tess\features\OAF_reach_angry_mfcc.npy,data\processed\tess\spectrograms\OAF_reach_angry_spec.npy
OAF_read_angry,angry,1,data\processed\tess\features\OAF_read_angry_mfcc.npy,data\processed\tess\spectrograms\OAF_read_angry_spec.npy
OAF_red_angry,angry,1,data\processed\tess\features\OAF_red_angry_mfcc.npy,data\processed\tess\spectrograms\OAF_red_angry_spec.npy
OAF_ring_angry,angry,1,data\processed\tess\features\OAF_ring_angry_mfcc.npy,data\processed\tess\spectrograms\OAF_ring_angry_spec.npy
OAF_ripe_angry,angry,1,data\processed\tess\features\OAF_ripe_angry_mfcc.npy,data\processed\tess\spectrograms\OAF_ripe_angry_spec.npy
OAF_road_angry,angry,1,data\processed\tess\features\OAF_road_angry_mfcc.npy,data\processed\tess\spectrograms\OAF_road_angry_spec.npy
OAF_room_angry,angry,1,data\processed\tess\features\OAF_room_angry_mfcc.npy,data\processed\tess\spectrograms\OAF_room_angry_spec.npy
OAF_rose_angry,angry,1,data\processed\tess\features\OAF_rose_angry_mfcc.npy,data\processed\tess\spectrograms\OAF_rose_angry_spec.npy
OAF_rot_angry,angry,1,data\processed\tess\features\OAF_rot_angry_mfcc.npy,data\processed\tess\spectrograms\OAF_rot_angry_spec.npy
OAF_rough_angry,angry,1,data\processed\tess\features\OAF_rough_angry_mfcc.npy,data\processed\tess\spectrograms\OAF_rough_angry_spec.npy
OAF_rush_angry,angry,1,data\processed\tess\features\OAF_rush_angry_mfcc.npy,data\processed\tess\spectrograms\OAF_rush_angry_spec.npy
OAF_said_angry,angry,1,data\processed\tess\features\OAF_said_angry_mfcc.npy,data\processed\tess\spectrograms\OAF_said_angry_spec.npy
OAF_sail_angry,angry,1,data\processed\tess\features\OAF_sail_angry_mfcc.npy,data\processed\tess\spectrograms\OAF_sail_angry_spec.npy
OAF_search_angry,angry,1,data\processed\tess\features\OAF_search_angry_mfcc.npy,data\processed\tess\spectrograms\OAF_search_angry_spec.npy
OAF_seize_angry,angry,1,data\processed\tess\features\OAF_seize_angry_mfcc.npy,data\processed\tess\spectrograms\OAF_seize_angry_spec.npy
OAF_sell_angry,angry,1,data\processed\tess\features\OAF_sell_angry_mfcc.npy,data\processed\tess\spectrograms\OAF_sell_angry_spec.npy
OAF_shack_angry,angry,1,data\processed\tess\features\OAF_shack_angry_mfcc.npy,data\processed\tess\spectrograms\OAF_shack_angry_spec.npy
OAF_shall_angry,angry,1,data\processed\tess\features\OAF_shall_angry_mfcc.npy,data\processed\tess\spectrograms\OAF_shall_angry_spec.npy
OAF_shawl_angry,angry,1,data\processed\tess\features\OAF_shawl_angry_mfcc.npy,data\processed\tess\spectrograms\OAF_shawl_angry_spec.npy
OAF_sheep_angry,angry,1,data\processed\tess\features\OAF_sheep_angry_mfcc.npy,data\processed\tess\spectrograms\OAF_sheep_angry_spec.npy
OAF_shirt_angry,angry,1,data\processed\tess\features\OAF_shirt_angry_mfcc.npy,data\processed\tess\spectrograms\OAF_shirt_angry_spec.npy
OAF_should_angry,angry,1,data\processed\tess\features\OAF_should_angry_mfcc.npy,data\processed\tess\spectrograms\OAF_should_angry_spec.npy
OAF_shout_angry,angry,1,data\processed\tess\features\OAF_shout_angry_mfcc.npy,data\processed\tess\spectrograms\OAF_shout_angry_spec.npy
OAF_size_angry,angry,1,data\processed\tess\features\OAF_size_angry_mfcc.npy,data\processed\tess\spectrograms\OAF_size_angry_spec.npy
OAF_soap_angry,angry,1,data\processed\tess\features\OAF_soap_angry_mfcc.npy,data\processed\tess\spectrograms\OAF_soap_angry_spec.npy
OAF_soup_angry,angry,1,data\processed\tess\features\OAF_soup_angry_mfcc.npy,data\processed\tess\spectrograms\OAF_soup_angry_spec.npy
OAF_sour_angry,angry,1,data\processed\tess\features\OAF_sour_angry_mfcc.npy,data\processed\tess\spectrograms\OAF_sour_angry_spec.npy
OAF_south_angry,angry,1,data\processed\tess\features\OAF_south_angry_mfcc.npy,data\processed\tess\spectrograms\OAF_south_angry_spec.npy
OAF_sub_angry,angry,1,data\processed\tess\features\OAF_sub_angry_mfcc.npy,data\processed\tess\spectrograms\OAF_sub_angry_spec.npy
OAF_such_angry,angry,1,data\processed\tess\features\OAF_such_angry_mfcc.npy,data\processed\tess\spectrograms\OAF_such_angry_spec.npy
OAF_sure_angry,angry,1,data\processed\tess\features\OAF_sure_angry_mfcc.npy,data\processed\tess\spectrograms\OAF_sure_angry_spec.npy
OAF_take_angry,angry,1,data\processed\tess\features\OAF_take_angry_mfcc.npy,data\processed\tess\spectrograms\OAF_take_angry_spec.npy
OAF_talk_angry,angry,1,data\processed\tess\features\OAF_talk_angry_mfcc.npy,data\processed\tess\spectrograms\OAF_talk_angry_spec.npy
OAF_tape_angry,angry,1,data\processed\tess\features\OAF_tape_angry_mfcc.npy,data\processed\tess\spectrograms\OAF_tape_angry_spec.npy
OAF_team_angry,angry,1,data\processed\tess\features\OAF_team_angry_mfcc.npy,data\processed\tess\spectrograms\OAF_team_angry_spec.npy
OAF_tell_angry,angry,1,data\processed\tess\features\OAF_tell_angry_mfcc.npy,data\processed\tess\spectrograms\OAF_tell_angry_spec.npy
OAF_thin_angry,angry,1,data\processed\tess\features\OAF_thin_angry_mfcc.npy,data\processed\tess\spectrograms\OAF_thin_angry_spec.npy
OAF_third_angry,angry,1,data\processed\tess\features\OAF_third_angry_mfcc.npy,data\processed\tess\spectrograms\OAF_third_angry_spec.npy
OAF_thought_angry,angry,1,data\processed\tess\features\OAF_thought_angry_mfcc.npy,data\processed\tess\spectrograms\OAF_thought_angry_spec.npy
OAF_thumb_angry,angry,1,data\processed\tess\features\OAF_thumb_angry_mfcc.npy,data\processed\tess\spectrograms\OAF_thumb_angry_spec.npy
OAF_time_angry,angry,1,data\processed\tess\features\OAF_time_angry_mfcc.npy,data\processed\tess\spectrograms\OAF_time_angry_spec.npy
OAF_tip_angry,angry,1,data\processed\tess\features\OAF_tip_angry_mfcc.npy,data\processed\tess\spectrograms\OAF_tip_angry_spec.npy
OAF_tire_angry,angry,1,data\processed\tess\features\OAF_tire_angry_mfcc.npy,data\processed\tess\spectrograms\OAF_tire_angry_spec.npy
OAF_ton_angry,angry,1,data\processed\tess\features\OAF_ton_angry_mfcc.npy,data\processed\tess\spectrograms\OAF_ton_angry_spec.npy
OAF_tool_angry,angry,1,data\processed\tess\features\OAF_tool_angry_mfcc.npy,data\processed\tess\spectrograms\OAF_tool_angry_spec.npy
OAF_tough_angry,angry,1,data\processed\tess\features\OAF_tough_angry_mfcc.npy,data\processed\tess\spectrograms\OAF_tough_angry_spec.npy
OAF_turn_angry,angry,1,data\processed\tess\features\OAF_turn_angry_mfcc.npy,data\processed\tess\spectrograms\OAF_turn_angry_spec.npy
OAF_vine_angry,angry,1,data\processed\tess\features\OAF_vine_angry_mfcc.npy,data\processed\tess\spectrograms\OAF_vine_angry_spec.npy
OAF_voice_angry,angry,1,data\processed\tess\features\OAF_voice_angry_mfcc.npy,data\processed\tess\spectrograms\OAF_voice_angry_spec.npy
OAF_void_angry,angry,1,data\processed\tess\features\OAF_void_angry_mfcc.npy,data\processed\tess\spectrograms\OAF_void_angry_spec.npy
OAF_vote_angry,angry,1,data\processed\tess\features\OAF_vote_angry_mfcc.npy,data\processed\tess\spectrograms\OAF_vote_angry_spec.npy
OAF_wag_angry,angry,1,data\processed\tess\features\OAF_wag_angry_mfcc.npy,data\processed\tess\spectrograms\OAF_wag_angry_spec.npy
OAF_walk_angry,angry,1,data\processed\tess\features\OAF_walk_angry_mfcc.npy,data\processed\tess\spectrograms\OAF_walk_angry_spec.npy
OAF_wash_angry,angry,1,data\processed\tess\features\OAF_wash_angry_mfcc.npy,data\processed\tess\spectrograms\OAF_wash_angry_spec.npy
OAF_week_angry,angry,1,data\processed\tess\features\OAF_week_angry_mfcc.npy,data\processed\tess\spectrograms\OAF_week_angry_spec.npy
OAF_wheat_angry,angry,1,data\processed\tess\features\OAF_wheat_angry_mfcc.npy,data\processed\tess\spectrograms\OAF_wheat_angry_spec.npy
OAF_when_angry,angry,1,data\processed\tess\features\OAF_when_angry_mfcc.npy,data\processed\tess\spectrograms\OAF_when_angry_spec.npy
OAF_which_angry,angry,1,data\processed\tess\features\OAF_which_angry_mfcc.npy,data\processed\tess\spectrograms\OAF_which_angry_spec.npy
OAF_whip_angry,angry,1,data\processed\tess\features\OAF_whip_angry_mfcc.npy,data\processed\tess\spectrograms\OAF_whip_angry_spec.npy
OAF_white_angry,angry,1,data\processed\tess\features\OAF_white_angry_mfcc.npy,data\processed\tess\spectrograms\OAF_white_angry_spec.npy
OAF_wife_angry,angry,1,data\processed\tess\features\OAF_wife_angry_mfcc.npy,data\processed\tess\spectrograms\OAF_wife_angry_spec.npy
OAF_wire_angry,angry,1,data\processed\tess\features\OAF_wire_angry_mfcc.npy,data\processed\tess\spectrograms\OAF_wire_angry_spec.npy
OAF_witch_angry,angry,1,data\processed\tess\features\OAF_witch_angry_mfcc.npy,data\processed\tess\spectrograms\OAF_witch_angry_spec.npy
OAF_yearn_angry,angry,1,data\processed\tess\features\OAF_yearn_angry_mfcc.npy,data\processed\tess\spectrograms\OAF_yearn_angry_spec.npy
OAF_yes_angry,angry,1,data\processed\tess\features\OAF_yes_angry_mfcc.npy,data\processed\tess\spectrograms\OAF_yes_angry_spec.npy
OAF_young_angry,angry,1,data\processed\tess\features\OAF_young_angry_mfcc.npy,data\processed\tess\spectrograms\OAF_young_angry_spec.npy
OAF_youth_angry,angry,1,data\processed\tess\features\OAF_youth_angry_mfcc.npy,data\processed\tess\spectrograms\OAF_youth_angry_spec.npy
OAF_back_disgust,disgust,1,data\processed\tess\features\OAF_back_disgust_mfcc.npy,data\processed\tess\spectrograms\OAF_back_disgust_spec.npy
OAF_bar_disgust,disgust,1,data\processed\tess\features\OAF_bar_disgust_mfcc.npy,data\processed\tess\spectrograms\OAF_bar_disgust_spec.npy
OAF_base_disgust,disgust,1,data\processed\tess\features\OAF_base_disgust_mfcc.npy,data\processed\tess\spectrograms\OAF_base_disgust_spec.npy
OAF_bath_disgust,disgust,1,data\processed\tess\features\OAF_bath_disgust_mfcc.npy,data\processed\tess\spectrograms\OAF_bath_disgust_spec.npy
OAF_bean_disgust,disgust,1,data\processed\tess\features\OAF_bean_disgust_mfcc.npy,data\processed\tess\spectrograms\OAF_bean_disgust_spec.npy
OAF_beg_disgust,disgust,1,data\processed\tess\features\OAF_beg_disgust_mfcc.npy,data\processed\tess\spectrograms\OAF_beg_disgust_spec.npy
OAF_bite_disgust,disgust,1,data\processed\tess\features\OAF_bite_disgust_mfcc.npy,data\processed\tess\spectrograms\OAF_bite_disgust_spec.npy
OAF_boat_disgust,disgust,1,data\processed\tess\features\OAF_boat_disgust_mfcc.npy,data\processed\tess\spectrograms\OAF_boat_disgust_spec.npy
OAF_bone_disgust,disgust,1,data\processed\tess\features\OAF_bone_disgust_mfcc.npy,data\processed\tess\spectrograms\OAF_bone_disgust_spec.npy
OAF_book_disgust,disgust,1,data\processed\tess\features\OAF_book_disgust_mfcc.npy,data\processed\tess\spectrograms\OAF_book_disgust_spec.npy
OAF_bought_disgust,disgust,1,data\processed\tess\features\OAF_bought_disgust_mfcc.npy,data\processed\tess\spectrograms\OAF_bought_disgust_spec.npy
OAF_burn_disgust,disgust,1,data\processed\tess\features\OAF_burn_disgust_mfcc.npy,data\processed\tess\spectrograms\OAF_burn_disgust_spec.npy
OAF_cab_disgust,disgust,1,data\processed\tess\features\OAF_cab_disgust_mfcc.npy,data\processed\tess\spectrograms\OAF_cab_disgust_spec.npy
OAF_calm_disgust,disgust,1,data\processed\tess\features\OAF_calm_disgust_mfcc.npy,data\processed\tess\spectrograms\OAF_calm_disgust_spec.npy
OAF_came_disgust,disgust,1,data\processed\tess\features\OAF_came_disgust_mfcc.npy,data\processed\tess\spectrograms\OAF_came_disgust_spec.npy
OAF_cause_disgust,disgust,1,data\processed\tess\features\OAF_cause_disgust_mfcc.npy,data\processed\tess\spectrograms\OAF_cause_disgust_spec.npy
OAF_chain_disgust,disgust,1,data\processed\tess\features\OAF_chain_disgust_mfcc.npy,data\processed\tess\spectrograms\OAF_chain_disgust_spec.npy
OAF_chair_disgust,disgust,1,data\processed\tess\features\OAF_chair_disgust_mfcc.npy,data\processed\tess\spectrograms\OAF_chair_disgust_spec.npy
OAF_chalk_disgust,disgust,1,data\processed\tess\features\OAF_chalk_disgust_mfcc.npy,data\processed\tess\spectrograms\OAF_chalk_disgust_spec.npy
OAF_chat_disgust,disgust,1,data\processed\tess\features\OAF_chat_disgust_mfcc.npy,data\processed\tess\spectrograms\OAF_chat_disgust_spec.npy
OAF_check_disgust,disgust,1,data\processed\tess\features\OAF_check_disgust_mfcc.npy,data\processed\tess\spectrograms\OAF_check_disgust_spec.npy
OAF_cheek_disgust,disgust,1,data\processed\tess\features\OAF_cheek_disgust_mfcc.npy,data\processed\tess\spectrograms\OAF_cheek_disgust_spec.npy
OAF_chief_disgust,disgust,1,data\processed\tess\features\OAF_chief_disgust_mfcc.npy,data\processed\tess\spectrograms\OAF_chief_disgust_spec.npy
OAF_choice_disgust,disgust,1,data\processed\tess\features\OAF_choice_disgust_mfcc.npy,data\processed\tess\spectrograms\OAF_choice_disgust_spec.npy
OAF_cool_disgust,disgust,1,data\processed\tess\features\OAF_cool_disgust_mfcc.npy,data\processed\tess\spectrograms\OAF_cool_disgust_spec.npy
OAF_dab_disgust,disgust,1,data\processed\tess\features\OAF_dab_disgust_mfcc.npy,data\processed\tess\spectrograms\OAF_dab_disgust_spec.npy
OAF_date_disgust,disgust,1,data\processed\tess\features\OAF_date_disgust_mfcc.npy,data\processed\tess\spectrograms\OAF_date_disgust_spec.npy
OAF_dead_disgust,disgust,1,data\processed\tess\features\OAF_dead_disgust_mfcc.npy,data\processed\tess\spectrograms\OAF_dead_disgust_spec.npy
OAF_death_disgust,disgust,1,data\processed\tess\features\OAF_death_disgust_mfcc.npy,data\processed\tess\spectrograms\OAF_death_disgust_spec.npy
OAF_deep_disgust,disgust,1,data\processed\tess\features\OAF_deep_disgust_mfcc.npy,data\processed\tess\spectrograms\OAF_deep_disgust_spec.npy
OAF_dime_disgust,disgust,1,data\processed\tess\features\OAF_dime_disgust_mfcc.npy,data\processed\tess\spectrograms\OAF_dime_disgust_spec.npy
OAF_dip_disgust,disgust,1,data\processed\tess\features\OAF_dip_disgust_mfcc.npy,data\processed\tess\spectrograms\OAF_dip_disgust_spec.npy
OAF_ditch_disgust,disgust,1,data\processed\tess\features\OAF_ditch_disgust_mfcc.npy,data\processed\tess\spectrograms\OAF_ditch_disgust_spec.npy
OAF_dodge_disgust,disgust,1,data\processed\tess\features\OAF_dodge_disgust_mfcc.npy,data\processed\tess\spectrograms\OAF_dodge_disgust_spec.npy
OAF_dog_disgust,disgust,1,data\processed\tess\features\OAF_dog_disgust_mfcc.npy,data\processed\tess\spectrograms\OAF_dog_disgust_spec.npy
OAF_doll_disgust,disgust,1,data\processed\tess\features\OAF_doll_disgust_mfcc.npy,data\processed\tess\spectrograms\OAF_doll_disgust_spec.npy
OAF_door_disgust,disgust,1,data\processed\tess\features\OAF_door_disgust_mfcc.npy,data\processed\tess\spectrograms\OAF_door_disgust_spec.npy
OAF_fail_disgust,disgust,1,data\processed\tess\features\OAF_fail_disgust_mfcc.npy,data\processed\tess\spectrograms\OAF_fail_disgust_spec.npy
OAF_fall_disgust,disgust,1,data\processed\tess\features\OAF_fall_disgust_mfcc.npy,data\processed\tess\spectrograms\OAF_fall_disgust_spec.npy
OAF_far_disgust,disgust,1,data\processed\tess\features\OAF_far_disgust_mfcc.npy,data\processed\tess\spectrograms\OAF_far_disgust_spec.npy
OAF_fat_disgust,disgust,1,data\processed\tess\features\OAF_fat_disgust_mfcc.npy,data\processed\tess\spectrograms\OAF_fat_disgust_spec.npy
OAF_fit_disgust,disgust,1,data\processed\tess\features\OAF_fit_disgust_mfcc.npy,data\processed\tess\spectrograms\OAF_fit_disgust_spec.npy
OAF_five_disgust,disgust,1,data\processed\tess\features\OAF_five_disgust_mfcc.npy,data\processed\tess\spectrograms\OAF_five_disgust_spec.npy
OAF_food_disgust,disgust,1,data\processed\tess\features\OAF_food_disgust_mfcc.npy,data\processed\tess\spectrograms\OAF_food_disgust_spec.npy
OAF_gap_disgust,disgust,1,data\processed\tess\features\OAF_gap_disgust_mfcc.npy,data\processed\tess\spectrograms\OAF_gap_disgust_spec.npy
OAF_gas_disgust,disgust,1,data\processed\tess\features\OAF_gas_disgust_mfcc.npy,data\processed\tess\spectrograms\OAF_gas_disgust_spec.npy
OAF_gaze_disgust,disgust,1,data\processed\tess\features\OAF_gaze_disgust_mfcc.npy,data\processed\tess\spectrograms\OAF_gaze_disgust_spec.npy
OAF_germ_disgust,disgust,1,data\processed\tess\features\OAF_germ_disgust_mfcc.npy,data\processed\tess\spectrograms\OAF_germ_disgust_spec.npy
OAF_get_disgust,disgust,1,data\processed\tess\features\OAF_get_disgust_mfcc.npy,data\processed\tess\spectrograms\OAF_get_disgust_spec.npy
OAF_gin_disgust,disgust,1,data\processed\tess\features\OAF_gin_disgust_mfcc.npy,data\processed\tess\spectrograms\OAF_gin_disgust_spec.npy
OAF_goal_disgust,disgust,1,data\processed\tess\features\OAF_goal_disgust_mfcc.npy,data\processed\tess\spectrograms\OAF_goal_disgust_spec.npy
OAF_good_disgust,disgust,1,data\processed\tess\features\OAF_good_disgust_mfcc.npy,data\processed\tess\spectrograms\OAF_good_disgust_spec.npy
OAF_goose_disgust,disgust,1,data\processed\tess\features\OAF_goose_disgust_mfcc.npy,data\processed\tess\spectrograms\OAF_goose_disgust_spec.npy
OAF_gun_disgust,disgust,1,data\processed\tess\features\OAF_gun_disgust_mfcc.npy,data\processed\tess\spectrograms\OAF_gun_disgust_spec.npy
OAF_half_disgust,disgust,1,data\processed\tess\features\OAF_half_disgust_mfcc.npy,data\processed\tess\spectrograms\OAF_half_disgust_spec.npy
OAF_hall_disgust,disgust,1,data\processed\tess\features\OAF_hall_disgust_mfcc.npy,data\processed\tess\spectrograms\OAF_hall_disgust_spec.npy
OAF_hash_disgust,disgust,1,data\processed\tess\features\OAF_hash_disgust_mfcc.npy,data\processed\tess\spectrograms\OAF_hash_disgust_spec.npy
OAF_hate_disgust,disgust,1,data\processed\tess\features\OAF_hate_disgust_mfcc.npy,data\processed\tess\spectrograms\OAF_hate_disgust_spec.npy
OAF_have_disgust,disgust,1,data\processed\tess\features\OAF_have_disgust_mfcc.npy,data\processed\tess\spectrograms\OAF_have_disgust_spec.npy
OAF_haze_disgust,disgust,1,data\processed\tess\features\OAF_haze_disgust_mfcc.npy,data\processed\tess\spectrograms\OAF_haze_disgust_spec.npy
OAF_hire_disgust,disgust,1,data\processed\tess\features\OAF_hire_disgust_mfcc.npy,data\processed\tess\spectrograms\OAF_hire_disgust_spec.npy
OAF_hit_disgust,disgust,1,data\processed\tess\features\OAF_hit_disgust_mfcc.npy,data\processed\tess\spectrograms\OAF_hit_disgust_spec.npy
OAF_hole_disgust,disgust,1,data\processed\tess\features\OAF_hole_disgust_mfcc.npy,data\processed\tess\spectrograms\OAF_hole_disgust_spec.npy
OAF_home_disgust,disgust,1,data\processed\tess\features\OAF_home_disgust_mfcc.npy,data\processed\tess\spectrograms\OAF_home_disgust_spec.npy
OAF_hurl_disgust,disgust,1,data\processed\tess\features\OAF_hurl_disgust_mfcc.npy,data\processed\tess\spectrograms\OAF_hurl_disgust_spec.npy
OAF_hush_disgust,disgust,1,data\processed\tess\features\OAF_hush_disgust_mfcc.npy,data\processed\tess\spectrograms\OAF_hush_disgust_spec.npy
OAF_jail_disgust,disgust,1,data\processed\tess\features\OAF_jail_disgust_mfcc.npy,data\processed\tess\spectrograms\OAF_jail_disgust_spec.npy
OAF_jar_disgust,disgust,1,data\processed\tess\features\OAF_jar_disgust_mfcc.npy,data\processed\tess\spectrograms\OAF_jar_disgust_spec.npy
OAF_join_disgust,disgust,1,data\processed\tess\features\OAF_join_disgust_mfcc.npy,data\processed\tess\spectrograms\OAF_join_disgust_spec.npy
OAF_judge_disgust,disgust,1,data\processed\tess\features\OAF_judge_disgust_mfcc.npy,data\processed\tess\spectrograms\OAF_judge_disgust_spec.npy
OAF_jug_disgust,disgust,1,data\processed\tess\features\OAF_jug_disgust_mfcc.npy,data\processed\tess\spectrograms\OAF_jug_disgust_spec.npy
OAF_juice_disgust,disgust,1,data\processed\tess\features\OAF_juice_disgust_mfcc.npy,data\processed\tess\spectrograms\OAF_juice_disgust_spec.npy
OAF_keen_disgust,disgust,1,data\processed\tess\features\OAF_keen_disgust_mfcc.npy,data\processed\tess\spectrograms\OAF_keen_disgust_spec.npy
OAF_keep_disgust,disgust,1,data\processed\tess\features\OAF_keep_disgust_mfcc.npy,data\processed\tess\spectrograms\OAF_keep_disgust_spec.npy
OAF_keg_disgust,disgust,1,data\processed\tess\features\OAF_keg_disgust_mfcc.npy,data\processed\tess\spectrograms\OAF_keg_disgust_spec.npy
OAF_kick_disgust,disgust,1,data\processed\tess\features\OAF_kick_disgust_mfcc.npy,data\processed\tess\spectrograms\OAF_kick_disgust_spec.npy
OAF_kill_disgust,disgust,1,data\processed\tess\features\OAF_kill_disgust_mfcc.npy,data\processed\tess\spectrograms\OAF_kill_disgust_spec.npy
OAF_king_disgust,disgust,1,data\processed\tess\features\OAF_king_disgust_mfcc.npy,data\processed\tess\spectrograms\OAF_king_disgust_spec.npy
OAF_kite_disgust,disgust,1,data\processed\tess\features\OAF_kite_disgust_mfcc.npy,data\processed\tess\spectrograms\OAF_kite_disgust_spec.npy
OAF_knock_disgust,disgust,1,data\processed\tess\features\OAF_knock_disgust_mfcc.npy,data\processed\tess\spectrograms\OAF_knock_disgust_spec.npy
OAF_late_disgust,disgust,1,data\processed\tess\features\OAF_late_disgust_mfcc.npy,data\processed\tess\spectrograms\OAF_late_disgust_spec.npy
OAF_laud_disgust,disgust,1,data\processed\tess\features\OAF_laud_disgust_mfcc.npy,data\processed\tess\spectrograms\OAF_laud_disgust_spec.npy
OAF_lean_disgust,disgust,1,data\processed\tess\features\OAF_lean_disgust_mfcc.npy,data\processed\tess\spectrograms\OAF_lean_disgust_spec.npy
OAF_learn_disgust,disgust,1,data\processed\tess\features\OAF_learn_disgust_mfcc.npy,data\processed\tess\spectrograms\OAF_learn_disgust_spec.npy
OAF_lease_disgust,disgust,1,data\processed\tess\features\OAF_lease_disgust_mfcc.npy,data\processed\tess\spectrograms\OAF_lease_disgust_spec.npy
OAF_lid_disgust,disgust,1,data\processed\tess\features\OAF_lid_disgust_mfcc.npy,data\processed\tess\spectrograms\OAF_lid_disgust_spec.npy
OAF_life_disgust,disgust,1,data\processed\tess\features\OAF_life_disgust_mfcc.npy,data\processed\tess\spectrograms\OAF_life_disgust_spec.npy
OAF_limb_disgust,disgust,1,data\processed\tess\features\OAF_limb_disgust_mfcc.npy,data\processed\tess\spectrograms\OAF_limb_disgust_spec.npy
OAF_live_disgust,disgust,1,data\processed\tess\features\OAF_live_disgust_mfcc.npy,data\processed\tess\spectrograms\OAF_live_disgust_spec.npy
OAF_loaf_disgust,disgust,1,data\processed\tess\features\OAF_loaf_disgust_mfcc.npy,data\processed\tess\spectrograms\OAF_loaf_disgust_spec.npy
OAF_long_disgust,disgust,1,data\processed\tess\features\OAF_long_disgust_mfcc.npy,data\processed\tess\spectrograms\OAF_long_disgust_spec.npy
OAF_lore_disgust,disgust,1,data\processed\tess\features\OAF_lore_disgust_mfcc.npy,data\processed\tess\spectrograms\OAF_lore_disgust_spec.npy
OAF_lose_disgust,disgust,1,data\processed\tess\features\OAF_lose_disgust_mfcc.npy,data\processed\tess\spectrograms\OAF_lose_disgust_spec.npy
OAF_lot_disgust,disgust,1,data\processed\tess\features\OAF_lot_disgust_mfcc.npy,data\processed\tess\spectrograms\OAF_lot_disgust_spec.npy
OAF_love_disgust,disgust,1,data\processed\tess\features\OAF_love_disgust_mfcc.npy,data\processed\tess\spectrograms\OAF_love_disgust_spec.npy
OAF_luck_disgust,disgust,1,data\processed\tess\features\OAF_luck_disgust_mfcc.npy,data\processed\tess\spectrograms\OAF_luck_disgust_spec.npy
OAF_make_disgust,disgust,1,data\processed\tess\features\OAF_make_disgust_mfcc.npy,data\processed\tess\spectrograms\OAF_make_disgust_spec.npy
OAF_match_disgust,disgust,1,data\processed\tess\features\OAF_match_disgust_mfcc.npy,data\processed\tess\spectrograms\OAF_match_disgust_spec.npy
OAF_merge_disgust,disgust,1,data\processed\tess\features\OAF_merge_disgust_mfcc.npy,data\processed\tess\spectrograms\OAF_merge_disgust_spec.npy
OAF_mess_disgust,disgust,1,data\processed\tess\features\OAF_mess_disgust_mfcc.npy,data\processed\tess\spectrograms\OAF_mess_disgust_spec.npy
OAF_met_disgust,disgust,1,data\processed\tess\features\OAF_met_disgust_mfcc.npy,data\processed\tess\spectrograms\OAF_met_disgust_spec.npy
OAF_mill_disgust,disgust,1,data\processed\tess\features\OAF_mill_disgust_mfcc.npy,data\processed\tess\spectrograms\OAF_mill_disgust_spec.npy
OAF_mob_disgust,disgust,1,data\processed\tess\features\OAF_mob_disgust_mfcc.npy,data\processed\tess\spectrograms\OAF_mob_disgust_spec.npy
OAF_mode_disgust,disgust,1,data\processed\tess\features\OAF_mode_disgust_mfcc.npy,data\processed\tess\spectrograms\OAF_mode_disgust_spec.npy
OAF_mood_disgust,disgust,1,data\processed\tess\features\OAF_mood_disgust_mfcc.npy,data\processed\tess\spectrograms\OAF_mood_disgust_spec.npy
OAF_moon_disgust,disgust,1,data\processed\tess\features\OAF_moon_disgust_mfcc.npy,data\processed\tess\spectrograms\OAF_moon_disgust_spec.npy
OAF_mop_disgust,disgust,1,data\processed\tess\features\OAF_mop_disgust_mfcc.npy,data\processed\tess\spectrograms\OAF_mop_disgust_spec.npy
OAF_mouse_disgust,disgust,1,data\processed\tess\features\OAF_mouse_disgust_mfcc.npy,data\processed\tess\spectrograms\OAF_mouse_disgust_spec.npy
OAF_nag_disgust,disgust,1,data\processed\tess\features\OAF_nag_disgust_mfcc.npy,data\processed\tess\spectrograms\OAF_nag_disgust_spec.npy
OAF_name_disgust,disgust,1,data\processed\tess\features\OAF_name_disgust_mfcc.npy,data\processed\tess\spectrograms\OAF_name_disgust_spec.npy
OAF_near_disgust,disgust,1,data\processed\tess\features\OAF_near_disgust_mfcc.npy,data\processed\tess\spectrograms\OAF_near_disgust_spec.npy
OAF_neat_disgust,disgust,1,data\processed\tess\features\OAF_neat_disgust_mfcc.npy,data\processed\tess\spectrograms\OAF_neat_disgust_spec.npy
OAF_nice_disgust,disgust,1,data\processed\tess\features\OAF_nice_disgust_mfcc.npy,data\processed\tess\spectrograms\OAF_nice_disgust_spec.npy
OAF_note_disgust,disgust,1,data\processed\tess\features\OAF_note_disgust_mfcc.npy,data\processed\tess\spectrograms\OAF_note_disgust_spec.npy
OAF_numb_disgust,disgust,1,data\processed\tess\features\OAF_numb_disgust_mfcc.npy,data\processed\tess\spectrograms\OAF_numb_disgust_spec.npy
OAF_pad_disgust,disgust,1,data\processed\tess\features\OAF_pad_disgust_mfcc.npy,data\processed\tess\spectrograms\OAF_pad_disgust_spec.npy
OAF_page_disgust,disgust,1,data\processed\tess\features\OAF_page_disgust_mfcc.npy,data\processed\tess\spectrograms\OAF_page_disgust_spec.npy
OAF_pain_disgust,disgust,1,data\processed\tess\features\OAF_pain_disgust_mfcc.npy,data\processed\tess\spectrograms\OAF_pain_disgust_spec.npy
OAF_pass_disgust,disgust,1,data\processed\tess\features\OAF_pass_disgust_mfcc.npy,data\processed\tess\spectrograms\OAF_pass_disgust_spec.npy
OAF_pearl_disgust,disgust,1,data\processed\tess\features\OAF_pearl_disgust_mfcc.npy,data\processed\tess\spectrograms\OAF_pearl_disgust_spec.npy
OAF_peg_disgust,disgust,1,data\processed\tess\features\OAF_peg_disgust_mfcc.npy,data\processed\tess\spectrograms\OAF_peg_disgust_spec.npy
OAF_perch_disgust,disgust,1,data\processed\tess\features\OAF_perch_disgust_mfcc.npy,data\processed\tess\spectrograms\OAF_perch_disgust_spec.npy
OAF_phone_disgust,disgust,1,data\processed\tess\features\OAF_phone_disgust_mfcc.npy,data\processed\tess\spectrograms\OAF_phone_disgust_spec.npy
OAF_pick_disgust,disgust,1,data\processed\tess\features\OAF_pick_disgust_mfcc.npy,data\processed\tess\spectrograms\OAF_pick_disgust_spec.npy
OAF_pike_disgust,disgust,1,data\processed\tess\features\OAF_pike_disgust_mfcc.npy,data\processed\tess\spectrograms\OAF_pike_disgust_spec.npy
OAF_pole_disgust,disgust,1,data\processed\tess\features\OAF_pole_disgust_mfcc.npy,data\processed\tess\spectrograms\OAF_pole_disgust_spec.npy
OAF_pool_disgust,disgust,1,data\processed\tess\features\OAF_pool_disgust_mfcc.npy,data\processed\tess\spectrograms\OAF_pool_disgust_spec.npy
OAF_puff_disgust,disgust,1,data\processed\tess\features\OAF_puff_disgust_mfcc.npy,data\processed\tess\spectrograms\OAF_puff_disgust_spec.npy
OAF_rag_disgust,disgust,1,data\processed\tess\features\OAF_rag_disgust_mfcc.npy,data\processed\tess\spectrograms\OAF_rag_disgust_spec.npy
OAF_raid_disgust,disgust,1,data\processed\tess\features\OAF_raid_disgust_mfcc.npy,data\processed\tess\spectrograms\OAF_raid_disgust_spec.npy
OAF_rain_disgust,disgust,1,data\processed\tess\features\OAF_rain_disgust_mfcc.npy,data\processed\tess\spectrograms\OAF_rain_disgust_spec.npy
OAF_raise_disgust,disgust,1,data\processed\tess\features\OAF_raise_disgust_mfcc.npy,data\processed\tess\spectrograms\OAF_raise_disgust_spec.npy
OAF_rat_disgust,disgust,1,data\processed\tess\features\OAF_rat_disgust_mfcc.npy,data\processed\tess\spectrograms\OAF_rat_disgust_spec.npy
OAF_reach_disgust,disgust,1,data\processed\tess\features\OAF_reach_disgust_mfcc.npy,data\processed\tess\spectrograms\OAF_reach_disgust_spec.npy
OAF_read_disgust,disgust,1,data\processed\tess\features\OAF_read_disgust_mfcc.npy,data\processed\tess\spectrograms\OAF_read_disgust_spec.npy
OAF_red_disgust,disgust,1,data\processed\tess\features\OAF_red_disgust_mfcc.npy,data\processed\tess\spectrograms\OAF_red_disgust_spec.npy
OAF_ring_disgust,disgust,1,data\processed\tess\features\OAF_ring_disgust_mfcc.npy,data\processed\tess\spectrograms\OAF_ring_disgust_spec.npy
OAF_ripe_disgust,disgust,1,data\processed\tess\features\OAF_ripe_disgust_mfcc.npy,data\processed\tess\spectrograms\OAF_ripe_disgust_spec.npy
OAF_road_disgust,disgust,1,data\processed\tess\features\OAF_road_disgust_mfcc.npy,data\processed\tess\spectrograms\OAF_road_disgust_spec.npy
OAF_room_disgust,disgust,1,data\processed\tess\features\OAF_room_disgust_mfcc.npy,data\processed\tess\spectrograms\OAF_room_disgust_spec.npy
OAF_rose_disgust,disgust,1,data\processed\tess\features\OAF_rose_disgust_mfcc.npy,data\processed\tess\spectrograms\OAF_rose_disgust_spec.npy
OAF_rot_disgust,disgust,1,data\processed\tess\features\OAF_rot_disgust_mfcc.npy,data\processed\tess\spectrograms\OAF_rot_disgust_spec.npy
OAF_rough_disgust,disgust,1,data\processed\tess\features\OAF_rough_disgust_mfcc.npy,data\processed\tess\spectrograms\OAF_rough_disgust_spec.npy
OAF_rush_disgust,disgust,1,data\processed\tess\features\OAF_rush_disgust_mfcc.npy,data\processed\tess\spectrograms\OAF_rush_disgust_spec.npy
OAF_said_disgust,disgust,1,data\processed\tess\features\OAF_said_disgust_mfcc.npy,data\processed\tess\spectrograms\OAF_said_disgust_spec.npy
OAF_sail_disgust,disgust,1,data\processed\tess\features\OAF_sail_disgust_mfcc.npy,data\processed\tess\spectrograms\OAF_sail_disgust_spec.npy
OAF_search_disgust,disgust,1,data\processed\tess\features\OAF_search_disgust_mfcc.npy,data\processed\tess\spectrograms\OAF_search_disgust_spec.npy
OAF_seize_disgust,disgust,1,data\processed\tess\features\OAF_seize_disgust_mfcc.npy,data\processed\tess\spectrograms\OAF_seize_disgust_spec.npy
OAF_sell_disgust,disgust,1,data\processed\tess\features\OAF_sell_disgust_mfcc.npy,data\processed\tess\spectrograms\OAF_sell_disgust_spec.npy
OAF_shack_disgust,disgust,1,data\processed\tess\features\OAF_shack_disgust_mfcc.npy,data\processed\tess\spectrograms\OAF_shack_disgust_spec.npy
OAF_shall_disgust,disgust,1,data\processed\tess\features\OAF_shall_disgust_mfcc.npy,data\processed\tess\spectrograms\OAF_shall_disgust_spec.npy
OAF_shawl_disgust,disgust,1,data\processed\tess\features\OAF_shawl_disgust_mfcc.npy,data\processed\tess\spectrograms\OAF_shawl_disgust_spec.npy
OAF_sheep_disgust,disgust,1,data\processed\tess\features\OAF_sheep_disgust_mfcc.npy,data\processed\tess\spectrograms\OAF_sheep_disgust_spec.npy
OAF_shirt_disgust,disgust,1,data\processed\tess\features\OAF_shirt_disgust_mfcc.npy,data\processed\tess\spectrograms\OAF_shirt_disgust_spec.npy
OAF_should_disgust,disgust,1,data\processed\tess\features\OAF_should_disgust_mfcc.npy,data\processed\tess\spectrograms\OAF_should_disgust_spec.npy
OAF_shout_disgust,disgust,1,data\processed\tess\features\OAF_shout_disgust_mfcc.npy,data\processed\tess\spectrograms\OAF_shout_disgust_spec.npy
OAF_size_disgust,disgust,1,data\processed\tess\features\OAF_size_disgust_mfcc.npy,data\processed\tess\spectrograms\OAF_size_disgust_spec.npy
OAF_soap_disgust,disgust,1,data\processed\tess\features\OAF_soap_disgust_mfcc.npy,data\processed\tess\spectrograms\OAF_soap_disgust_spec.npy
OAF_soup_disgust,disgust,1,data\processed\tess\features\OAF_soup_disgust_mfcc.npy,data\processed\tess\spectrograms\OAF_soup_disgust_spec.npy
OAF_sour_disgust,disgust,1,data\processed\tess\features\OAF_sour_disgust_mfcc.npy,data\processed\tess\spectrograms\OAF_sour_disgust_spec.npy
OAF_south_disgust,disgust,1,data\processed\tess\features\OAF_south_disgust_mfcc.npy,data\processed\tess\spectrograms\OAF_south_disgust_spec.npy
OAF_sub_disgust,disgust,1,data\processed\tess\features\OAF_sub_disgust_mfcc.npy,data\processed\tess\spectrograms\OAF_sub_disgust_spec.npy
OAF_such_disgust,disgust,1,data\processed\tess\features\OAF_such_disgust_mfcc.npy,data\processed\tess\spectrograms\OAF_such_disgust_spec.npy
OAF_sure_disgust,disgust,1,data\processed\tess\features\OAF_sure_disgust_mfcc.npy,data\processed\tess\spectrograms\OAF_sure_disgust_spec.npy
OAF_take_disgust,disgust,1,data\processed\tess\features\OAF_take_disgust_mfcc.npy,data\processed\tess\spectrograms\OAF_take_disgust_spec.npy
OAF_talk_disgust,disgust,1,data\processed\tess\features\OAF_talk_disgust_mfcc.npy,data\processed\tess\spectrograms\OAF_talk_disgust_spec.npy
OAF_tape_disgust,disgust,1,data\processed\tess\features\OAF_tape_disgust_mfcc.npy,data\processed\tess\spectrograms\OAF_tape_disgust_spec.npy
OAF_team_disgust,disgust,1,data\processed\tess\features\OAF_team_disgust_mfcc.npy,data\processed\tess\spectrograms\OAF_team_disgust_spec.npy
OAF_tell_disgust,disgust,1,data\processed\tess\features\OAF_tell_disgust_mfcc.npy,data\processed\tess\spectrograms\OAF_tell_disgust_spec.npy
OAF_thin_disgust,disgust,1,data\processed\tess\features\OAF_thin_disgust_mfcc.npy,data\processed\tess\spectrograms\OAF_thin_disgust_spec.npy
OAF_third_disgust,disgust,1,data\processed\tess\features\OAF_third_disgust_mfcc.npy,data\processed\tess\spectrograms\OAF_third_disgust_spec.npy
OAF_thought_disgust,disgust,1,data\processed\tess\features\OAF_thought_disgust_mfcc.npy,data\processed\tess\spectrograms\OAF_thought_disgust_spec.npy
OAF_thumb_disgust,disgust,1,data\processed\tess\features\OAF_thumb_disgust_mfcc.npy,data\processed\tess\spectrograms\OAF_thumb_disgust_spec.npy
OAF_time_disgust,disgust,1,data\processed\tess\features\OAF_time_disgust_mfcc.npy,data\processed\tess\spectrograms\OAF_time_disgust_spec.npy
OAF_tip_disgust,disgust,1,data\processed\tess\features\OAF_tip_disgust_mfcc.npy,data\processed\tess\spectrograms\OAF_tip_disgust_spec.npy
OAF_tire_disgust,disgust,1,data\processed\tess\features\OAF_tire_disgust_mfcc.npy,data\processed\tess\spectrograms\OAF_tire_disgust_spec.npy
OAF_ton_disgust,disgust,1,data\processed\tess\features\OAF_ton_disgust_mfcc.npy,data\processed\tess\spectrograms\OAF_ton_disgust_spec.npy
OAF_tool_disgust,disgust,1,data\processed\tess\features\OAF_tool_disgust_mfcc.npy,data\processed\tess\spectrograms\OAF_tool_disgust_spec.npy
OAF_tough_disgust,disgust,1,data\processed\tess\features\OAF_tough_disgust_mfcc.npy,data\processed\tess\spectrograms\OAF_tough_disgust_spec.npy
OAF_turn_disgust,disgust,1,data\processed\tess\features\OAF_turn_disgust_mfcc.npy,data\processed\tess\spectrograms\OAF_turn_disgust_spec.npy
OAF_vine_disgust,disgust,1,data\processed\tess\features\OAF_vine_disgust_mfcc.npy,data\processed\tess\spectrograms\OAF_vine_disgust_spec.npy
OAF_voice_disgust,disgust,1,data\processed\tess\features\OAF_voice_disgust_mfcc.npy,data\processed\tess\spectrograms\OAF_voice_disgust_spec.npy
OAF_void_disgust,disgust,1,data\processed\tess\features\OAF_void_disgust_mfcc.npy,data\processed\tess\spectrograms\OAF_void_disgust_spec.npy
OAF_vote_disgust,disgust,1,data\processed\tess\features\OAF_vote_disgust_mfcc.npy,data\processed\tess\spectrograms\OAF_vote_disgust_spec.npy
OAF_wag_disgust,disgust,1,data\processed\tess\features\OAF_wag_disgust_mfcc.npy,data\processed\tess\spectrograms\OAF_wag_disgust_spec.npy
OAF_walk_disgust,disgust,1,data\processed\tess\features\OAF_walk_disgust_mfcc.npy,data\processed\tess\spectrograms\OAF_walk_disgust_spec.npy
OAF_wash_disgust,disgust,1,data\processed\tess\features\OAF_wash_disgust_mfcc.npy,data\processed\tess\spectrograms\OAF_wash_disgust_spec.npy
OAF_week_disgust,disgust,1,data\processed\tess\features\OAF_week_disgust_mfcc.npy,data\processed\tess\spectrograms\OAF_week_disgust_spec.npy
OAF_wheat_disgust,disgust,1,data\processed\tess\features\OAF_wheat_disgust_mfcc.npy,data\processed\tess\spectrograms\OAF_wheat_disgust_spec.npy
OAF_when_disgust,disgust,1,data\processed\tess\features\OAF_when_disgust_mfcc.npy,data\processed\tess\spectrograms\OAF_when_disgust_spec.npy
OAF_which_disgust,disgust,1,data\processed\tess\features\OAF_which_disgust_mfcc.npy,data\processed\tess\spectrograms\OAF_which_disgust_spec.npy
OAF_whip_disgust,disgust,1,data\processed\tess\features\OAF_whip_disgust_mfcc.npy,data\processed\tess\spectrograms\OAF_whip_disgust_spec.npy
OAF_white_disgust,disgust,1,data\processed\tess\features\OAF_white_disgust_mfcc.npy,data\processed\tess\spectrograms\OAF_white_disgust_spec.npy
OAF_wife_disgust,disgust,1,data\processed\tess\features\OAF_wife_disgust_mfcc.npy,data\processed\tess\spectrograms\OAF_wife_disgust_spec.npy
OAF_wire_disgust,disgust,1,data\processed\tess\features\OAF_wire_disgust_mfcc.npy,data\processed\tess\spectrograms\OAF_wire_disgust_spec.npy
OAF_witch_disgust,disgust,1,data\processed\tess\features\OAF_witch_disgust_mfcc.npy,data\processed\tess\spectrograms\OAF_witch_disgust_spec.npy
OAF_yearn_disgust,disgust,1,data\processed\tess\features\OAF_yearn_disgust_mfcc.npy,data\processed\tess\spectrograms\OAF_yearn_disgust_spec.npy
OAF_yes_disgust,disgust,1,data\processed\tess\features\OAF_yes_disgust_mfcc.npy,data\processed\tess\spectrograms\OAF_yes_disgust_spec.npy
OAF_young_disgust,disgust,1,data\processed\tess\features\OAF_young_disgust_mfcc.npy,data\processed\tess\spectrograms\OAF_young_disgust_spec.npy
OAF_youth_disgust,disgust,1,data\processed\tess\features\OAF_youth_disgust_mfcc.npy,data\processed\tess\spectrograms\OAF_youth_disgust_spec.npy
OAF_back_fear,fear,1,data\processed\tess\features\OAF_back_fear_mfcc.npy,data\processed\tess\spectrograms\OAF_back_fear_spec.npy
OAF_bar_fear,fear,1,data\processed\tess\features\OAF_bar_fear_mfcc.npy,data\processed\tess\spectrograms\OAF_bar_fear_spec.npy
OAF_base_fear,fear,1,data\processed\tess\features\OAF_base_fear_mfcc.npy,data\processed\tess\spectrograms\OAF_base_fear_spec.npy
OAF_bath_fear,fear,1,data\processed\tess\features\OAF_bath_fear_mfcc.npy,data\processed\tess\spectrograms\OAF_bath_fear_spec.npy
OAF_bean_fear,fear,1,data\processed\tess\features\OAF_bean_fear_mfcc.npy,data\processed\tess\spectrograms\OAF_bean_fear_spec.npy
OAF_beg_fear,fear,1,data\processed\tess\features\OAF_beg_fear_mfcc.npy,data\processed\tess\spectrograms\OAF_beg_fear_spec.npy
OAF_bite_fear,fear,1,data\processed\tess\features\OAF_bite_fear_mfcc.npy,data\processed\tess\spectrograms\OAF_bite_fear_spec.npy
OAF_boat_fear,fear,1,data\processed\tess\features\OAF_boat_fear_mfcc.npy,data\processed\tess\spectrograms\OAF_boat_fear_spec.npy
OAF_bone_fear,fear,1,data\processed\tess\features\OAF_bone_fear_mfcc.npy,data\processed\tess\spectrograms\OAF_bone_fear_spec.npy
OAF_book_fear,fear,1,data\processed\tess\features\OAF_book_fear_mfcc.npy,data\processed\tess\spectrograms\OAF_book_fear_spec.npy
OAF_bought_fear,fear,1,data\processed\tess\features\OAF_bought_fear_mfcc.npy,data\processed\tess\spectrograms\OAF_bought_fear_spec.npy
OAF_burn_fear,fear,1,data\processed\tess\features\OAF_burn_fear_mfcc.npy,data\processed\tess\spectrograms\OAF_burn_fear_spec.npy
OAF_cab_fear,fear,1,data\processed\tess\features\OAF_cab_fear_mfcc.npy,data\processed\tess\spectrograms\OAF_cab_fear_spec.npy
OAF_calm_fear,fear,1,data\processed\tess\features\OAF_calm_fear_mfcc.npy,data\processed\tess\spectrograms\OAF_calm_fear_spec.npy
OAF_came_fear,fear,1,data\processed\tess\features\OAF_came_fear_mfcc.npy,data\processed\tess\spectrograms\OAF_came_fear_spec.npy
OAF_cause_fear,fear,1,data\processed\tess\features\OAF_cause_fear_mfcc.npy,data\processed\tess\spectrograms\OAF_cause_fear_spec.npy
OAF_chain_fear,fear,1,data\processed\tess\features\OAF_chain_fear_mfcc.npy,data\processed\tess\spectrograms\OAF_chain_fear_spec.npy
OAF_chair_fear,fear,1,data\processed\tess\features\OAF_chair_fear_mfcc.npy,data\processed\tess\spectrograms\OAF_chair_fear_spec.npy
OAF_chalk_fear,fear,1,data\processed\tess\features\OAF_chalk_fear_mfcc.npy,data\processed\tess\spectrograms\OAF_chalk_fear_spec.npy
OAF_chat_fear,fear,1,data\processed\tess\features\OAF_chat_fear_mfcc.npy,data\processed\tess\spectrograms\OAF_chat_fear_spec.npy
OAF_check_fear,fear,1,data\processed\tess\features\OAF_check_fear_mfcc.npy,data\processed\tess\spectrograms\OAF_check_fear_spec.npy
OAF_cheek_fear,fear,1,data\processed\tess\features\OAF_cheek_fear_mfcc.npy,data\processed\tess\spectrograms\OAF_cheek_fear_spec.npy
OAF_chief_fear,fear,1,data\processed\tess\features\OAF_chief_fear_mfcc.npy,data\processed\tess\spectrograms\OAF_chief_fear_spec.npy
OAF_choice_fear,fear,1,data\processed\tess\features\OAF_choice_fear_mfcc.npy,data\processed\tess\spectrograms\OAF_choice_fear_spec.npy
OAF_cool_fear,fear,1,data\processed\tess\features\OAF_cool_fear_mfcc.npy,data\processed\tess\spectrograms\OAF_cool_fear_spec.npy
OAF_dab_fear,fear,1,data\processed\tess\features\OAF_dab_fear_mfcc.npy,data\processed\tess\spectrograms\OAF_dab_fear_spec.npy
OAF_date_fear,fear,1,data\processed\tess\features\OAF_date_fear_mfcc.npy,data\processed\tess\spectrograms\OAF_date_fear_spec.npy
OAF_dead_fear,fear,1,data\processed\tess\features\OAF_dead_fear_mfcc.npy,data\processed\tess\spectrograms\OAF_dead_fear_spec.npy
OAF_death_fear,fear,1,data\processed\tess\features\OAF_death_fear_mfcc.npy,data\processed\tess\spectrograms\OAF_death_fear_spec.npy
OAF_deep_fear,fear,1,data\processed\tess\features\OAF_deep_fear_mfcc.npy,data\processed\tess\spectrograms\OAF_deep_fear_spec.npy
OAF_dime_fear,fear,1,data\processed\tess\features\OAF_dime_fear_mfcc.npy,data\processed\tess\spectrograms\OAF_dime_fear_spec.npy
OAF_dip_fear,fear,1,data\processed\tess\features\OAF_dip_fear_mfcc.npy,data\processed\tess\spectrograms\OAF_dip_fear_spec.npy
OAF_ditch_fear,fear,1,data\processed\tess\features\OAF_ditch_fear_mfcc.npy,data\processed\tess\spectrograms\OAF_ditch_fear_spec.npy
OAF_dodge_fear,fear,1,data\processed\tess\features\OAF_dodge_fear_mfcc.npy,data\processed\tess\spectrograms\OAF_dodge_fear_spec.npy
OAF_dog_fear,fear,1,data\processed\tess\features\OAF_dog_fear_mfcc.npy,data\processed\tess\spectrograms\OAF_dog_fear_spec.npy
OAF_doll_fear,fear,1,data\processed\tess\features\OAF_doll_fear_mfcc.npy,data\processed\tess\spectrograms\OAF_doll_fear_spec.npy
OAF_door_fear,fear,1,data\processed\tess\features\OAF_door_fear_mfcc.npy,data\processed\tess\spectrograms\OAF_door_fear_spec.npy
OAF_fail_fear,fear,1,data\processed\tess\features\OAF_fail_fear_mfcc.npy,data\processed\tess\spectrograms\OAF_fail_fear_spec.npy
OAF_fall_fear,fear,1,data\processed\tess\features\OAF_fall_fear_mfcc.npy,data\processed\tess\spectrograms\OAF_fall_fear_spec.npy
OAF_far_fear,fear,1,data\processed\tess\features\OAF_far_fear_mfcc.npy,data\processed\tess\spectrograms\OAF_far_fear_spec.npy
OAF_fat_fear,fear,1,data\processed\tess\features\OAF_fat_fear_mfcc.npy,data\processed\tess\spectrograms\OAF_fat_fear_spec.npy
OAF_fit_fear,fear,1,data\processed\tess\features\OAF_fit_fear_mfcc.npy,data\processed\tess\spectrograms\OAF_fit_fear_spec.npy
OAF_five_fear,fear,1,data\processed\tess\features\OAF_five_fear_mfcc.npy,data\processed\tess\spectrograms\OAF_five_fear_spec.npy
OAF_food_fear,fear,1,data\processed\tess\features\OAF_food_fear_mfcc.npy,data\processed\tess\spectrograms\OAF_food_fear_spec.npy
OAF_gap_fear,fear,1,data\processed\tess\features\OAF_gap_fear_mfcc.npy,data\processed\tess\spectrograms\OAF_gap_fear_spec.npy
OAF_gas_fear,fear,1,data\processed\tess\features\OAF_gas_fear_mfcc.npy,data\processed\tess\spectrograms\OAF_gas_fear_spec.npy
OAF_gaze_fear,fear,1,data\processed\tess\features\OAF_gaze_fear_mfcc.npy,data\processed\tess\spectrograms\OAF_gaze_fear_spec.npy
OAF_germ_fear,fear,1,data\processed\tess\features\OAF_germ_fear_mfcc.npy,data\processed\tess\spectrograms\OAF_germ_fear_spec.npy
OAF_get_fear,fear,1,data\processed\tess\features\OAF_get_fear_mfcc.npy,data\processed\tess\spectrograms\OAF_get_fear_spec.npy
OAF_gin_fear,fear,1,data\processed\tess\features\OAF_gin_fear_mfcc.npy,data\processed\tess\spectrograms\OAF_gin_fear_spec.npy
OAF_goal_fear,fear,1,data\processed\tess\features\OAF_goal_fear_mfcc.npy,data\processed\tess\spectrograms\OAF_goal_fear_spec.npy
OAF_good_fear,fear,1,data\processed\tess\features\OAF_good_fear_mfcc.npy,data\processed\tess\spectrograms\OAF_good_fear_spec.npy
OAF_goose_fear,fear,1,data\processed\tess\features\OAF_goose_fear_mfcc.npy,data\processed\tess\spectrograms\OAF_goose_fear_spec.npy
OAF_gun_fear,fear,1,data\processed\tess\features\OAF_gun_fear_mfcc.npy,data\processed\tess\spectrograms\OAF_gun_fear_spec.npy
OAF_half_fear,fear,1,data\processed\tess\features\OAF_half_fear_mfcc.npy,data\processed\tess\spectrograms\OAF_half_fear_spec.npy
OAF_hall_fear,fear,1,data\processed\tess\features\OAF_hall_fear_mfcc.npy,data\processed\tess\spectrograms\OAF_hall_fear_spec.npy
OAF_hash_fear,fear,1,data\processed\tess\features\OAF_hash_fear_mfcc.npy,data\processed\tess\spectrograms\OAF_hash_fear_spec.npy
OAF_hate_fear,fear,1,data\processed\tess\features\OAF_hate_fear_mfcc.npy,data\processed\tess\spectrograms\OAF_hate_fear_spec.npy
OAF_have_fear,fear,1,data\processed\tess\features\OAF_have_fear_mfcc.npy,data\processed\tess\spectrograms\OAF_have_fear_spec.npy
OAF_haze_fear,fear,1,data\processed\tess\features\OAF_haze_fear_mfcc.npy,data\processed\tess\spectrograms\OAF_haze_fear_spec.npy
OAF_hire_fear,fear,1,data\processed\tess\features\OAF_hire_fear_mfcc.npy,data\processed\tess\spectrograms\OAF_hire_fear_spec.npy
OAF_hit_fear,fear,1,data\processed\tess\features\OAF_hit_fear_mfcc.npy,data\processed\tess\spectrograms\OAF_hit_fear_spec.npy
OAF_hole_fear,fear,1,data\processed\tess\features\OAF_hole_fear_mfcc.npy,data\processed\tess\spectrograms\OAF_hole_fear_spec.npy
OAF_home_fear,fear,1,data\processed\tess\features\OAF_home_fear_mfcc.npy,data\processed\tess\spectrograms\OAF_home_fear_spec.npy
OAF_hurl_fear,fear,1,data\processed\tess\features\OAF_hurl_fear_mfcc.npy,data\processed\tess\spectrograms\OAF_hurl_fear_spec.npy
OAF_hush_fear,fear,1,data\processed\tess\features\OAF_hush_fear_mfcc.npy,data\processed\tess\spectrograms\OAF_hush_fear_spec.npy
OAF_jail_fear,fear,1,data\processed\tess\features\OAF_jail_fear_mfcc.npy,data\processed\tess\spectrograms\OAF_jail_fear_spec.npy
OAF_jar_fear,fear,1,data\processed\tess\features\OAF_jar_fear_mfcc.npy,data\processed\tess\spectrograms\OAF_jar_fear_spec.npy
OAF_join_fear,fear,1,data\processed\tess\features\OAF_join_fear_mfcc.npy,data\processed\tess\spectrograms\OAF_join_fear_spec.npy
OAF_judge_fear,fear,1,data\processed\tess\features\OAF_judge_fear_mfcc.npy,data\processed\tess\spectrograms\OAF_judge_fear_spec.npy
OAF_jug_fear,fear,1,data\processed\tess\features\OAF_jug_fear_mfcc.npy,data\processed\tess\spectrograms\OAF_jug_fear_spec.npy
OAF_juice_fear,fear,1,data\processed\tess\features\OAF_juice_fear_mfcc.npy,data\processed\tess\spectrograms\OAF_juice_fear_spec.npy
OAF_keen_fear,fear,1,data\processed\tess\features\OAF_keen_fear_mfcc.npy,data\processed\tess\spectrograms\OAF_keen_fear_spec.npy
OAF_keep_fear,fear,1,data\processed\tess\features\OAF_keep_fear_mfcc.npy,data\processed\tess\spectrograms\OAF_keep_fear_spec.npy
OAF_keg_fear,fear,1,data\processed\tess\features\OAF_keg_fear_mfcc.npy,data\processed\tess\spectrograms\OAF_keg_fear_spec.npy
OAF_kick_fear,fear,1,data\processed\tess\features\OAF_kick_fear_mfcc.npy,data\processed\tess\spectrograms\OAF_kick_fear_spec.npy
OAF_kill_fear,fear,1,data\processed\tess\features\OAF_kill_fear_mfcc.npy,data\processed\tess\spectrograms\OAF_kill_fear_spec.npy
OAF_king_fear,fear,1,data\processed\tess\features\OAF_king_fear_mfcc.npy,data\processed\tess\spectrograms\OAF_king_fear_spec.npy
OAF_kite_fear,fear,1,data\processed\tess\features\OAF_kite_fear_mfcc.npy,data\processed\tess\spectrograms\OAF_kite_fear_spec.npy
OAF_knock_fear,fear,1,data\processed\tess\features\OAF_knock_fear_mfcc.npy,data\processed\tess\spectrograms\OAF_knock_fear_spec.npy
OAF_late_fear,fear,1,data\processed\tess\features\OAF_late_fear_mfcc.npy,data\processed\tess\spectrograms\OAF_late_fear_spec.npy
OAF_laud_fear,fear,1,data\processed\tess\features\OAF_laud_fear_mfcc.npy,data\processed\tess\spectrograms\OAF_laud_fear_spec.npy
OAF_lean_fear,fear,1,data\processed\tess\features\OAF_lean_fear_mfcc.npy,data\processed\tess\spectrograms\OAF_lean_fear_spec.npy
OAF_learn_fear,fear,1,data\processed\tess\features\OAF_learn_fear_mfcc.npy,data\processed\tess\spectrograms\OAF_learn_fear_spec.npy
OAF_lease_fear,fear,1,data\processed\tess\features\OAF_lease_fear_mfcc.npy,data\processed\tess\spectrograms\OAF_lease_fear_spec.npy
OAF_lid_fear,fear,1,data\processed\tess\features\OAF_lid_fear_mfcc.npy,data\processed\tess\spectrograms\OAF_lid_fear_spec.npy
OAF_life_fear,fear,1,data\processed\tess\features\OAF_life_fear_mfcc.npy,data\processed\tess\spectrograms\OAF_life_fear_spec.npy
OAF_limb_fear,fear,1,data\processed\tess\features\OAF_limb_fear_mfcc.npy,data\processed\tess\spectrograms\OAF_limb_fear_spec.npy
OAF_live_fear,fear,1,data\processed\tess\features\OAF_live_fear_mfcc.npy,data\processed\tess\spectrograms\OAF_live_fear_spec.npy
OAF_loaf_fear,fear,1,data\processed\tess\features\OAF_loaf_fear_mfcc.npy,data\processed\tess\spectrograms\OAF_loaf_fear_spec.npy
OAF_long_fear,fear,1,data\processed\tess\features\OAF_long_fear_mfcc.npy,data\processed\tess\spectrograms\OAF_long_fear_spec.npy
OAF_lore_fear,fear,1,data\processed\tess\features\OAF_lore_fear_mfcc.npy,data\processed\tess\spectrograms\OAF_lore_fear_spec.npy
OAF_lose_fear,fear,1,data\processed\tess\features\OAF_lose_fear_mfcc.npy,data\processed\tess\spectrograms\OAF_lose_fear_spec.npy
OAF_lot_fear,fear,1,data\processed\tess\features\OAF_lot_fear_mfcc.npy,data\processed\tess\spectrograms\OAF_lot_fear_spec.npy
OAF_love_fear,fear,1,data\processed\tess\features\OAF_love_fear_mfcc.npy,data\processed\tess\spectrograms\OAF_love_fear_spec.npy
OAF_luck_fear,fear,1,data\processed\tess\features\OAF_luck_fear_mfcc.npy,data\processed\tess\spectrograms\OAF_luck_fear_spec.npy
OAF_make_fear,fear,1,data\processed\tess\features\OAF_make_fear_mfcc.npy,data\processed\tess\spectrograms\OAF_make_fear_spec.npy
OAF_match_fear,fear,1,data\processed\tess\features\OAF_match_fear_mfcc.npy,data\processed\tess\spectrograms\OAF_match_fear_spec.npy
OAF_merge_fear,fear,1,data\processed\tess\features\OAF_merge_fear_mfcc.npy,data\processed\tess\spectrograms\OAF_merge_fear_spec.npy
OAF_mess_fear,fear,1,data\processed\tess\features\OAF_mess_fear_mfcc.npy,data\processed\tess\spectrograms\OAF_mess_fear_spec.npy
OAF_met_fear,fear,1,data\processed\tess\features\OAF_met_fear_mfcc.npy,data\processed\tess\spectrograms\OAF_met_fear_spec.npy
OAF_mill_fear,fear,1,data\processed\tess\features\OAF_mill_fear_mfcc.npy,data\processed\tess\spectrograms\OAF_mill_fear_spec.npy
OAF_mob_fear,fear,1,data\processed\tess\features\OAF_mob_fear_mfcc.npy,data\processed\tess\spectrograms\OAF_mob_fear_spec.npy
OAF_mode_fear,fear,1,data\processed\tess\features\OAF_mode_fear_mfcc.npy,data\processed\tess\spectrograms\OAF_mode_fear_spec.npy
OAF_mood_fear,fear,1,data\processed\tess\features\OAF_mood_fear_mfcc.npy,data\processed\tess\spectrograms\OAF_mood_fear_spec.npy
OAF_moon_fear,fear,1,data\processed\tess\features\OAF_moon_fear_mfcc.npy,data\processed\tess\spectrograms\OAF_moon_fear_spec.npy
OAF_mop_fear,fear,1,data\processed\tess\features\OAF_mop_fear_mfcc.npy,data\processed\tess\spectrograms\OAF_mop_fear_spec.npy
OAF_mouse_fear,fear,1,data\processed\tess\features\OAF_mouse_fear_mfcc.npy,data\processed\tess\spectrograms\OAF_mouse_fear_spec.npy
OAF_nag_fear,fear,1,data\processed\tess\features\OAF_nag_fear_mfcc.npy,data\processed\tess\spectrograms\OAF_nag_fear_spec.npy
OAF_name_fear,fear,1,data\processed\tess\features\OAF_name_fear_mfcc.npy,data\processed\tess\spectrograms\OAF_name_fear_spec.npy
OAF_near_fear,fear,1,data\processed\tess\features\OAF_near_fear_mfcc.npy,data\processed\tess\spectrograms\OAF_near_fear_spec.npy
OAF_neat_fear,fear,1,data\processed\tess\features\OAF_neat_fear_mfcc.npy,data\processed\tess\spectrograms\OAF_neat_fear_spec.npy
OAF_nice_fear,fear,1,data\processed\tess\features\OAF_nice_fear_mfcc.npy,data\processed\tess\spectrograms\OAF_nice_fear_spec.npy
OAF_note_fear,fear,1,data\processed\tess\features\OAF_note_fear_mfcc.npy,data\processed\tess\spectrograms\OAF_note_fear_spec.npy
OAF_numb_fear,fear,1,data\processed\tess\features\OAF_numb_fear_mfcc.npy,data\processed\tess\spectrograms\OAF_numb_fear_spec.npy
OAF_pad_fear,fear,1,data\processed\tess\features\OAF_pad_fear_mfcc.npy,data\processed\tess\spectrograms\OAF_pad_fear_spec.npy
OAF_page_fear,fear,1,data\processed\tess\features\OAF_page_fear_mfcc.npy,data\processed\tess\spectrograms\OAF_page_fear_spec.npy
OAF_pain_fear,fear,1,data\processed\tess\features\OAF_pain_fear_mfcc.npy,data\processed\tess\spectrograms\OAF_pain_fear_spec.npy
OAF_pass_fear,fear,1,data\processed\tess\features\OAF_pass_fear_mfcc.npy,data\processed\tess\spectrograms\OAF_pass_fear_spec.npy
OAF_pearl_fear,fear,1,data\processed\tess\features\OAF_pearl_fear_mfcc.npy,data\processed\tess\spectrograms\OAF_pearl_fear_spec.npy
OAF_peg_fear,fear,1,data\processed\tess\features\OAF_peg_fear_mfcc.npy,data\processed\tess\spectrograms\OAF_peg_fear_spec.npy
OAF_perch_fear,fear,1,data\processed\tess\features\OAF_perch_fear_mfcc.npy,data\processed\tess\spectrograms\OAF_perch_fear_spec.npy
OAF_phone_fear,fear,1,data\processed\tess\features\OAF_phone_fear_mfcc.npy,data\processed\tess\spectrograms\OAF_phone_fear_spec.npy
OAF_pick_fear,fear,1,data\processed\tess\features\OAF_pick_fear_mfcc.npy,data\processed\tess\spectrograms\OAF_pick_fear_spec.npy
OAF_pike_fear,fear,1,data\processed\tess\features\OAF_pike_fear_mfcc.npy,data\processed\tess\spectrograms\OAF_pike_fear_spec.npy
OAF_pole_fear,fear,1,data\processed\tess\features\OAF_pole_fear_mfcc.npy,data\processed\tess\spectrograms\OAF_pole_fear_spec.npy
OAF_pool_fear,fear,1,data\processed\tess\features\OAF_pool_fear_mfcc.npy,data\processed\tess\spectrograms\OAF_pool_fear_spec.npy
OAF_puff_fear,fear,1,data\processed\tess\features\OAF_puff_fear_mfcc.npy,data\processed\tess\spectrograms\OAF_puff_fear_spec.npy
OAF_rag_fear,fear,1,data\processed\tess\features\OAF_rag_fear_mfcc.npy,data\processed\tess\spectrograms\OAF_rag_fear_spec.npy
OAF_raid_fear,fear,1,data\processed\tess\features\OAF_raid_fear_mfcc.npy,data\processed\tess\spectrograms\OAF_raid_fear_spec.npy
OAF_rain_fear,fear,1,data\processed\tess\features\OAF_rain_fear_mfcc.npy,data\processed\tess\spectrograms\OAF_rain_fear_spec.npy
OAF_raise_fear,fear,1,data\processed\tess\features\OAF_raise_fear_mfcc.npy,data\processed\tess\spectrograms\OAF_raise_fear_spec.npy
OAF_rat_fear,fear,1,data\processed\tess\features\OAF_rat_fear_mfcc.npy,data\processed\tess\spectrograms\OAF_rat_fear_spec.npy
OAF_reach_fear,fear,1,data\processed\tess\features\OAF_reach_fear_mfcc.npy,data\processed\tess\spectrograms\OAF_reach_fear_spec.npy
OAF_read_fear,fear,1,data\processed\tess\features\OAF_read_fear_mfcc.npy,data\processed\tess\spectrograms\OAF_read_fear_spec.npy
OAF_red_fear,fear,1,data\processed\tess\features\OAF_red_fear_mfcc.npy,data\processed\tess\spectrograms\OAF_red_fear_spec.npy
OAF_ring_fear,fear,1,data\processed\tess\features\OAF_ring_fear_mfcc.npy,data\processed\tess\spectrograms\OAF_ring_fear_spec.npy
OAF_ripe_fear,fear,1,data\processed\tess\features\OAF_ripe_fear_mfcc.npy,data\processed\tess\spectrograms\OAF_ripe_fear_spec.npy
OAF_road_fear,fear,1,data\processed\tess\features\OAF_road_fear_mfcc.npy,data\processed\tess\spectrograms\OAF_road_fear_spec.npy
OAF_room_fear,fear,1,data\processed\tess\features\OAF_room_fear_mfcc.npy,data\processed\tess\spectrograms\OAF_room_fear_spec.npy
OAF_rose_fear,fear,1,data\processed\tess\features\OAF_rose_fear_mfcc.npy,data\processed\tess\spectrograms\OAF_rose_fear_spec.npy
OAF_rot_fear,fear,1,data\processed\tess\features\OAF_rot_fear_mfcc.npy,data\processed\tess\spectrograms\OAF_rot_fear_spec.npy
OAF_rough_fear,fear,1,data\processed\tess\features\OAF_rough_fear_mfcc.npy,data\processed\tess\spectrograms\OAF_rough_fear_spec.npy
OAF_rush_fear,fear,1,data\processed\tess\features\OAF_rush_fear_mfcc.npy,data\processed\tess\spectrograms\OAF_rush_fear_spec.npy
OAF_said_fear,fear,1,data\processed\tess\features\OAF_said_fear_mfcc.npy,data\processed\tess\spectrograms\OAF_said_fear_spec.npy
OAF_sail_fear,fear,1,data\processed\tess\features\OAF_sail_fear_mfcc.npy,data\processed\tess\spectrograms\OAF_sail_fear_spec.npy
OAF_search_fear,fear,1,data\processed\tess\features\OAF_search_fear_mfcc.npy,data\processed\tess\spectrograms\OAF_search_fear_spec.npy
OAF_seize_fear,fear,1,data\processed\tess\features\OAF_seize_fear_mfcc.npy,data\processed\tess\spectrograms\OAF_seize_fear_spec.npy
OAF_sell_fear,fear,1,data\processed\tess\features\OAF_sell_fear_mfcc.npy,data\processed\tess\spectrograms\OAF_sell_fear_spec.npy
OAF_shack_fear,fear,1,data\processed\tess\features\OAF_shack_fear_mfcc.npy,data\processed\tess\spectrograms\OAF_shack_fear_spec.npy
OAF_shall_fear,fear,1,data\processed\tess\features\OAF_shall_fear_mfcc.npy,data\processed\tess\spectrograms\OAF_shall_fear_spec.npy
OAF_shawl_fear,fear,1,data\processed\tess\features\OAF_shawl_fear_mfcc.npy,data\processed\tess\spectrograms\OAF_shawl_fear_spec.npy
OAF_sheep_fear,fear,1,data\processed\tess\features\OAF_sheep_fear_mfcc.npy,data\processed\tess\spectrograms\OAF_sheep_fear_spec.npy
OAF_shirt_fear,fear,1,data\processed\tess\features\OAF_shirt_fear_mfcc.npy,data\processed\tess\spectrograms\OAF_shirt_fear_spec.npy
OAF_should_fear,fear,1,data\processed\tess\features\OAF_should_fear_mfcc.npy,data\processed\tess\spectrograms\OAF_should_fear_spec.npy
OAF_shout_fear,fear,1,data\processed\tess\features\OAF_shout_fear_mfcc.npy,data\processed\tess\spectrograms\OAF_shout_fear_spec.npy
OAF_size_fear,fear,1,data\processed\tess\features\OAF_size_fear_mfcc.npy,data\processed\tess\spectrograms\OAF_size_fear_spec.npy
OAF_soap_fear,fear,1,data\processed\tess\features\OAF_soap_fear_mfcc.npy,data\processed\tess\spectrograms\OAF_soap_fear_spec.npy
OAF_soup_fear,fear,1,data\processed\tess\features\OAF_soup_fear_mfcc.npy,data\processed\tess\spectrograms\OAF_soup_fear_spec.npy
OAF_sour_fear,fear,1,data\processed\tess\features\OAF_sour_fear_mfcc.npy,data\processed\tess\spectrograms\OAF_sour_fear_spec.npy
OAF_south_fear,fear,1,data\processed\tess\features\OAF_south_fear_mfcc.npy,data\processed\tess\spectrograms\OAF_south_fear_spec.npy
OAF_sub_fear,fear,1,data\processed\tess\features\OAF_sub_fear_mfcc.npy,data\processed\tess\spectrograms\OAF_sub_fear_spec.npy
OAF_such_fear,fear,1,data\processed\tess\features\OAF_such_fear_mfcc.npy,data\processed\tess\spectrograms\OAF_such_fear_spec.npy
OAF_sure_fear,fear,1,data\processed\tess\features\OAF_sure_fear_mfcc.npy,data\processed\tess\spectrograms\OAF_sure_fear_spec.npy
OAF_take_fear,fear,1,data\processed\tess\features\OAF_take_fear_mfcc.npy,data\processed\tess\spectrograms\OAF_take_fear_spec.npy
OAF_talk_fear,fear,1,data\processed\tess\features\OAF_talk_fear_mfcc.npy,data\processed\tess\spectrograms\OAF_talk_fear_spec.npy
OAF_tape_fear,fear,1,data\processed\tess\features\OAF_tape_fear_mfcc.npy,data\processed\tess\spectrograms\OAF_tape_fear_spec.npy
OAF_team_fear,fear,1,data\processed\tess\features\OAF_team_fear_mfcc.npy,data\processed\tess\spectrograms\OAF_team_fear_spec.npy
OAF_tell_fear,fear,1,data\processed\tess\features\OAF_tell_fear_mfcc.npy,data\processed\tess\spectrograms\OAF_tell_fear_spec.npy
OAF_thin_fear,fear,1,data\processed\tess\features\OAF_thin_fear_mfcc.npy,data\processed\tess\spectrograms\OAF_thin_fear_spec.npy
OAF_third_fear,fear,1,data\processed\tess\features\OAF_third_fear_mfcc.npy,data\processed\tess\spectrograms\OAF_third_fear_spec.npy
OAF_thought_fear,fear,1,data\processed\tess\features\OAF_thought_fear_mfcc.npy,data\processed\tess\spectrograms\OAF_thought_fear_spec.npy
OAF_thumb_fear,fear,1,data\processed\tess\features\OAF_thumb_fear_mfcc.npy,data\processed\tess\spectrograms\OAF_thumb_fear_spec.npy
OAF_time_fear,fear,1,data\processed\tess\features\OAF_time_fear_mfcc.npy,data\processed\tess\spectrograms\OAF_time_fear_spec.npy
OAF_tip_fear,fear,1,data\processed\tess\features\OAF_tip_fear_mfcc.npy,data\processed\tess\spectrograms\OAF_tip_fear_spec.npy
OAF_tire_fear,fear,1,data\processed\tess\features\OAF_tire_fear_mfcc.npy,data\processed\tess\spectrograms\OAF_tire_fear_spec.npy
OAF_ton_fear,fear,1,data\processed\tess\features\OAF_ton_fear_mfcc.npy,data\processed\tess\spectrograms\OAF_ton_fear_spec.npy
OAF_tool_fear,fear,1,data\processed\tess\features\OAF_tool_fear_mfcc.npy,data\processed\tess\spectrograms\OAF_tool_fear_spec.npy
OAF_tough_fear,fear,1,data\processed\tess\features\OAF_tough_fear_mfcc.npy,data\processed\tess\spectrograms\OAF_tough_fear_spec.npy
OAF_turn_fear,fear,1,data\processed\tess\features\OAF_turn_fear_mfcc.npy,data\processed\tess\spectrograms\OAF_turn_fear_spec.npy
OAF_vine_fear,fear,1,data\processed\tess\features\OAF_vine_fear_mfcc.npy,data\processed\tess\spectrograms\OAF_vine_fear_spec.npy
OAF_voice_fear,fear,1,data\processed\tess\features\OAF_voice_fear_mfcc.npy,data\processed\tess\spectrograms\OAF_voice_fear_spec.npy
OAF_void_fear,fear,1,data\processed\tess\features\OAF_void_fear_mfcc.npy,data\processed\tess\spectrograms\OAF_void_fear_spec.npy
OAF_vote_fear,fear,1,data\processed\tess\features\OAF_vote_fear_mfcc.npy,data\processed\tess\spectrograms\OAF_vote_fear_spec.npy
OAF_wag_fear,fear,1,data\processed\tess\features\OAF_wag_fear_mfcc.npy,data\processed\tess\spectrograms\OAF_wag_fear_spec.npy
OAF_walk_fear,fear,1,data\processed\tess\features\OAF_walk_fear_mfcc.npy,data\processed\tess\spectrograms\OAF_walk_fear_spec.npy
OAF_wash_fear,fear,1,data\processed\tess\features\OAF_wash_fear_mfcc.npy,data\processed\tess\spectrograms\OAF_wash_fear_spec.npy
OAF_week_fear,fear,1,data\processed\tess\features\OAF_week_fear_mfcc.npy,data\processed\tess\spectrograms\OAF_week_fear_spec.npy
OAF_wheat_fear,fear,1,data\processed\tess\features\OAF_wheat_fear_mfcc.npy,data\processed\tess\spectrograms\OAF_wheat_fear_spec.npy
OAF_when_fear,fear,1,data\processed\tess\features\OAF_when_fear_mfcc.npy,data\processed\tess\spectrograms\OAF_when_fear_spec.npy
OAF_which_fear,fear,1,data\processed\tess\features\OAF_which_fear_mfcc.npy,data\processed\tess\spectrograms\OAF_which_fear_spec.npy
OAF_whip_fear,fear,1,data\processed\tess\features\OAF_whip_fear_mfcc.npy,data\processed\tess\spectrograms\OAF_whip_fear_spec.npy
OAF_white_fear,fear,1,data\processed\tess\features\OAF_white_fear_mfcc.npy,data\processed\tess\spectrograms\OAF_white_fear_spec.npy
OAF_wife_fear,fear,1,data\processed\tess\features\OAF_wife_fear_mfcc.npy,data\processed\tess\spectrograms\OAF_wife_fear_spec.npy
OAF_wire_fear,fear,1,data\processed\tess\features\OAF_wire_fear_mfcc.npy,data\processed\tess\spectrograms\OAF_wire_fear_spec.npy
OAF_witch_fear,fear,1,data\processed\tess\features\OAF_witch_fear_mfcc.npy,data\processed\tess\spectrograms\OAF_witch_fear_spec.npy
OAF_yearn_fear,fear,1,data\processed\tess\features\OAF_yearn_fear_mfcc.npy,data\processed\tess\spectrograms\OAF_yearn_fear_spec.npy
OAF_yes_fear,fear,1,data\processed\tess\features\OAF_yes_fear_mfcc.npy,data\processed\tess\spectrograms\OAF_yes_fear_spec.npy
OAF_young_fear,fear,1,data\processed\tess\features\OAF_young_fear_mfcc.npy,data\processed\tess\spectrograms\OAF_young_fear_spec.npy
OAF_youth_fear,fear,1,data\processed\tess\features\OAF_youth_fear_mfcc.npy,data\processed\tess\spectrograms\OAF_youth_fear_spec.npy
OAF_back_neutral,neutral,0,data\processed\tess\features\OAF_back_neutral_mfcc.npy,data\processed\tess\spectrograms\OAF_back_neutral_spec.npy
OAF_bar_neutral,neutral,0,data\processed\tess\features\OAF_bar_neutral_mfcc.npy,data\processed\tess\spectrograms\OAF_bar_neutral_spec.npy
OAF_base_neutral,neutral,0,data\processed\tess\features\OAF_base_neutral_mfcc.npy,data\processed\tess\spectrograms\OAF_base_neutral_spec.npy
OAF_bath_neutral,neutral,0,data\processed\tess\features\OAF_bath_neutral_mfcc.npy,data\processed\tess\spectrograms\OAF_bath_neutral_spec.npy
OAF_bean_neutral,neutral,0,data\processed\tess\features\OAF_bean_neutral_mfcc.npy,data\processed\tess\spectrograms\OAF_bean_neutral_spec.npy
OAF_beg_neutral,neutral,0,data\processed\tess\features\OAF_beg_neutral_mfcc.npy,data\processed\tess\spectrograms\OAF_beg_neutral_spec.npy
OAF_boat_neutral,neutral,0,data\processed\tess\features\OAF_boat_neutral_mfcc.npy,data\processed\tess\spectrograms\OAF_boat_neutral_spec.npy
OAF_bone_neutral,neutral,0,data\processed\tess\features\OAF_bone_neutral_mfcc.npy,data\processed\tess\spectrograms\OAF_bone_neutral_spec.npy
OAF_book_neutral,neutral,0,data\processed\tess\features\OAF_book_neutral_mfcc.npy,data\processed\tess\spectrograms\OAF_book_neutral_spec.npy
OAF_bought_neutral,neutral,0,data\processed\tess\features\OAF_bought_neutral_mfcc.npy,data\processed\tess\spectrograms\OAF_bought_neutral_spec.npy
OAF_burn_neutral,neutral,0,data\processed\tess\features\OAF_burn_neutral_mfcc.npy,data\processed\tess\spectrograms\OAF_burn_neutral_spec.npy
OAF_cab_neutral,neutral,0,data\processed\tess\features\OAF_cab_neutral_mfcc.npy,data\processed\tess\spectrograms\OAF_cab_neutral_spec.npy
OAF_calm_neutral,neutral,0,data\processed\tess\features\OAF_calm_neutral_mfcc.npy,data\processed\tess\spectrograms\OAF_calm_neutral_spec.npy
OAF_came_neutral,neutral,0,data\processed\tess\features\OAF_came_neutral_mfcc.npy,data\processed\tess\spectrograms\OAF_came_neutral_spec.npy
OAF_cause_neutral,neutral,0,data\processed\tess\features\OAF_cause_neutral_mfcc.npy,data\processed\tess\spectrograms\OAF_cause_neutral_spec.npy
OAF_chain_neutral,neutral,0,data\processed\tess\features\OAF_chain_neutral_mfcc.npy,data\processed\tess\spectrograms\OAF_chain_neutral_spec.npy
OAF_chair_neutral,neutral,0,data\processed\tess\features\OAF_chair_neutral_mfcc.npy,data\processed\tess\spectrograms\OAF_chair_neutral_spec.npy
OAF_chalk_neutral,neutral,0,data\processed\tess\features\OAF_chalk_neutral_mfcc.npy,data\processed\tess\spectrograms\OAF_chalk_neutral_spec.npy
OAF_chat_neutral,neutral,0,data\processed\tess\features\OAF_chat_neutral_mfcc.npy,data\processed\tess\spectrograms\OAF_chat_neutral_spec.npy
OAF_check_neutral,neutral,0,data\processed\tess\features\OAF_check_neutral_mfcc.npy,data\processed\tess\spectrograms\OAF_check_neutral_spec.npy
OAF_cheek_neutral,neutral,0,data\processed\tess\features\OAF_cheek_neutral_mfcc.npy,data\processed\tess\spectrograms\OAF_cheek_neutral_spec.npy
OAF_chief_neutral,neutral,0,data\processed\tess\features\OAF_chief_neutral_mfcc.npy,data\processed\tess\spectrograms\OAF_chief_neutral_spec.npy
OAF_choice_neutral,neutral,0,data\processed\tess\features\OAF_choice_neutral_mfcc.npy,data\processed\tess\spectrograms\OAF_choice_neutral_spec.npy
OAF_cool_neutral,neutral,0,data\processed\tess\features\OAF_cool_neutral_mfcc.npy,data\processed\tess\spectrograms\OAF_cool_neutral_spec.npy
OAF_dab_neutral,neutral,0,data\processed\tess\features\OAF_dab_neutral_mfcc.npy,data\processed\tess\spectrograms\OAF_dab_neutral_spec.npy
OAF_date_neutral,neutral,0,data\processed\tess\features\OAF_date_neutral_mfcc.npy,data\processed\tess\spectrograms\OAF_date_neutral_spec.npy
OAF_dead_neutral,neutral,0,data\processed\tess\features\OAF_dead_neutral_mfcc.npy,data\processed\tess\spectrograms\OAF_dead_neutral_spec.npy
OAF_death_neutral,neutral,0,data\processed\tess\features\OAF_death_neutral_mfcc.npy,data\processed\tess\spectrograms\OAF_death_neutral_spec.npy
OAF_deep_neutral,neutral,0,data\processed\tess\features\OAF_deep_neutral_mfcc.npy,data\processed\tess\spectrograms\OAF_deep_neutral_spec.npy
OAF_dime_neutral,neutral,0,data\processed\tess\features\OAF_dime_neutral_mfcc.npy,data\processed\tess\spectrograms\OAF_dime_neutral_spec.npy
OAF_dip_neutral,neutral,0,data\processed\tess\features\OAF_dip_neutral_mfcc.npy,data\processed\tess\spectrograms\OAF_dip_neutral_spec.npy
OAF_ditch_neutral,neutral,0,data\processed\tess\features\OAF_ditch_neutral_mfcc.npy,data\processed\tess\spectrograms\OAF_ditch_neutral_spec.npy
OAF_dodge_neutral,neutral,0,data\processed\tess\features\OAF_dodge_neutral_mfcc.npy,data\processed\tess\spectrograms\OAF_dodge_neutral_spec.npy
OAF_dog_neutral,neutral,0,data\processed\tess\features\OAF_dog_neutral_mfcc.npy,data\processed\tess\spectrograms\OAF_dog_neutral_spec.npy
OAF_doll_neutral,neutral,0,data\processed\tess\features\OAF_doll_neutral_mfcc.npy,data\processed\tess\spectrograms\OAF_doll_neutral_spec.npy
OAF_door_neutral,neutral,0,data\processed\tess\features\OAF_door_neutral_mfcc.npy,data\processed\tess\spectrograms\OAF_door_neutral_spec.npy
OAF_fail_neutral,neutral,0,data\processed\tess\features\OAF_fail_neutral_mfcc.npy,data\processed\tess\spectrograms\OAF_fail_neutral_spec.npy
OAF_fall_neutral,neutral,0,data\processed\tess\features\OAF_fall_neutral_mfcc.npy,data\processed\tess\spectrograms\OAF_fall_neutral_spec.npy
OAF_far_neutral,neutral,0,data\processed\tess\features\OAF_far_neutral_mfcc.npy,data\processed\tess\spectrograms\OAF_far_neutral_spec.npy
OAF_fat_neutral,neutral,0,data\processed\tess\features\OAF_fat_neutral_mfcc.npy,data\processed\tess\spectrograms\OAF_fat_neutral_spec.npy
OAF_fit_neutral,neutral,0,data\processed\tess\features\OAF_fit_neutral_mfcc.npy,data\processed\tess\spectrograms\OAF_fit_neutral_spec.npy
OAF_five_neutral,neutral,0,data\processed\tess\features\OAF_five_neutral_mfcc.npy,data\processed\tess\spectrograms\OAF_five_neutral_spec.npy
OAF_food_neutral,neutral,0,data\processed\tess\features\OAF_food_neutral_mfcc.npy,data\processed\tess\spectrograms\OAF_food_neutral_spec.npy
OAF_gap_neutral,neutral,0,data\processed\tess\features\OAF_gap_neutral_mfcc.npy,data\processed\tess\spectrograms\OAF_gap_neutral_spec.npy
OAF_gas_neutral,neutral,0,data\processed\tess\features\OAF_gas_neutral_mfcc.npy,data\processed\tess\spectrograms\OAF_gas_neutral_spec.npy
OAF_gaze_neutral,neutral,0,data\processed\tess\features\OAF_gaze_neutral_mfcc.npy,data\processed\tess\spectrograms\OAF_gaze_neutral_spec.npy
OAF_germ_neutral,neutral,0,data\processed\tess\features\OAF_germ_neutral_mfcc.npy,data\processed\tess\spectrograms\OAF_germ_neutral_spec.npy
OAF_get_neutral,neutral,0,data\processed\tess\features\OAF_get_neutral_mfcc.npy,data\processed\tess\spectrograms\OAF_get_neutral_spec.npy
OAF_gin_neutral,neutral,0,data\processed\tess\features\OAF_gin_neutral_mfcc.npy,data\processed\tess\spectrograms\OAF_gin_neutral_spec.npy
OAF_goal_neutral,neutral,0,data\processed\tess\features\OAF_goal_neutral_mfcc.npy,data\processed\tess\spectrograms\OAF_goal_neutral_spec.npy
OAF_good_neutral,neutral,0,data\processed\tess\features\OAF_good_neutral_mfcc.npy,data\processed\tess\spectrograms\OAF_good_neutral_spec.npy
OAF_goose_neutral,neutral,0,data\processed\tess\features\OAF_goose_neutral_mfcc.npy,data\processed\tess\spectrograms\OAF_goose_neutral_spec.npy
OAF_gun_neutral,neutral,0,data\processed\tess\features\OAF_gun_neutral_mfcc.npy,data\processed\tess\spectrograms\OAF_gun_neutral_spec.npy
OAF_half_neutral,neutral,0,data\processed\tess\features\OAF_half_neutral_mfcc.npy,data\processed\tess\spectrograms\OAF_half_neutral_spec.npy
OAF_hall_neutral,neutral,0,data\processed\tess\features\OAF_hall_neutral_mfcc.npy,data\processed\tess\spectrograms\OAF_hall_neutral_spec.npy
OAF_hash_neutral,neutral,0,data\processed\tess\features\OAF_hash_neutral_mfcc.npy,data\processed\tess\spectrograms\OAF_hash_neutral_spec.npy
OAF_hate_neutral,neutral,0,data\processed\tess\features\OAF_hate_neutral_mfcc.npy,data\processed\tess\spectrograms\OAF_hate_neutral_spec.npy
OAF_have_neutral,neutral,0,data\processed\tess\features\OAF_have_neutral_mfcc.npy,data\processed\tess\spectrograms\OAF_have_neutral_spec.npy
OAF_haze_neutral,neutral,0,data\processed\tess\features\OAF_haze_neutral_mfcc.npy,data\processed\tess\spectrograms\OAF_haze_neutral_spec.npy
OAF_hire_neutral,neutral,0,data\processed\tess\features\OAF_hire_neutral_mfcc.npy,data\processed\tess\spectrograms\OAF_hire_neutral_spec.npy
OAF_hit_neutral,neutral,0,data\processed\tess\features\OAF_hit_neutral_mfcc.npy,data\processed\tess\spectrograms\OAF_hit_neutral_spec.npy
OAF_hole_neutral,neutral,0,data\processed\tess\features\OAF_hole_neutral_mfcc.npy,data\processed\tess\spectrograms\OAF_hole_neutral_spec.npy
OAF_home_neutral,neutral,0,data\processed\tess\features\OAF_home_neutral_mfcc.npy,data\processed\tess\spectrograms\OAF_home_neutral_spec.npy
OAF_hurl_neutral,neutral,0,data\processed\tess\features\OAF_hurl_neutral_mfcc.npy,data\processed\tess\spectrograms\OAF_hurl_neutral_spec.npy
OAF_hush_neutral,neutral,0,data\processed\tess\features\OAF_hush_neutral_mfcc.npy,data\processed\tess\spectrograms\OAF_hush_neutral_spec.npy
OAF_jail_neutral,neutral,0,data\processed\tess\features\OAF_jail_neutral_mfcc.npy,data\processed\tess\spectrograms\OAF_jail_neutral_spec.npy
OAF_jar_neutral,neutral,0,data\processed\tess\features\OAF_jar_neutral_mfcc.npy,data\processed\tess\spectrograms\OAF_jar_neutral_spec.npy
OAF_join_neutral,neutral,0,data\processed\tess\features\OAF_join_neutral_mfcc.npy,data\processed\tess\spectrograms\OAF_join_neutral_spec.npy
OAF_judge_neutral,neutral,0,data\processed\tess\features\OAF_judge_neutral_mfcc.npy,data\processed\tess\spectrograms\OAF_judge_neutral_spec.npy
OAF_jug_neutral,neutral,0,data\processed\tess\features\OAF_jug_neutral_mfcc.npy,data\processed\tess\spectrograms\OAF_jug_neutral_spec.npy
OAF_juice_neutral,neutral,0,data\processed\tess\features\OAF_juice_neutral_mfcc.npy,data\processed\tess\spectrograms\OAF_juice_neutral_spec.npy
OAF_keen_neutral,neutral,0,data\processed\tess\features\OAF_keen_neutral_mfcc.npy,data\processed\tess\spectrograms\OAF_keen_neutral_spec.npy
OAF_keep_neutral,neutral,0,data\processed\tess\features\OAF_keep_neutral_mfcc.npy,data\processed\tess\spectrograms\OAF_keep_neutral_spec.npy
OAF_keg_neutral,neutral,0,data\processed\tess\features\OAF_keg_neutral_mfcc.npy,data\processed\tess\spectrograms\OAF_keg_neutral_spec.npy
OAF_kick_neutral,neutral,0,data\processed\tess\features\OAF_kick_neutral_mfcc.npy,data\processed\tess\spectrograms\OAF_kick_neutral_spec.npy
OAF_kill_neutral,neutral,0,data\processed\tess\features\OAF_kill_neutral_mfcc.npy,data\processed\tess\spectrograms\OAF_kill_neutral_spec.npy
OAF_king_neutral,neutral,0,data\processed\tess\features\OAF_king_neutral_mfcc.npy,data\processed\tess\spectrograms\OAF_king_neutral_spec.npy
OAF_kite_neutral,neutral,0,data\processed\tess\features\OAF_kite_neutral_mfcc.npy,data\processed\tess\spectrograms\OAF_kite_neutral_spec.npy
OAF_knock_neutral,neutral,0,data\processed\tess\features\OAF_knock_neutral_mfcc.npy,data\processed\tess\spectrograms\OAF_knock_neutral_spec.npy
OAF_late_neutral,neutral,0,data\processed\tess\features\OAF_late_neutral_mfcc.npy,data\processed\tess\spectrograms\OAF_late_neutral_spec.npy
OAF_laud_neutral,neutral,0,data\processed\tess\features\OAF_laud_neutral_mfcc.npy,data\processed\tess\spectrograms\OAF_laud_neutral_spec.npy
OAF_lean_neutral,neutral,0,data\processed\tess\features\OAF_lean_neutral_mfcc.npy,data\processed\tess\spectrograms\OAF_lean_neutral_spec.npy
OAF_learn_neutral,neutral,0,data\processed\tess\features\OAF_learn_neutral_mfcc.npy,data\processed\tess\spectrograms\OAF_learn_neutral_spec.npy
OAF_lease_neutral,neutral,0,data\processed\tess\features\OAF_lease_neutral_mfcc.npy,data\processed\tess\spectrograms\OAF_lease_neutral_spec.npy
OAF_lid_neutral,neutral,0,data\processed\tess\features\OAF_lid_neutral_mfcc.npy,data\processed\tess\spectrograms\OAF_lid_neutral_spec.npy
OAF_life_neutral,neutral,0,data\processed\tess\features\OAF_life_neutral_mfcc.npy,data\processed\tess\spectrograms\OAF_life_neutral_spec.npy
OAF_limb_neutral,neutral,0,data\processed\tess\features\OAF_limb_neutral_mfcc.npy,data\processed\tess\spectrograms\OAF_limb_neutral_spec.npy
OAF_live_neutral,neutral,0,data\processed\tess\features\OAF_live_neutral_mfcc.npy,data\processed\tess\spectrograms\OAF_live_neutral_spec.npy
OAF_loaf_neutral,neutral,0,data\processed\tess\features\OAF_loaf_neutral_mfcc.npy,data\processed\tess\spectrograms\OAF_loaf_neutral_spec.npy
OAF_long_neutral,neutral,0,data\processed\tess\features\OAF_long_neutral_mfcc.npy,data\processed\tess\spectrograms\OAF_long_neutral_spec.npy
OAF_lore_neutral,neutral,0,data\processed\tess\features\OAF_lore_neutral_mfcc.npy,data\processed\tess\spectrograms\OAF_lore_neutral_spec.npy
OAF_lose_neutral,neutral,0,data\processed\tess\features\OAF_lose_neutral_mfcc.npy,data\processed\tess\spectrograms\OAF_lose_neutral_spec.npy
OAF_lot_neutral,neutral,0,data\processed\tess\features\OAF_lot_neutral_mfcc.npy,data\processed\tess\spectrograms\OAF_lot_neutral_spec.npy
OAF_love_neutral,neutral,0,data\processed\tess\features\OAF_love_neutral_mfcc.npy,data\processed\tess\spectrograms\OAF_love_neutral_spec.npy
OAF_luck_neutral,neutral,0,data\processed\tess\features\OAF_luck_neutral_mfcc.npy,data\processed\tess\spectrograms\OAF_luck_neutral_spec.npy
OAF_make_neutral,neutral,0,data\processed\tess\features\OAF_make_neutral_mfcc.npy,data\processed\tess\spectrograms\OAF_make_neutral_spec.npy
OAF_match_neutral,neutral,0,data\processed\tess\features\OAF_match_neutral_mfcc.npy,data\processed\tess\spectrograms\OAF_match_neutral_spec.npy
OAF_merge_neutral,neutral,0,data\processed\tess\features\OAF_merge_neutral_mfcc.npy,data\processed\tess\spectrograms\OAF_merge_neutral_spec.npy
OAF_mess_neutral,neutral,0,data\processed\tess\features\OAF_mess_neutral_mfcc.npy,data\processed\tess\spectrograms\OAF_mess_neutral_spec.npy
OAF_met_neutral,neutral,0,data\processed\tess\features\OAF_met_neutral_mfcc.npy,data\processed\tess\spectrograms\OAF_met_neutral_spec.npy
OAF_mill_neutral,neutral,0,data\processed\tess\features\OAF_mill_neutral_mfcc.npy,data\processed\tess\spectrograms\OAF_mill_neutral_spec.npy
OAF_mob_neutral,neutral,0,data\processed\tess\features\OAF_mob_neutral_mfcc.npy,data\processed\tess\spectrograms\OAF_mob_neutral_spec.npy
OAF_mode_neutral,neutral,0,data\processed\tess\features\OAF_mode_neutral_mfcc.npy,data\processed\tess\spectrograms\OAF_mode_neutral_spec.npy
OAF_mood_neutral,neutral,0,data\processed\tess\features\OAF_mood_neutral_mfcc.npy,data\processed\tess\spectrograms\OAF_mood_neutral_spec.npy
OAF_moon_neutral,neutral,0,data\processed\tess\features\OAF_moon_neutral_mfcc.npy,data\processed\tess\spectrograms\OAF_moon_neutral_spec.npy
OAF_mop_neutral,neutral,0,data\processed\tess\features\OAF_mop_neutral_mfcc.npy,data\processed\tess\spectrograms\OAF_mop_neutral_spec.npy
OAF_mouse_neutral,neutral,0,data\processed\tess\features\OAF_mouse_neutral_mfcc.npy,data\processed\tess\spectrograms\OAF_mouse_neutral_spec.npy
OAF_nag_neutral,neutral,0,data\processed\tess\features\OAF_nag_neutral_mfcc.npy,data\processed\tess\spectrograms\OAF_nag_neutral_spec.npy
OAF_name_neutral,neutral,0,data\processed\tess\features\OAF_name_neutral_mfcc.npy,data\processed\tess\spectrograms\OAF_name_neutral_spec.npy
OAF_near_neutral,neutral,0,data\processed\tess\features\OAF_near_neutral_mfcc.npy,data\processed\tess\spectrograms\OAF_near_neutral_spec.npy
OAF_neat_neutral,neutral,0,data\processed\tess\features\OAF_neat_neutral_mfcc.npy,data\processed\tess\spectrograms\OAF_neat_neutral_spec.npy
OAF_nice_neutral,neutral,0,data\processed\tess\features\OAF_nice_neutral_mfcc.npy,data\processed\tess\spectrograms\OAF_nice_neutral_spec.npy
OAF_note_neutral,neutral,0,data\processed\tess\features\OAF_note_neutral_mfcc.npy,data\processed\tess\spectrograms\OAF_note_neutral_spec.npy
OAF_numb_neutral,neutral,0,data\processed\tess\features\OAF_numb_neutral_mfcc.npy,data\processed\tess\spectrograms\OAF_numb_neutral_spec.npy
OAF_pad_neutral,neutral,0,data\processed\tess\features\OAF_pad_neutral_mfcc.npy,data\processed\tess\spectrograms\OAF_pad_neutral_spec.npy
OAF_page_neutral,neutral,0,data\processed\tess\features\OAF_page_neutral_mfcc.npy,data\processed\tess\spectrograms\OAF_page_neutral_spec.npy
OAF_pain_neutral,neutral,0,data\processed\tess\features\OAF_pain_neutral_mfcc.npy,data\processed\tess\spectrograms\OAF_pain_neutral_spec.npy
OAF_pass_neutral,neutral,0,data\processed\tess\features\OAF_pass_neutral_mfcc.npy,data\processed\tess\spectrograms\OAF_pass_neutral_spec.npy
OAF_pearl_neutral,neutral,0,data\processed\tess\features\OAF_pearl_neutral_mfcc.npy,data\processed\tess\spectrograms\OAF_pearl_neutral_spec.npy
OAF_peg_neutral,neutral,0,data\processed\tess\features\OAF_peg_neutral_mfcc.npy,data\processed\tess\spectrograms\OAF_peg_neutral_spec.npy
OAF_perch_neutral,neutral,0,data\processed\tess\features\OAF_perch_neutral_mfcc.npy,data\processed\tess\spectrograms\OAF_perch_neutral_spec.npy
OAF_phone_neutral,neutral,0,data\processed\tess\features\OAF_phone_neutral_mfcc.npy,data\processed\tess\spectrograms\OAF_phone_neutral_spec.npy
OAF_pick_neutral,neutral,0,data\processed\tess\features\OAF_pick_neutral_mfcc.npy,data\processed\tess\spectrograms\OAF_pick_neutral_spec.npy
OAF_pike_neutral,neutral,0,data\processed\tess\features\OAF_pike_neutral_mfcc.npy,data\processed\tess\spectrograms\OAF_pike_neutral_spec.npy
OAF_pole_neutral,neutral,0,data\processed\tess\features\OAF_pole_neutral_mfcc.npy,data\processed\tess\spectrograms\OAF_pole_neutral_spec.npy
OAF_pool_neutral,neutral,0,data\processed\tess\features\OAF_pool_neutral_mfcc.npy,data\processed\tess\spectrograms\OAF_pool_neutral_spec.npy
OAF_puff_neutral,neutral,0,data\processed\tess\features\OAF_puff_neutral_mfcc.npy,data\processed\tess\spectrograms\OAF_puff_neutral_spec.npy
OAF_rag_neutral,neutral,0,data\processed\tess\features\OAF_rag_neutral_mfcc.npy,data\processed\tess\spectrograms\OAF_rag_neutral_spec.npy
OAF_raid_neutral,neutral,0,data\processed\tess\features\OAF_raid_neutral_mfcc.npy,data\processed\tess\spectrograms\OAF_raid_neutral_spec.npy
OAF_rain_neutral,neutral,0,data\processed\tess\features\OAF_rain_neutral_mfcc.npy,data\processed\tess\spectrograms\OAF_rain_neutral_spec.npy
OAF_raise_neutral,neutral,0,data\processed\tess\features\OAF_raise_neutral_mfcc.npy,data\processed\tess\spectrograms\OAF_raise_neutral_spec.npy
OAF_rat_neutral,neutral,0,data\processed\tess\features\OAF_rat_neutral_mfcc.npy,data\processed\tess\spectrograms\OAF_rat_neutral_spec.npy
OAF_reach_neutral,neutral,0,data\processed\tess\features\OAF_reach_neutral_mfcc.npy,data\processed\tess\spectrograms\OAF_reach_neutral_spec.npy
OAF_read_neutral,neutral,0,data\processed\tess\features\OAF_read_neutral_mfcc.npy,data\processed\tess\spectrograms\OAF_read_neutral_spec.npy
OAF_red_neutral,neutral,0,data\processed\tess\features\OAF_red_neutral_mfcc.npy,data\processed\tess\spectrograms\OAF_red_neutral_spec.npy
OAF_ring_neutral,neutral,0,data\processed\tess\features\OAF_ring_neutral_mfcc.npy,data\processed\tess\spectrograms\OAF_ring_neutral_spec.npy
OAF_ripe_neutral,neutral,0,data\processed\tess\features\OAF_ripe_neutral_mfcc.npy,data\processed\tess\spectrograms\OAF_ripe_neutral_spec.npy
OAF_road_neutral,neutral,0,data\processed\tess\features\OAF_road_neutral_mfcc.npy,data\processed\tess\spectrograms\OAF_road_neutral_spec.npy
OAF_room_neutral,neutral,0,data\processed\tess\features\OAF_room_neutral_mfcc.npy,data\processed\tess\spectrograms\OAF_room_neutral_spec.npy
OAF_rose_neutral,neutral,0,data\processed\tess\features\OAF_rose_neutral_mfcc.npy,data\processed\tess\spectrograms\OAF_rose_neutral_spec.npy
OAF_rot_neutral,neutral,0,data\processed\tess\features\OAF_rot_neutral_mfcc.npy,data\processed\tess\spectrograms\OAF_rot_neutral_spec.npy
OAF_rough_neutral,neutral,0,data\processed\tess\features\OAF_rough_neutral_mfcc.npy,data\processed\tess\spectrograms\OAF_rough_neutral_spec.npy
OAF_rush_neutral,neutral,0,data\processed\tess\features\OAF_rush_neutral_mfcc.npy,data\processed\tess\spectrograms\OAF_rush_neutral_spec.npy
OAF_said_neutral,neutral,0,data\processed\tess\features\OAF_said_neutral_mfcc.npy,data\processed\tess\spectrograms\OAF_said_neutral_spec.npy
OAF_sail_neutral,neutral,0,data\processed\tess\features\OAF_sail_neutral_mfcc.npy,data\processed\tess\spectrograms\OAF_sail_neutral_spec.npy
OAF_search_neutral,neutral,0,data\processed\tess\features\OAF_search_neutral_mfcc.npy,data\processed\tess\spectrograms\OAF_search_neutral_spec.npy
OAF_seize_neutral,neutral,0,data\processed\tess\features\OAF_seize_neutral_mfcc.npy,data\processed\tess\spectrograms\OAF_seize_neutral_spec.npy
OAF_sell_neutral,neutral,0,data\processed\tess\features\OAF_sell_neutral_mfcc.npy,data\processed\tess\spectrograms\OAF_sell_neutral_spec.npy
OAF_shack_neutral,neutral,0,data\processed\tess\features\OAF_shack_neutral_mfcc.npy,data\processed\tess\spectrograms\OAF_shack_neutral_spec.npy
OAF_shall_neutral,neutral,0,data\processed\tess\features\OAF_shall_neutral_mfcc.npy,data\processed\tess\spectrograms\OAF_shall_neutral_spec.npy
OAF_shawl_neutral,neutral,0,data\processed\tess\features\OAF_shawl_neutral_mfcc.npy,data\processed\tess\spectrograms\OAF_shawl_neutral_spec.npy
OAF_sheep_neutral,neutral,0,data\processed\tess\features\OAF_sheep_neutral_mfcc.npy,data\processed\tess\spectrograms\OAF_sheep_neutral_spec.npy
OAF_shirt_neutral,neutral,0,data\processed\tess\features\OAF_shirt_neutral_mfcc.npy,data\processed\tess\spectrograms\OAF_shirt_neutral_spec.npy
OAF_should_neutral,neutral,0,data\processed\tess\features\OAF_should_neutral_mfcc.npy,data\processed\tess\spectrograms\OAF_should_neutral_spec.npy
OAF_shout_neutral,neutral,0,data\processed\tess\features\OAF_shout_neutral_mfcc.npy,data\processed\tess\spectrograms\OAF_shout_neutral_spec.npy
OAF_size_neutral,neutral,0,data\processed\tess\features\OAF_size_neutral_mfcc.npy,data\processed\tess\spectrograms\OAF_size_neutral_spec.npy
OAF_soap_neutral,neutral,0,data\processed\tess\features\OAF_soap_neutral_mfcc.npy,data\processed\tess\spectrograms\OAF_soap_neutral_spec.npy
OAF_soup_neutral,neutral,0,data\processed\tess\features\OAF_soup_neutral_mfcc.npy,data\processed\tess\spectrograms\OAF_soup_neutral_spec.npy
OAF_sour_neutral,neutral,0,data\processed\tess\features\OAF_sour_neutral_mfcc.npy,data\processed\tess\spectrograms\OAF_sour_neutral_spec.npy
OAF_south_neutral,neutral,0,data\processed\tess\features\OAF_south_neutral_mfcc.npy,data\processed\tess\spectrograms\OAF_south_neutral_spec.npy
OAF_sub_neutral,neutral,0,data\processed\tess\features\OAF_sub_neutral_mfcc.npy,data\processed\tess\spectrograms\OAF_sub_neutral_spec.npy
OAF_such_neutral,neutral,0,data\processed\tess\features\OAF_such_neutral_mfcc.npy,data\processed\tess\spectrograms\OAF_such_neutral_spec.npy
OAF_sure_neutral,neutral,0,data\processed\tess\features\OAF_sure_neutral_mfcc.npy,data\processed\tess\spectrograms\OAF_sure_neutral_spec.npy
OAF_take_neutral,neutral,0,data\processed\tess\features\OAF_take_neutral_mfcc.npy,data\processed\tess\spectrograms\OAF_take_neutral_spec.npy
OAF_talk_neutral,neutral,0,data\processed\tess\features\OAF_talk_neutral_mfcc.npy,data\processed\tess\spectrograms\OAF_talk_neutral_spec.npy
OAF_tape_neutral,neutral,0,data\processed\tess\features\OAF_tape_neutral_mfcc.npy,data\processed\tess\spectrograms\OAF_tape_neutral_spec.npy
OAF_team_neutral,neutral,0,data\processed\tess\features\OAF_team_neutral_mfcc.npy,data\processed\tess\spectrograms\OAF_team_neutral_spec.npy
OAF_tell_neutral,neutral,0,data\processed\tess\features\OAF_tell_neutral_mfcc.npy,data\processed\tess\spectrograms\OAF_tell_neutral_spec.npy
OAF_thin_neutral,neutral,0,data\processed\tess\features\OAF_thin_neutral_mfcc.npy,data\processed\tess\spectrograms\OAF_thin_neutral_spec.npy
OAF_third_neutral,neutral,0,data\processed\tess\features\OAF_third_neutral_mfcc.npy,data\processed\tess\spectrograms\OAF_third_neutral_spec.npy
OAF_thought_neutral,neutral,0,data\processed\tess\features\OAF_thought_neutral_mfcc.npy,data\processed\tess\spectrograms\OAF_thought_neutral_spec.npy
OAF_thumb_neutral,neutral,0,data\processed\tess\features\OAF_thumb_neutral_mfcc.npy,data\processed\tess\spectrograms\OAF_thumb_neutral_spec.npy
OAF_time_neutral,neutral,0,data\processed\tess\features\OAF_time_neutral_mfcc.npy,data\processed\tess\spectrograms\OAF_time_neutral_spec.npy
OAF_tip_neutral,neutral,0,data\processed\tess\features\OAF_tip_neutral_mfcc.npy,data\processed\tess\spectrograms\OAF_tip_neutral_spec.npy
OAF_tire_neutral,neutral,0,data\processed\tess\features\OAF_tire_neutral_mfcc.npy,data\processed\tess\spectrograms\OAF_tire_neutral_spec.npy
OAF_ton_neutral,neutral,0,data\processed\tess\features\OAF_ton_neutral_mfcc.npy,data\processed\tess\spectrograms\OAF_ton_neutral_spec.npy
OAF_tool_neutral,neutral,0,data\processed\tess\features\OAF_tool_neutral_mfcc.npy,data\processed\tess\spectrograms\OAF_tool_neutral_spec.npy
OAF_tough_neutral,neutral,0,data\processed\tess\features\OAF_tough_neutral_mfcc.npy,data\processed\tess\spectrograms\OAF_tough_neutral_spec.npy
OAF_turn_neutral,neutral,0,data\processed\tess\features\OAF_turn_neutral_mfcc.npy,data\processed\tess\spectrograms\OAF_turn_neutral_spec.npy
OAF_vine_neutral,neutral,0,data\processed\tess\features\OAF_vine_neutral_mfcc.npy,data\processed\tess\spectrograms\OAF_vine_neutral_spec.npy
OAF_voice_neutral,neutral,0,data\processed\tess\features\OAF_voice_neutral_mfcc.npy,data\processed\tess\spectrograms\OAF_voice_neutral_spec.npy
OAF_void_neutral,neutral,0,data\processed\tess\features\OAF_void_neutral_mfcc.npy,data\processed\tess\spectrograms\OAF_void_neutral_spec.npy
OAF_vote_neutral,neutral,0,data\processed\tess\features\OAF_vote_neutral_mfcc.npy,data\processed\tess\spectrograms\OAF_vote_neutral_spec.npy
OAF_wag_neutral,neutral,0,data\processed\tess\features\OAF_wag_neutral_mfcc.npy,data\processed\tess\spectrograms\OAF_wag_neutral_spec.npy
OAF_walk_neutral,neutral,0,data\processed\tess\features\OAF_walk_neutral_mfcc.npy,data\processed\tess\spectrograms\OAF_walk_neutral_spec.npy
OAF_wash_neutral,neutral,0,data\processed\tess\features\OAF_wash_neutral_mfcc.npy,data\processed\tess\spectrograms\OAF_wash_neutral_spec.npy
OAF_week_neutral,neutral,0,data\processed\tess\features\OAF_week_neutral_mfcc.npy,data\processed\tess\spectrograms\OAF_week_neutral_spec.npy
OAF_wheat_neutral,neutral,0,data\processed\tess\features\OAF_wheat_neutral_mfcc.npy,data\processed\tess\spectrograms\OAF_wheat_neutral_spec.npy
OAF_when_neutral,neutral,0,data\processed\tess\features\OAF_when_neutral_mfcc.npy,data\processed\tess\spectrograms\OAF_when_neutral_spec.npy
OAF_which_neutral,neutral,0,data\processed\tess\features\OAF_which_neutral_mfcc.npy,data\processed\tess\spectrograms\OAF_which_neutral_spec.npy
OAF_whip_neutral,neutral,0,data\processed\tess\features\OAF_whip_neutral_mfcc.npy,data\processed\tess\spectrograms\OAF_whip_neutral_spec.npy
OAF_white_neutral,neutral,0,data\processed\tess\features\OAF_white_neutral_mfcc.npy,data\processed\tess\spectrograms\OAF_white_neutral_spec.npy
OAF_wife_neutral,neutral,0,data\processed\tess\features\OAF_wife_neutral_mfcc.npy,data\processed\tess\spectrograms\OAF_wife_neutral_spec.npy
OAF_wire_neutral,neutral,0,data\processed\tess\features\OAF_wire_neutral_mfcc.npy,data\processed\tess\spectrograms\OAF_wire_neutral_spec.npy
OAF_witch_neutral,neutral,0,data\processed\tess\features\OAF_witch_neutral_mfcc.npy,data\processed\tess\spectrograms\OAF_witch_neutral_spec.npy
OAF_yearn_neutral,neutral,0,data\processed\tess\features\OAF_yearn_neutral_mfcc.npy,data\processed\tess\spectrograms\OAF_yearn_neutral_spec.npy
OAF_yes_neutral,neutral,0,data\processed\tess\features\OAF_yes_neutral_mfcc.npy,data\processed\tess\spectrograms\OAF_yes_neutral_spec.npy
OAF_young_neutral,neutral,0,data\processed\tess\features\OAF_young_neutral_mfcc.npy,data\processed\tess\spectrograms\OAF_young_neutral_spec.npy
OAF_youth_neutral,neutral,0,data\processed\tess\features\OAF_youth_neutral_mfcc.npy,data\processed\tess\spectrograms\OAF_youth_neutral_spec.npy
OA_bite_neutral,neutral,0,data\processed\tess\features\OA_bite_neutral_mfcc.npy,data\processed\tess\spectrograms\OA_bite_neutral_spec.npy
OAF_back_ps,ps,0,data\processed\tess\features\OAF_back_ps_mfcc.npy,data\processed\tess\spectrograms\OAF_back_ps_spec.npy
OAF_bar_ps,ps,0,data\processed\tess\features\OAF_bar_ps_mfcc.npy,data\processed\tess\spectrograms\OAF_bar_ps_spec.npy
OAF_base_ps,ps,0,data\processed\tess\features\OAF_base_ps_mfcc.npy,data\processed\tess\spectrograms\OAF_base_ps_spec.npy
OAF_bath_ps,ps,0,data\processed\tess\features\OAF_bath_ps_mfcc.npy,data\processed\tess\spectrograms\OAF_bath_ps_spec.npy
OAF_bean_ps,ps,0,data\processed\tess\features\OAF_bean_ps_mfcc.npy,data\processed\tess\spectrograms\OAF_bean_ps_spec.npy
OAF_beg_ps,ps,0,data\processed\tess\features\OAF_beg_ps_mfcc.npy,data\processed\tess\spectrograms\OAF_beg_ps_spec.npy
OAF_bite_ps,ps,0,data\processed\tess\features\OAF_bite_ps_mfcc.npy,data\processed\tess\spectrograms\OAF_bite_ps_spec.npy
OAF_boat_ps,ps,0,data\processed\tess\features\OAF_boat_ps_mfcc.npy,data\processed\tess\spectrograms\OAF_boat_ps_spec.npy
OAF_bone_ps,ps,0,data\processed\tess\features\OAF_bone_ps_mfcc.npy,data\processed\tess\spectrograms\OAF_bone_ps_spec.npy
OAF_book_ps,ps,0,data\processed\tess\features\OAF_book_ps_mfcc.npy,data\processed\tess\spectrograms\OAF_book_ps_spec.npy
OAF_bought_ps,ps,0,data\processed\tess\features\OAF_bought_ps_mfcc.npy,data\processed\tess\spectrograms\OAF_bought_ps_spec.npy
OAF_burn_ps,ps,0,data\processed\tess\features\OAF_burn_ps_mfcc.npy,data\processed\tess\spectrograms\OAF_burn_ps_spec.npy
OAF_cab_ps,ps,0,data\processed\tess\features\OAF_cab_ps_mfcc.npy,data\processed\tess\spectrograms\OAF_cab_ps_spec.npy
OAF_calm_ps,ps,0,data\processed\tess\features\OAF_calm_ps_mfcc.npy,data\processed\tess\spectrograms\OAF_calm_ps_spec.npy
OAF_came_ps,ps,0,data\processed\tess\features\OAF_came_ps_mfcc.npy,data\processed\tess\spectrograms\OAF_came_ps_spec.npy
OAF_cause_ps,ps,0,data\processed\tess\features\OAF_cause_ps_mfcc.npy,data\processed\tess\spectrograms\OAF_cause_ps_spec.npy
OAF_chain_ps,ps,0,data\processed\tess\features\OAF_chain_ps_mfcc.npy,data\processed\tess\spectrograms\OAF_chain_ps_spec.npy
OAF_chair_ps,ps,0,data\processed\tess\features\OAF_chair_ps_mfcc.npy,data\processed\tess\spectrograms\OAF_chair_ps_spec.npy
OAF_chalk_ps,ps,0,data\processed\tess\features\OAF_chalk_ps_mfcc.npy,data\processed\tess\spectrograms\OAF_chalk_ps_spec.npy
OAF_chat_ps,ps,0,data\processed\tess\features\OAF_chat_ps_mfcc.npy,data\processed\tess\spectrograms\OAF_chat_ps_spec.npy
OAF_check_ps,ps,0,data\processed\tess\features\OAF_check_ps_mfcc.npy,data\processed\tess\spectrograms\OAF_check_ps_spec.npy
OAF_cheek_ps,ps,0,data\processed\tess\features\OAF_cheek_ps_mfcc.npy,data\processed\tess\spectrograms\OAF_cheek_ps_spec.npy
OAF_chief_ps,ps,0,data\processed\tess\features\OAF_chief_ps_mfcc.npy,data\processed\tess\spectrograms\OAF_chief_ps_spec.npy
OAF_choice_ps,ps,0,data\processed\tess\features\OAF_choice_ps_mfcc.npy,data\processed\tess\spectrograms\OAF_choice_ps_spec.npy
OAF_cool_ps,ps,0,data\processed\tess\features\OAF_cool_ps_mfcc.npy,data\processed\tess\spectrograms\OAF_cool_ps_spec.npy
OAF_dab_ps,ps,0,data\processed\tess\features\OAF_dab_ps_mfcc.npy,data\processed\tess\spectrograms\OAF_dab_ps_spec.npy
OAF_date_ps,ps,0,data\processed\tess\features\OAF_date_ps_mfcc.npy,data\processed\tess\spectrograms\OAF_date_ps_spec.npy
OAF_dead_ps,ps,0,data\processed\tess\features\OAF_dead_ps_mfcc.npy,data\processed\tess\spectrograms\OAF_dead_ps_spec.npy
OAF_death_ps,ps,0,data\processed\tess\features\OAF_death_ps_mfcc.npy,data\processed\tess\spectrograms\OAF_death_ps_spec.npy
OAF_deep_ps,ps,0,data\processed\tess\features\OAF_deep_ps_mfcc.npy,data\processed\tess\spectrograms\OAF_deep_ps_spec.npy
OAF_dime_ps,ps,0,data\processed\tess\features\OAF_dime_ps_mfcc.npy,data\processed\tess\spectrograms\OAF_dime_ps_spec.npy
OAF_dip_ps,ps,0,data\processed\tess\features\OAF_dip_ps_mfcc.npy,data\processed\tess\spectrograms\OAF_dip_ps_spec.npy
OAF_ditch_ps,ps,0,data\processed\tess\features\OAF_ditch_ps_mfcc.npy,data\processed\tess\spectrograms\OAF_ditch_ps_spec.npy
OAF_dodge_ps,ps,0,data\processed\tess\features\OAF_dodge_ps_mfcc.npy,data\processed\tess\spectrograms\OAF_dodge_ps_spec.npy
OAF_dog_ps,ps,0,data\processed\tess\features\OAF_dog_ps_mfcc.npy,data\processed\tess\spectrograms\OAF_dog_ps_spec.npy
OAF_doll_ps,ps,0,data\processed\tess\features\OAF_doll_ps_mfcc.npy,data\processed\tess\spectrograms\OAF_doll_ps_spec.npy
OAF_door_ps,ps,0,data\processed\tess\features\OAF_door_ps_mfcc.npy,data\processed\tess\spectrograms\OAF_door_ps_spec.npy
OAF_fail_ps,ps,0,data\processed\tess\features\OAF_fail_ps_mfcc.npy,data\processed\tess\spectrograms\OAF_fail_ps_spec.npy
OAF_fall_ps,ps,0,data\processed\tess\features\OAF_fall_ps_mfcc.npy,data\processed\tess\spectrograms\OAF_fall_ps_spec.npy
OAF_far_ps,ps,0,data\processed\tess\features\OAF_far_ps_mfcc.npy,data\processed\tess\spectrograms\OAF_far_ps_spec.npy
OAF_fat_ps,ps,0,data\processed\tess\features\OAF_fat_ps_mfcc.npy,data\processed\tess\spectrograms\OAF_fat_ps_spec.npy
OAF_fit_ps,ps,0,data\processed\tess\features\OAF_fit_ps_mfcc.npy,data\processed\tess\spectrograms\OAF_fit_ps_spec.npy
OAF_five_ps,ps,0,data\processed\tess\features\OAF_five_ps_mfcc.npy,data\processed\tess\spectrograms\OAF_five_ps_spec.npy
OAF_food_ps,ps,0,data\processed\tess\features\OAF_food_ps_mfcc.npy,data\processed\tess\spectrograms\OAF_food_ps_spec.npy
OAF_gap_ps,ps,0,data\processed\tess\features\OAF_gap_ps_mfcc.npy,data\processed\tess\spectrograms\OAF_gap_ps_spec.npy
OAF_gas_ps,ps,0,data\processed\tess\features\OAF_gas_ps_mfcc.npy,data\processed\tess\spectrograms\OAF_gas_ps_spec.npy
OAF_gaze_ps,ps,0,data\processed\tess\features\OAF_gaze_ps_mfcc.npy,data\processed\tess\spectrograms\OAF_gaze_ps_spec.npy
OAF_germ_ps,ps,0,data\processed\tess\features\OAF_germ_ps_mfcc.npy,data\processed\tess\spectrograms\OAF_germ_ps_spec.npy
OAF_get_ps,ps,0,data\processed\tess\features\OAF_get_ps_mfcc.npy,data\processed\tess\spectrograms\OAF_get_ps_spec.npy
OAF_gin_ps,ps,0,data\processed\tess\features\OAF_gin_ps_mfcc.npy,data\processed\tess\spectrograms\OAF_gin_ps_spec.npy
OAF_goal_ps,ps,0,data\processed\tess\features\OAF_goal_ps_mfcc.npy,data\processed\tess\spectrograms\OAF_goal_ps_spec.npy
OAF_good_ps,ps,0,data\processed\tess\features\OAF_good_ps_mfcc.npy,data\processed\tess\spectrograms\OAF_good_ps_spec.npy
OAF_goose_ps,ps,0,data\processed\tess\features\OAF_goose_ps_mfcc.npy,data\processed\tess\spectrograms\OAF_goose_ps_spec.npy
OAF_gun_ps,ps,0,data\processed\tess\features\OAF_gun_ps_mfcc.npy,data\processed\tess\spectrograms\OAF_gun_ps_spec.npy
OAF_half_ps,ps,0,data\processed\tess\features\OAF_half_ps_mfcc.npy,data\processed\tess\spectrograms\OAF_half_ps_spec.npy
OAF_hall_ps,ps,0,data\processed\tess\features\OAF_hall_ps_mfcc.npy,data\processed\tess\spectrograms\OAF_hall_ps_spec.npy
OAF_hash_ps,ps,0,data\processed\tess\features\OAF_hash_ps_mfcc.npy,data\processed\tess\spectrograms\OAF_hash_ps_spec.npy
OAF_hate_ps,ps,0,data\processed\tess\features\OAF_hate_ps_mfcc.npy,data\processed\tess\spectrograms\OAF_hate_ps_spec.npy
OAF_have_ps,ps,0,data\processed\tess\features\OAF_have_ps_mfcc.npy,data\processed\tess\spectrograms\OAF_have_ps_spec.npy
OAF_haze_ps,ps,0,data\processed\tess\features\OAF_haze_ps_mfcc.npy,data\processed\tess\spectrograms\OAF_haze_ps_spec.npy
OAF_hire_ps,ps,0,data\processed\tess\features\OAF_hire_ps_mfcc.npy,data\processed\tess\spectrograms\OAF_hire_ps_spec.npy
OAF_hit_ps,ps,0,data\processed\tess\features\OAF_hit_ps_mfcc.npy,data\processed\tess\spectrograms\OAF_hit_ps_spec.npy
OAF_hole_ps,ps,0,data\processed\tess\features\OAF_hole_ps_mfcc.npy,data\processed\tess\spectrograms\OAF_hole_ps_spec.npy
OAF_home_ps,ps,0,data\processed\tess\features\OAF_home_ps_mfcc.npy,data\processed\tess\spectrograms\OAF_home_ps_spec.npy
OAF_hurl_ps,ps,0,data\processed\tess\features\OAF_hurl_ps_mfcc.npy,data\processed\tess\spectrograms\OAF_hurl_ps_spec.npy
OAF_hush_ps,ps,0,data\processed\tess\features\OAF_hush_ps_mfcc.npy,data\processed\tess\spectrograms\OAF_hush_ps_spec.npy
OAF_jail_ps,ps,0,data\processed\tess\features\OAF_jail_ps_mfcc.npy,data\processed\tess\spectrograms\OAF_jail_ps_spec.npy
OAF_jar_ps,ps,0,data\processed\tess\features\OAF_jar_ps_mfcc.npy,data\processed\tess\spectrograms\OAF_jar_ps_spec.npy
OAF_join_ps,ps,0,data\processed\tess\features\OAF_join_ps_mfcc.npy,data\processed\tess\spectrograms\OAF_join_ps_spec.npy
OAF_judge_ps,ps,0,data\processed\tess\features\OAF_judge_ps_mfcc.npy,data\processed\tess\spectrograms\OAF_judge_ps_spec.npy
OAF_jug_ps,ps,0,data\processed\tess\features\OAF_jug_ps_mfcc.npy,data\processed\tess\spectrograms\OAF_jug_ps_spec.npy
OAF_juice_ps,ps,0,data\processed\tess\features\OAF_juice_ps_mfcc.npy,data\processed\tess\spectrograms\OAF_juice_ps_spec.npy
OAF_keen_ps,ps,0,data\processed\tess\features\OAF_keen_ps_mfcc.npy,data\processed\tess\spectrograms\OAF_keen_ps_spec.npy
OAF_keep_ps,ps,0,data\processed\tess\features\OAF_keep_ps_mfcc.npy,data\processed\tess\spectrograms\OAF_keep_ps_spec.npy
OAF_keg_ps,ps,0,data\processed\tess\features\OAF_keg_ps_mfcc.npy,data\processed\tess\spectrograms\OAF_keg_ps_spec.npy
OAF_kick_ps,ps,0,data\processed\tess\features\OAF_kick_ps_mfcc.npy,data\processed\tess\spectrograms\OAF_kick_ps_spec.npy
OAF_kill_ps,ps,0,data\processed\tess\features\OAF_kill_ps_mfcc.npy,data\processed\tess\spectrograms\OAF_kill_ps_spec.npy
OAF_king_ps,ps,0,data\processed\tess\features\OAF_king_ps_mfcc.npy,data\processed\tess\spectrograms\OAF_king_ps_spec.npy
OAF_kite_ps,ps,0,data\processed\tess\features\OAF_kite_ps_mfcc.npy,data\processed\tess\spectrograms\OAF_kite_ps_spec.npy
OAF_knock_ps,ps,0,data\processed\tess\features\OAF_knock_ps_mfcc.npy,data\processed\tess\spectrograms\OAF_knock_ps_spec.npy
OAF_late_ps,ps,0,data\processed\tess\features\OAF_late_ps_mfcc.npy,data\processed\tess\spectrograms\OAF_late_ps_spec.npy
OAF_laud_ps,ps,0,data\processed\tess\features\OAF_laud_ps_mfcc.npy,data\processed\tess\spectrograms\OAF_laud_ps_spec.npy
OAF_lean_ps,ps,0,data\processed\tess\features\OAF_lean_ps_mfcc.npy,data\processed\tess\spectrograms\OAF_lean_ps_spec.npy
OAF_learn_ps,ps,0,data\processed\tess\features\OAF_learn_ps_mfcc.npy,data\processed\tess\spectrograms\OAF_learn_ps_spec.npy
OAF_lease_ps,ps,0,data\processed\tess\features\OAF_lease_ps_mfcc.npy,data\processed\tess\spectrograms\OAF_lease_ps_spec.npy
OAF_lid_ps,ps,0,data\processed\tess\features\OAF_lid_ps_mfcc.npy,data\processed\tess\spectrograms\OAF_lid_ps_spec.npy
OAF_life_ps,ps,0,data\processed\tess\features\OAF_life_ps_mfcc.npy,data\processed\tess\spectrograms\OAF_life_ps_spec.npy
OAF_limb_ps,ps,0,data\processed\tess\features\OAF_limb_ps_mfcc.npy,data\processed\tess\spectrograms\OAF_limb_ps_spec.npy
OAF_live_ps,ps,0,data\processed\tess\features\OAF_live_ps_mfcc.npy,data\processed\tess\spectrograms\OAF_live_ps_spec.npy
OAF_loaf_ps,ps,0,data\processed\tess\features\OAF_loaf_ps_mfcc.npy,data\processed\tess\spectrograms\OAF_loaf_ps_spec.npy
OAF_long_ps,ps,0,data\processed\tess\features\OAF_long_ps_mfcc.npy,data\processed\tess\spectrograms\OAF_long_ps_spec.npy
OAF_lore_ps,ps,0,data\processed\tess\features\OAF_lore_ps_mfcc.npy,data\processed\tess\spectrograms\OAF_lore_ps_spec.npy
OAF_lose_ps,ps,0,data\processed\tess\features\OAF_lose_ps_mfcc.npy,data\processed\tess\spectrograms\OAF_lose_ps_spec.npy
OAF_lot_ps,ps,0,data\processed\tess\features\OAF_lot_ps_mfcc.npy,data\processed\tess\spectrograms\OAF_lot_ps_spec.npy
OAF_love_ps,ps,0,data\processed\tess\features\OAF_love_ps_mfcc.npy,data\processed\tess\spectrograms\OAF_love_ps_spec.npy
OAF_luck_ps,ps,0,data\processed\tess\features\OAF_luck_ps_mfcc.npy,data\processed\tess\spectrograms\OAF_luck_ps_spec.npy
OAF_make_ps,ps,0,data\processed\tess\features\OAF_make_ps_mfcc.npy,data\processed\tess\spectrograms\OAF_make_ps_spec.npy
OAF_match_ps,ps,0,data\processed\tess\features\OAF_match_ps_mfcc.npy,data\processed\tess\spectrograms\OAF_match_ps_spec.npy
OAF_merge_ps,ps,0,data\processed\tess\features\OAF_merge_ps_mfcc.npy,data\processed\tess\spectrograms\OAF_merge_ps_spec.npy
OAF_mess_ps,ps,0,data\processed\tess\features\OAF_mess_ps_mfcc.npy,data\processed\tess\spectrograms\OAF_mess_ps_spec.npy
OAF_met_ps,ps,0,data\processed\tess\features\OAF_met_ps_mfcc.npy,data\processed\tess\spectrograms\OAF_met_ps_spec.npy
OAF_mill_ps,ps,0,data\processed\tess\features\OAF_mill_ps_mfcc.npy,data\processed\tess\spectrograms\OAF_mill_ps_spec.npy
OAF_mob_ps,ps,0,data\processed\tess\features\OAF_mob_ps_mfcc.npy,data\processed\tess\spectrograms\OAF_mob_ps_spec.npy
OAF_mode_ps,ps,0,data\processed\tess\features\OAF_mode_ps_mfcc.npy,data\processed\tess\spectrograms\OAF_mode_ps_spec.npy
OAF_mood_ps,ps,0,data\processed\tess\features\OAF_mood_ps_mfcc.npy,data\processed\tess\spectrograms\OAF_mood_ps_spec.npy
OAF_moon_ps,ps,0,data\processed\tess\features\OAF_moon_ps_mfcc.npy,data\processed\tess\spectrograms\OAF_moon_ps_spec.npy
OAF_mop_ps,ps,0,data\processed\tess\features\OAF_mop_ps_mfcc.npy,data\processed\tess\spectrograms\OAF_mop_ps_spec.npy
OAF_mouse_ps,ps,0,data\processed\tess\features\OAF_mouse_ps_mfcc.npy,data\processed\tess\spectrograms\OAF_mouse_ps_spec.npy
OAF_nag_ps,ps,0,data\processed\tess\features\OAF_nag_ps_mfcc.npy,data\processed\tess\spectrograms\OAF_nag_ps_spec.npy
OAF_name_ps,ps,0,data\processed\tess\features\OAF_name_ps_mfcc.npy,data\processed\tess\spectrograms\OAF_name_ps_spec.npy
OAF_near_ps,ps,0,data\processed\tess\features\OAF_near_ps_mfcc.npy,data\processed\tess\spectrograms\OAF_near_ps_spec.npy
OAF_neat_ps,ps,0,data\processed\tess\features\OAF_neat_ps_mfcc.npy,data\processed\tess\spectrograms\OAF_neat_ps_spec.npy
OAF_nice_ps,ps,0,data\processed\tess\features\OAF_nice_ps_mfcc.npy,data\processed\tess\spectrograms\OAF_nice_ps_spec.npy
OAF_note_ps,ps,0,data\processed\tess\features\OAF_note_ps_mfcc.npy,data\processed\tess\spectrograms\OAF_note_ps_spec.npy
OAF_numb_ps,ps,0,data\processed\tess\features\OAF_numb_ps_mfcc.npy,data\processed\tess\spectrograms\OAF_numb_ps_spec.npy
OAF_pad_ps,ps,0,data\processed\tess\features\OAF_pad_ps_mfcc.npy,data\processed\tess\spectrograms\OAF_pad_ps_spec.npy
OAF_page_ps,ps,0,data\processed\tess\features\OAF_page_ps_mfcc.npy,data\processed\tess\spectrograms\OAF_page_ps_spec.npy
OAF_pain_ps,ps,0,data\processed\tess\features\OAF_pain_ps_mfcc.npy,data\processed\tess\spectrograms\OAF_pain_ps_spec.npy
OAF_pass_ps,ps,0,data\processed\tess\features\OAF_pass_ps_mfcc.npy,data\processed\tess\spectrograms\OAF_pass_ps_spec.npy
OAF_pearl_ps,ps,0,data\processed\tess\features\OAF_pearl_ps_mfcc.npy,data\processed\tess\spectrograms\OAF_pearl_ps_spec.npy
OAF_peg_ps,ps,0,data\processed\tess\features\OAF_peg_ps_mfcc.npy,data\processed\tess\spectrograms\OAF_peg_ps_spec.npy
OAF_perch_ps,ps,0,data\processed\tess\features\OAF_perch_ps_mfcc.npy,data\processed\tess\spectrograms\OAF_perch_ps_spec.npy
OAF_phone_ps,ps,0,data\processed\tess\features\OAF_phone_ps_mfcc.npy,data\processed\tess\spectrograms\OAF_phone_ps_spec.npy
OAF_pick_ps,ps,0,data\processed\tess\features\OAF_pick_ps_mfcc.npy,data\processed\tess\spectrograms\OAF_pick_ps_spec.npy
OAF_pike_ps,ps,0,data\processed\tess\features\OAF_pike_ps_mfcc.npy,data\processed\tess\spectrograms\OAF_pike_ps_spec.npy
OAF_pole_ps,ps,0,data\processed\tess\features\OAF_pole_ps_mfcc.npy,data\processed\tess\spectrograms\OAF_pole_ps_spec.npy
OAF_pool_ps,ps,0,data\processed\tess\features\OAF_pool_ps_mfcc.npy,data\processed\tess\spectrograms\OAF_pool_ps_spec.npy
OAF_puff_ps,ps,0,data\processed\tess\features\OAF_puff_ps_mfcc.npy,data\processed\tess\spectrograms\OAF_puff_ps_spec.npy
OAF_rag_ps,ps,0,data\processed\tess\features\OAF_rag_ps_mfcc.npy,data\processed\tess\spectrograms\OAF_rag_ps_spec.npy
OAF_raid_ps,ps,0,data\processed\tess\features\OAF_raid_ps_mfcc.npy,data\processed\tess\spectrograms\OAF_raid_ps_spec.npy
OAF_rain_ps,ps,0,data\processed\tess\features\OAF_rain_ps_mfcc.npy,data\processed\tess\spectrograms\OAF_rain_ps_spec.npy
OAF_raise_ps,ps,0,data\processed\tess\features\OAF_raise_ps_mfcc.npy,data\processed\tess\spectrograms\OAF_raise_ps_spec.npy
OAF_rat_ps,ps,0,data\processed\tess\features\OAF_rat_ps_mfcc.npy,data\processed\tess\spectrograms\OAF_rat_ps_spec.npy
OAF_reach_ps,ps,0,data\processed\tess\features\OAF_reach_ps_mfcc.npy,data\processed\tess\spectrograms\OAF_reach_ps_spec.npy
OAF_read_ps,ps,0,data\processed\tess\features\OAF_read_ps_mfcc.npy,data\processed\tess\spectrograms\OAF_read_ps_spec.npy
OAF_red_ps,ps,0,data\processed\tess\features\OAF_red_ps_mfcc.npy,data\processed\tess\spectrograms\OAF_red_ps_spec.npy
OAF_ring_ps,ps,0,data\processed\tess\features\OAF_ring_ps_mfcc.npy,data\processed\tess\spectrograms\OAF_ring_ps_spec.npy
OAF_ripe_ps,ps,0,data\processed\tess\features\OAF_ripe_ps_mfcc.npy,data\processed\tess\spectrograms\OAF_ripe_ps_spec.npy
OAF_road_ps,ps,0,data\processed\tess\features\OAF_road_ps_mfcc.npy,data\processed\tess\spectrograms\OAF_road_ps_spec.npy
OAF_room_ps,ps,0,data\processed\tess\features\OAF_room_ps_mfcc.npy,data\processed\tess\spectrograms\OAF_room_ps_spec.npy
OAF_rose_ps,ps,0,data\processed\tess\features\OAF_rose_ps_mfcc.npy,data\processed\tess\spectrograms\OAF_rose_ps_spec.npy
OAF_rot_ps,ps,0,data\processed\tess\features\OAF_rot_ps_mfcc.npy,data\processed\tess\spectrograms\OAF_rot_ps_spec.npy
OAF_rough_ps,ps,0,data\processed\tess\features\OAF_rough_ps_mfcc.npy,data\processed\tess\spectrograms\OAF_rough_ps_spec.npy
OAF_rush_ps,ps,0,data\processed\tess\features\OAF_rush_ps_mfcc.npy,data\processed\tess\spectrograms\OAF_rush_ps_spec.npy
OAF_said_ps,ps,0,data\processed\tess\features\OAF_said_ps_mfcc.npy,data\processed\tess\spectrograms\OAF_said_ps_spec.npy
OAF_sail_ps,ps,0,data\processed\tess\features\OAF_sail_ps_mfcc.npy,data\processed\tess\spectrograms\OAF_sail_ps_spec.npy
OAF_search_ps,ps,0,data\processed\tess\features\OAF_search_ps_mfcc.npy,data\processed\tess\spectrograms\OAF_search_ps_spec.npy
OAF_seize_ps,ps,0,data\processed\tess\features\OAF_seize_ps_mfcc.npy,data\processed\tess\spectrograms\OAF_seize_ps_spec.npy
OAF_sell_ps,ps,0,data\processed\tess\features\OAF_sell_ps_mfcc.npy,data\processed\tess\spectrograms\OAF_sell_ps_spec.npy
OAF_shack_ps,ps,0,data\processed\tess\features\OAF_shack_ps_mfcc.npy,data\processed\tess\spectrograms\OAF_shack_ps_spec.npy
OAF_shall_ps,ps,0,data\processed\tess\features\OAF_shall_ps_mfcc.npy,data\processed\tess\spectrograms\OAF_shall_ps_spec.npy
OAF_shawl_ps,ps,0,data\processed\tess\features\OAF_shawl_ps_mfcc.npy,data\processed\tess\spectrograms\OAF_shawl_ps_spec.npy
OAF_sheep_ps,ps,0,data\processed\tess\features\OAF_sheep_ps_mfcc.npy,data\processed\tess\spectrograms\OAF_sheep_ps_spec.npy
OAF_shirt_ps,ps,0,data\processed\tess\features\OAF_shirt_ps_mfcc.npy,data\processed\tess\spectrograms\OAF_shirt_ps_spec.npy
OAF_should_ps,ps,0,data\processed\tess\features\OAF_should_ps_mfcc.npy,data\processed\tess\spectrograms\OAF_should_ps_spec.npy
OAF_shout_ps,ps,0,data\processed\tess\features\OAF_shout_ps_mfcc.npy,data\processed\tess\spectrograms\OAF_shout_ps_spec.npy
OAF_size_ps,ps,0,data\processed\tess\features\OAF_size_ps_mfcc.npy,data\processed\tess\spectrograms\OAF_size_ps_spec.npy
OAF_soap_ps,ps,0,data\processed\tess\features\OAF_soap_ps_mfcc.npy,data\processed\tess\spectrograms\OAF_soap_ps_spec.npy
OAF_soup_ps,ps,0,data\processed\tess\features\OAF_soup_ps_mfcc.npy,data\processed\tess\spectrograms\OAF_soup_ps_spec.npy
OAF_sour_ps,ps,0,data\processed\tess\features\OAF_sour_ps_mfcc.npy,data\processed\tess\spectrograms\OAF_sour_ps_spec.npy
OAF_south_ps,ps,0,data\processed\tess\features\OAF_south_ps_mfcc.npy,data\processed\tess\spectrograms\OAF_south_ps_spec.npy
OAF_sub_ps,ps,0,data\processed\tess\features\OAF_sub_ps_mfcc.npy,data\processed\tess\spectrograms\OAF_sub_ps_spec.npy
OAF_such_ps,ps,0,data\processed\tess\features\OAF_such_ps_mfcc.npy,data\processed\tess\spectrograms\OAF_such_ps_spec.npy
OAF_sure_ps,ps,0,data\processed\tess\features\OAF_sure_ps_mfcc.npy,data\processed\tess\spectrograms\OAF_sure_ps_spec.npy
OAF_take_ps,ps,0,data\processed\tess\features\OAF_take_ps_mfcc.npy,data\processed\tess\spectrograms\OAF_take_ps_spec.npy
OAF_talk_ps,ps,0,data\processed\tess\features\OAF_talk_ps_mfcc.npy,data\processed\tess\spectrograms\OAF_talk_ps_spec.npy
OAF_tape_ps,ps,0,data\processed\tess\features\OAF_tape_ps_mfcc.npy,data\processed\tess\spectrograms\OAF_tape_ps_spec.npy
OAF_team_ps,ps,0,data\processed\tess\features\OAF_team_ps_mfcc.npy,data\processed\tess\spectrograms\OAF_team_ps_spec.npy
OAF_tell_ps,ps,0,data\processed\tess\features\OAF_tell_ps_mfcc.npy,data\processed\tess\spectrograms\OAF_tell_ps_spec.npy
OAF_thin_ps,ps,0,data\processed\tess\features\OAF_thin_ps_mfcc.npy,data\processed\tess\spectrograms\OAF_thin_ps_spec.npy
OAF_third_ps,ps,0,data\processed\tess\features\OAF_third_ps_mfcc.npy,data\processed\tess\spectrograms\OAF_third_ps_spec.npy
OAF_thought_ps,ps,0,data\processed\tess\features\OAF_thought_ps_mfcc.npy,data\processed\tess\spectrograms\OAF_thought_ps_spec.npy
OAF_thumb_ps,ps,0,data\processed\tess\features\OAF_thumb_ps_mfcc.npy,data\processed\tess\spectrograms\OAF_thumb_ps_spec.npy
OAF_time_ps,ps,0,data\processed\tess\features\OAF_time_ps_mfcc.npy,data\processed\tess\spectrograms\OAF_time_ps_spec.npy
OAF_tip_ps,ps,0,data\processed\tess\features\OAF_tip_ps_mfcc.npy,data\processed\tess\spectrograms\OAF_tip_ps_spec.npy
OAF_tire_ps,ps,0,data\processed\tess\features\OAF_tire_ps_mfcc.npy,data\processed\tess\spectrograms\OAF_tire_ps_spec.npy
OAF_ton_ps,ps,0,data\processed\tess\features\OAF_ton_ps_mfcc.npy,data\processed\tess\spectrograms\OAF_ton_ps_spec.npy
OAF_tool_ps,ps,0,data\processed\tess\features\OAF_tool_ps_mfcc.npy,data\processed\tess\spectrograms\OAF_tool_ps_spec.npy
OAF_tough_ps,ps,0,data\processed\tess\features\OAF_tough_ps_mfcc.npy,data\processed\tess\spectrograms\OAF_tough_ps_spec.npy
OAF_turn_ps,ps,0,data\processed\tess\features\OAF_turn_ps_mfcc.npy,data\processed\tess\spectrograms\OAF_turn_ps_spec.npy
OAF_vine_ps,ps,0,data\processed\tess\features\OAF_vine_ps_mfcc.npy,data\processed\tess\spectrograms\OAF_vine_ps_spec.npy
OAF_voice_ps,ps,0,data\processed\tess\features\OAF_voice_ps_mfcc.npy,data\processed\tess\spectrograms\OAF_voice_ps_spec.npy
OAF_void_ps,ps,0,data\processed\tess\features\OAF_void_ps_mfcc.npy,data\processed\tess\spectrograms\OAF_void_ps_spec.npy
OAF_vote_ps,ps,0,data\processed\tess\features\OAF_vote_ps_mfcc.npy,data\processed\tess\spectrograms\OAF_vote_ps_spec.npy
OAF_wag_ps,ps,0,data\processed\tess\features\OAF_wag_ps_mfcc.npy,data\processed\tess\spectrograms\OAF_wag_ps_spec.npy
OAF_walk_ps,ps,0,data\processed\tess\features\OAF_walk_ps_mfcc.npy,data\processed\tess\spectrograms\OAF_walk_ps_spec.npy
OAF_wash_ps,ps,0,data\processed\tess\features\OAF_wash_ps_mfcc.npy,data\processed\tess\spectrograms\OAF_wash_ps_spec.npy
OAF_week_ps,ps,0,data\processed\tess\features\OAF_week_ps_mfcc.npy,data\processed\tess\spectrograms\OAF_week_ps_spec.npy
OAF_wheat_ps,ps,0,data\processed\tess\features\OAF_wheat_ps_mfcc.npy,data\processed\tess\spectrograms\OAF_wheat_ps_spec.npy
OAF_when_ps,ps,0,data\processed\tess\features\OAF_when_ps_mfcc.npy,data\processed\tess\spectrograms\OAF_when_ps_spec.npy
OAF_which_ps,ps,0,data\processed\tess\features\OAF_which_ps_mfcc.npy,data\processed\tess\spectrograms\OAF_which_ps_spec.npy
OAF_whip_ps,ps,0,data\processed\tess\features\OAF_whip_ps_mfcc.npy,data\processed\tess\spectrograms\OAF_whip_ps_spec.npy
OAF_white_ps,ps,0,data\processed\tess\features\OAF_white_ps_mfcc.npy,data\processed\tess\spectrograms\OAF_white_ps_spec.npy
OAF_wife_ps,ps,0,data\processed\tess\features\OAF_wife_ps_mfcc.npy,data\processed\tess\spectrograms\OAF_wife_ps_spec.npy
OAF_wire_ps,ps,0,data\processed\tess\features\OAF_wire_ps_mfcc.npy,data\processed\tess\spectrograms\OAF_wire_ps_spec.npy
OAF_witch_ps,ps,0,data\processed\tess\features\OAF_witch_ps_mfcc.npy,data\processed\tess\spectrograms\OAF_witch_ps_spec.npy
OAF_yearn_ps,ps,0,data\processed\tess\features\OAF_yearn_ps_mfcc.npy,data\processed\tess\spectrograms\OAF_yearn_ps_spec.npy
OAF_yes_ps,ps,0,data\processed\tess\features\OAF_yes_ps_mfcc.npy,data\processed\tess\spectrograms\OAF_yes_ps_spec.npy
OAF_young_ps,ps,0,data\processed\tess\features\OAF_young_ps_mfcc.npy,data\processed\tess\spectrograms\OAF_young_ps_spec.npy
OAF_youth_ps,ps,0,data\processed\tess\features\OAF_youth_ps_mfcc.npy,data\processed\tess\spectrograms\OAF_youth_ps_spec.npy
OAF_back_sad,sad,1,data\processed\tess\features\OAF_back_sad_mfcc.npy,data\processed\tess\spectrograms\OAF_back_sad_spec.npy
OAF_bar_sad,sad,1,data\processed\tess\features\OAF_bar_sad_mfcc.npy,data\processed\tess\spectrograms\OAF_bar_sad_spec.npy
OAF_base_sad,sad,1,data\processed\tess\features\OAF_base_sad_mfcc.npy,data\processed\tess\spectrograms\OAF_base_sad_spec.npy
OAF_bath_sad,sad,1,data\processed\tess\features\OAF_bath_sad_mfcc.npy,data\processed\tess\spectrograms\OAF_bath_sad_spec.npy
OAF_bean_sad,sad,1,data\processed\tess\features\OAF_bean_sad_mfcc.npy,data\processed\tess\spectrograms\OAF_bean_sad_spec.npy
OAF_beg_sad,sad,1,data\processed\tess\features\OAF_beg_sad_mfcc.npy,data\processed\tess\spectrograms\OAF_beg_sad_spec.npy
OAF_bite_sad,sad,1,data\processed\tess\features\OAF_bite_sad_mfcc.npy,data\processed\tess\spectrograms\OAF_bite_sad_spec.npy
OAF_boat_sad,sad,1,data\processed\tess\features\OAF_boat_sad_mfcc.npy,data\processed\tess\spectrograms\OAF_boat_sad_spec.npy
OAF_bone_sad,sad,1,data\processed\tess\features\OAF_bone_sad_mfcc.npy,data\processed\tess\spectrograms\OAF_bone_sad_spec.npy
OAF_book_sad,sad,1,data\processed\tess\features\OAF_book_sad_mfcc.npy,data\processed\tess\spectrograms\OAF_book_sad_spec.npy
OAF_bought_sad,sad,1,data\processed\tess\features\OAF_bought_sad_mfcc.npy,data\processed\tess\spectrograms\OAF_bought_sad_spec.npy
OAF_burn_sad,sad,1,data\processed\tess\features\OAF_burn_sad_mfcc.npy,data\processed\tess\spectrograms\OAF_burn_sad_spec.npy
OAF_cab_sad,sad,1,data\processed\tess\features\OAF_cab_sad_mfcc.npy,data\processed\tess\spectrograms\OAF_cab_sad_spec.npy
OAF_calm_sad,sad,1,data\processed\tess\features\OAF_calm_sad_mfcc.npy,data\processed\tess\spectrograms\OAF_calm_sad_spec.npy
OAF_came_sad,sad,1,data\processed\tess\features\OAF_came_sad_mfcc.npy,data\processed\tess\spectrograms\OAF_came_sad_spec.npy
OAF_cause_sad,sad,1,data\processed\tess\features\OAF_cause_sad_mfcc.npy,data\processed\tess\spectrograms\OAF_cause_sad_spec.npy
OAF_chain_sad,sad,1,data\processed\tess\features\OAF_chain_sad_mfcc.npy,data\processed\tess\spectrograms\OAF_chain_sad_spec.npy
OAF_chair_sad,sad,1,data\processed\tess\features\OAF_chair_sad_mfcc.npy,data\processed\tess\spectrograms\OAF_chair_sad_spec.npy
OAF_chalk_sad,sad,1,data\processed\tess\features\OAF_chalk_sad_mfcc.npy,data\processed\tess\spectrograms\OAF_chalk_sad_spec.npy
OAF_chat_sad,sad,1,data\processed\tess\features\OAF_chat_sad_mfcc.npy,data\processed\tess\spectrograms\OAF_chat_sad_spec.npy
OAF_check_sad,sad,1,data\processed\tess\features\OAF_check_sad_mfcc.npy,data\processed\tess\spectrograms\OAF_check_sad_spec.npy
OAF_cheek_sad,sad,1,data\processed\tess\features\OAF_cheek_sad_mfcc.npy,data\processed\tess\spectrograms\OAF_cheek_sad_spec.npy
OAF_chief_sad,sad,1,data\processed\tess\features\OAF_chief_sad_mfcc.npy,data\processed\tess\spectrograms\OAF_chief_sad_spec.npy
OAF_choice_sad,sad,1,data\processed\tess\features\OAF_choice_sad_mfcc.npy,data\processed\tess\spectrograms\OAF_choice_sad_spec.npy
OAF_cool_sad,sad,1,data\processed\tess\features\OAF_cool_sad_mfcc.npy,data\processed\tess\spectrograms\OAF_cool_sad_spec.npy
OAF_dab_sad,sad,1,data\processed\tess\features\OAF_dab_sad_mfcc.npy,data\processed\tess\spectrograms\OAF_dab_sad_spec.npy
OAF_date_sad,sad,1,data\processed\tess\features\OAF_date_sad_mfcc.npy,data\processed\tess\spectrograms\OAF_date_sad_spec.npy
OAF_dead_sad,sad,1,data\processed\tess\features\OAF_dead_sad_mfcc.npy,data\processed\tess\spectrograms\OAF_dead_sad_spec.npy
OAF_death_sad,sad,1,data\processed\tess\features\OAF_death_sad_mfcc.npy,data\processed\tess\spectrograms\OAF_death_sad_spec.npy
OAF_deep_sad,sad,1,data\processed\tess\features\OAF_deep_sad_mfcc.npy,data\processed\tess\spectrograms\OAF_deep_sad_spec.npy
OAF_dime_sad,sad,1,data\processed\tess\features\OAF_dime_sad_mfcc.npy,data\processed\tess\spectrograms\OAF_dime_sad_spec.npy
OAF_dip_sad,sad,1,data\processed\tess\features\OAF_dip_sad_mfcc.npy,data\processed\tess\spectrograms\OAF_dip_sad_spec.npy
OAF_ditch_sad,sad,1,data\processed\tess\features\OAF_ditch_sad_mfcc.npy,data\processed\tess\spectrograms\OAF_ditch_sad_spec.npy
OAF_dodge_sad,sad,1,data\processed\tess\features\OAF_dodge_sad_mfcc.npy,data\processed\tess\spectrograms\OAF_dodge_sad_spec.npy
OAF_dog_sad,sad,1,data\processed\tess\features\OAF_dog_sad_mfcc.npy,data\processed\tess\spectrograms\OAF_dog_sad_spec.npy
OAF_doll_sad,sad,1,data\processed\tess\features\OAF_doll_sad_mfcc.npy,data\processed\tess\spectrograms\OAF_doll_sad_spec.npy
OAF_door_sad,sad,1,data\processed\tess\features\OAF_door_sad_mfcc.npy,data\processed\tess\spectrograms\OAF_door_sad_spec.npy
OAF_fail_sad,sad,1,data\processed\tess\features\OAF_fail_sad_mfcc.npy,data\processed\tess\spectrograms\OAF_fail_sad_spec.npy
OAF_fall_sad,sad,1,data\processed\tess\features\OAF_fall_sad_mfcc.npy,data\processed\tess\spectrograms\OAF_fall_sad_spec.npy
OAF_far_sad,sad,1,data\processed\tess\features\OAF_far_sad_mfcc.npy,data\processed\tess\spectrograms\OAF_far_sad_spec.npy
OAF_fat_sad,sad,1,data\processed\tess\features\OAF_fat_sad_mfcc.npy,data\processed\tess\spectrograms\OAF_fat_sad_spec.npy
OAF_fit_sad,sad,1,data\processed\tess\features\OAF_fit_sad_mfcc.npy,data\processed\tess\spectrograms\OAF_fit_sad_spec.npy
OAF_five_sad,sad,1,data\processed\tess\features\OAF_five_sad_mfcc.npy,data\processed\tess\spectrograms\OAF_five_sad_spec.npy
OAF_food_sad,sad,1,data\processed\tess\features\OAF_food_sad_mfcc.npy,data\processed\tess\spectrograms\OAF_food_sad_spec.npy
OAF_gap_sad,sad,1,data\processed\tess\features\OAF_gap_sad_mfcc.npy,data\processed\tess\spectrograms\OAF_gap_sad_spec.npy
OAF_gas_sad,sad,1,data\processed\tess\features\OAF_gas_sad_mfcc.npy,data\processed\tess\spectrograms\OAF_gas_sad_spec.npy
OAF_gaze_sad,sad,1,data\processed\tess\features\OAF_gaze_sad_mfcc.npy,data\processed\tess\spectrograms\OAF_gaze_sad_spec.npy
OAF_germ_sad,sad,1,data\processed\tess\features\OAF_germ_sad_mfcc.npy,data\processed\tess\spectrograms\OAF_germ_sad_spec.npy
OAF_get_sad,sad,1,data\processed\tess\features\OAF_get_sad_mfcc.npy,data\processed\tess\spectrograms\OAF_get_sad_spec.npy
OAF_gin_sad,sad,1,data\processed\tess\features\OAF_gin_sad_mfcc.npy,data\processed\tess\spectrograms\OAF_gin_sad_spec.npy
OAF_goal_sad,sad,1,data\processed\tess\features\OAF_goal_sad_mfcc.npy,data\processed\tess\spectrograms\OAF_goal_sad_spec.npy
OAF_good_sad,sad,1,data\processed\tess\features\OAF_good_sad_mfcc.npy,data\processed\tess\spectrograms\OAF_good_sad_spec.npy
OAF_goose_sad,sad,1,data\processed\tess\features\OAF_goose_sad_mfcc.npy,data\processed\tess\spectrograms\OAF_goose_sad_spec.npy
OAF_gun_sad,sad,1,data\processed\tess\features\OAF_gun_sad_mfcc.npy,data\processed\tess\spectrograms\OAF_gun_sad_spec.npy
OAF_half_sad,sad,1,data\processed\tess\features\OAF_half_sad_mfcc.npy,data\processed\tess\spectrograms\OAF_half_sad_spec.npy
OAF_hall_sad,sad,1,data\processed\tess\features\OAF_hall_sad_mfcc.npy,data\processed\tess\spectrograms\OAF_hall_sad_spec.npy
OAF_hash_sad,sad,1,data\processed\tess\features\OAF_hash_sad_mfcc.npy,data\processed\tess\spectrograms\OAF_hash_sad_spec.npy
OAF_hate_sad,sad,1,data\processed\tess\features\OAF_hate_sad_mfcc.npy,data\processed\tess\spectrograms\OAF_hate_sad_spec.npy
OAF_have_sad,sad,1,data\processed\tess\features\OAF_have_sad_mfcc.npy,data\processed\tess\spectrograms\OAF_have_sad_spec.npy
OAF_haze_sad,sad,1,data\processed\tess\features\OAF_haze_sad_mfcc.npy,data\processed\tess\spectrograms\OAF_haze_sad_spec.npy
OAF_hire_sad,sad,1,data\processed\tess\features\OAF_hire_sad_mfcc.npy,data\processed\tess\spectrograms\OAF_hire_sad_spec.npy
OAF_hit_sad,sad,1,data\processed\tess\features\OAF_hit_sad_mfcc.npy,data\processed\tess\spectrograms\OAF_hit_sad_spec.npy
OAF_hole_sad,sad,1,data\processed\tess\features\OAF_hole_sad_mfcc.npy,data\processed\tess\spectrograms\OAF_hole_sad_spec.npy
OAF_home_sad,sad,1,data\processed\tess\features\OAF_home_sad_mfcc.npy,data\processed\tess\spectrograms\OAF_home_sad_spec.npy
OAF_hurl_sad,sad,1,data\processed\tess\features\OAF_hurl_sad_mfcc.npy,data\processed\tess\spectrograms\OAF_hurl_sad_spec.npy
OAF_hush_sad,sad,1,data\processed\tess\features\OAF_hush_sad_mfcc.npy,data\processed\tess\spectrograms\OAF_hush_sad_spec.npy
OAF_jail_sad,sad,1,data\processed\tess\features\OAF_jail_sad_mfcc.npy,data\processed\tess\spectrograms\OAF_jail_sad_spec.npy
OAF_jar_sad,sad,1,data\processed\tess\features\OAF_jar_sad_mfcc.npy,data\processed\tess\spectrograms\OAF_jar_sad_spec.npy
OAF_join_sad,sad,1,data\processed\tess\features\OAF_join_sad_mfcc.npy,data\processed\tess\spectrograms\OAF_join_sad_spec.npy
OAF_judge_sad,sad,1,data\processed\tess\features\OAF_judge_sad_mfcc.npy,data\processed\tess\spectrograms\OAF_judge_sad_spec.npy
OAF_jug_sad,sad,1,data\processed\tess\features\OAF_jug_sad_mfcc.npy,data\processed\tess\spectrograms\OAF_jug_sad_spec.npy
OAF_juice_sad,sad,1,data\processed\tess\features\OAF_juice_sad_mfcc.npy,data\processed\tess\spectrograms\OAF_juice_sad_spec.npy
OAF_keen_sad,sad,1,data\processed\tess\features\OAF_keen_sad_mfcc.npy,data\processed\tess\spectrograms\OAF_keen_sad_spec.npy
OAF_keep_sad,sad,1,data\processed\tess\features\OAF_keep_sad_mfcc.npy,data\processed\tess\spectrograms\OAF_keep_sad_spec.npy
OAF_keg_sad,sad,1,data\processed\tess\features\OAF_keg_sad_mfcc.npy,data\processed\tess\spectrograms\OAF_keg_sad_spec.npy
OAF_kick_sad,sad,1,data\processed\tess\features\OAF_kick_sad_mfcc.npy,data\processed\tess\spectrograms\OAF_kick_sad_spec.npy
OAF_kill_sad,sad,1,data\processed\tess\features\OAF_kill_sad_mfcc.npy,data\processed\tess\spectrograms\OAF_kill_sad_spec.npy
OAF_king_sad,sad,1,data\processed\tess\features\OAF_king_sad_mfcc.npy,data\processed\tess\spectrograms\OAF_king_sad_spec.npy
OAF_kite_sad,sad,1,data\processed\tess\features\OAF_kite_sad_mfcc.npy,data\processed\tess\spectrograms\OAF_kite_sad_spec.npy
OAF_knock_sad,sad,1,data\processed\tess\features\OAF_knock_sad_mfcc.npy,data\processed\tess\spectrograms\OAF_knock_sad_spec.npy
OAF_late_sad,sad,1,data\processed\tess\features\OAF_late_sad_mfcc.npy,data\processed\tess\spectrograms\OAF_late_sad_spec.npy
OAF_laud_sad,sad,1,data\processed\tess\features\OAF_laud_sad_mfcc.npy,data\processed\tess\spectrograms\OAF_laud_sad_spec.npy
OAF_lean_sad,sad,1,data\processed\tess\features\OAF_lean_sad_mfcc.npy,data\processed\tess\spectrograms\OAF_lean_sad_spec.npy
OAF_learn_sad,sad,1,data\processed\tess\features\OAF_learn_sad_mfcc.npy,data\processed\tess\spectrograms\OAF_learn_sad_spec.npy
OAF_lease_sad,sad,1,data\processed\tess\features\OAF_lease_sad_mfcc.npy,data\processed\tess\spectrograms\OAF_lease_sad_spec.npy
OAF_lid_sad,sad,1,data\processed\tess\features\OAF_lid_sad_mfcc.npy,data\processed\tess\spectrograms\OAF_lid_sad_spec.npy
OAF_life_sad,sad,1,data\processed\tess\features\OAF_life_sad_mfcc.npy,data\processed\tess\spectrograms\OAF_life_sad_spec.npy
OAF_limb_sad,sad,1,data\processed\tess\features\OAF_limb_sad_mfcc.npy,data\processed\tess\spectrograms\OAF_limb_sad_spec.npy
OAF_live_sad,sad,1,data\processed\tess\features\OAF_live_sad_mfcc.npy,data\processed\tess\spectrograms\OAF_live_sad_spec.npy
OAF_loaf_sad,sad,1,data\processed\tess\features\OAF_loaf_sad_mfcc.npy,data\processed\tess\spectrograms\OAF_loaf_sad_spec.npy
OAF_long_sad,sad,1,data\processed\tess\features\OAF_long_sad_mfcc.npy,data\processed\tess\spectrograms\OAF_long_sad_spec.npy
OAF_lore_sad,sad,1,data\processed\tess\features\OAF_lore_sad_mfcc.npy,data\processed\tess\spectrograms\OAF_lore_sad_spec.npy
OAF_lose_sad,sad,1,data\processed\tess\features\OAF_lose_sad_mfcc.npy,data\processed\tess\spectrograms\OAF_lose_sad_spec.npy
OAF_lot_sad,sad,1,data\processed\tess\features\OAF_lot_sad_mfcc.npy,data\processed\tess\spectrograms\OAF_lot_sad_spec.npy
OAF_love_sad,sad,1,data\processed\tess\features\OAF_love_sad_mfcc.npy,data\processed\tess\spectrograms\OAF_love_sad_spec.npy
OAF_luck_sad,sad,1,data\processed\tess\features\OAF_luck_sad_mfcc.npy,data\processed\tess\spectrograms\OAF_luck_sad_spec.npy
OAF_make_sad,sad,1,data\processed\tess\features\OAF_make_sad_mfcc.npy,data\processed\tess\spectrograms\OAF_make_sad_spec.npy
OAF_match_sad,sad,1,data\processed\tess\features\OAF_match_sad_mfcc.npy,data\processed\tess\spectrograms\OAF_match_sad_spec.npy
OAF_merge_sad,sad,1,data\processed\tess\features\OAF_merge_sad_mfcc.npy,data\processed\tess\spectrograms\OAF_merge_sad_spec.npy
OAF_mess_sad,sad,1,data\processed\tess\features\OAF_mess_sad_mfcc.npy,data\processed\tess\spectrograms\OAF_mess_sad_spec.npy
OAF_met_sad,sad,1,data\processed\tess\features\OAF_met_sad_mfcc.npy,data\processed\tess\spectrograms\OAF_met_sad_spec.npy
OAF_mill_sad,sad,1,data\processed\tess\features\OAF_mill_sad_mfcc.npy,data\processed\tess\spectrograms\OAF_mill_sad_spec.npy
OAF_mob_sad,sad,1,data\processed\tess\features\OAF_mob_sad_mfcc.npy,data\processed\tess\spectrograms\OAF_mob_sad_spec.npy
OAF_mode_sad,sad,1,data\processed\tess\features\OAF_mode_sad_mfcc.npy,data\processed\tess\spectrograms\OAF_mode_sad_spec.npy
OAF_mood_sad,sad,1,data\processed\tess\features\OAF_mood_sad_mfcc.npy,data\processed\tess\spectrograms\OAF_mood_sad_spec.npy
OAF_moon_sad,sad,1,data\processed\tess\features\OAF_moon_sad_mfcc.npy,data\processed\tess\spectrograms\OAF_moon_sad_spec.npy
OAF_mop_sad,sad,1,data\processed\tess\features\OAF_mop_sad_mfcc.npy,data\processed\tess\spectrograms\OAF_mop_sad_spec.npy
OAF_mouse_sad,sad,1,data\processed\tess\features\OAF_mouse_sad_mfcc.npy,data\processed\tess\spectrograms\OAF_mouse_sad_spec.npy
OAF_nag_sad,sad,1,data\processed\tess\features\OAF_nag_sad_mfcc.npy,data\processed\tess\spectrograms\OAF_nag_sad_spec.npy
OAF_name_sad,sad,1,data\processed\tess\features\OAF_name_sad_mfcc.npy,data\processed\tess\spectrograms\OAF_name_sad_spec.npy
OAF_near_sad,sad,1,data\processed\tess\features\OAF_near_sad_mfcc.npy,data\processed\tess\spectrograms\OAF_near_sad_spec.npy
OAF_neat_sad,sad,1,data\processed\tess\features\OAF_neat_sad_mfcc.npy,data\processed\tess\spectrograms\OAF_neat_sad_spec.npy
OAF_nice_sad,sad,1,data\processed\tess\features\OAF_nice_sad_mfcc.npy,data\processed\tess\spectrograms\OAF_nice_sad_spec.npy
OAF_note_sad,sad,1,data\processed\tess\features\OAF_note_sad_mfcc.npy,data\processed\tess\spectrograms\OAF_note_sad_spec.npy
OAF_numb_sad,sad,1,data\processed\tess\features\OAF_numb_sad_mfcc.npy,data\processed\tess\spectrograms\OAF_numb_sad_spec.npy
OAF_pad_sad,sad,1,data\processed\tess\features\OAF_pad_sad_mfcc.npy,data\processed\tess\spectrograms\OAF_pad_sad_spec.npy
OAF_page_sad,sad,1,data\processed\tess\features\OAF_page_sad_mfcc.npy,data\processed\tess\spectrograms\OAF_page_sad_spec.npy
OAF_pain_sad,sad,1,data\processed\tess\features\OAF_pain_sad_mfcc.npy,data\processed\tess\spectrograms\OAF_pain_sad_spec.npy
OAF_pass_sad,sad,1,data\processed\tess\features\OAF_pass_sad_mfcc.npy,data\processed\tess\spectrograms\OAF_pass_sad_spec.npy
OAF_pearl_sad,sad,1,data\processed\tess\features\OAF_pearl_sad_mfcc.npy,data\processed\tess\spectrograms\OAF_pearl_sad_spec.npy
OAF_peg_sad,sad,1,data\processed\tess\features\OAF_peg_sad_mfcc.npy,data\processed\tess\spectrograms\OAF_peg_sad_spec.npy
OAF_perch_sad,sad,1,data\processed\tess\features\OAF_perch_sad_mfcc.npy,data\processed\tess\spectrograms\OAF_perch_sad_spec.npy
OAF_phone_sad,sad,1,data\processed\tess\features\OAF_phone_sad_mfcc.npy,data\processed\tess\spectrograms\OAF_phone_sad_spec.npy
OAF_pick_sad,sad,1,data\processed\tess\features\OAF_pick_sad_mfcc.npy,data\processed\tess\spectrograms\OAF_pick_sad_spec.npy
OAF_pike_sad,sad,1,data\processed\tess\features\OAF_pike_sad_mfcc.npy,data\processed\tess\spectrograms\OAF_pike_sad_spec.npy
OAF_pole_sad,sad,1,data\processed\tess\features\OAF_pole_sad_mfcc.npy,data\processed\tess\spectrograms\OAF_pole_sad_spec.npy
OAF_pool_sad,sad,1,data\processed\tess\features\OAF_pool_sad_mfcc.npy,data\processed\tess\spectrograms\OAF_pool_sad_spec.npy
OAF_puff_sad,sad,1,data\processed\tess\features\OAF_puff_sad_mfcc.npy,data\processed\tess\spectrograms\OAF_puff_sad_spec.npy
OAF_rag_sad,sad,1,data\processed\tess\features\OAF_rag_sad_mfcc.npy,data\processed\tess\spectrograms\OAF_rag_sad_spec.npy
OAF_raid_sad,sad,1,data\processed\tess\features\OAF_raid_sad_mfcc.npy,data\processed\tess\spectrograms\OAF_raid_sad_spec.npy
OAF_rain_sad,sad,1,data\processed\tess\features\OAF_rain_sad_mfcc.npy,data\processed\tess\spectrograms\OAF_rain_sad_spec.npy
OAF_raise_sad,sad,1,data\processed\tess\features\OAF_raise_sad_mfcc.npy,data\processed\tess\spectrograms\OAF_raise_sad_spec.npy
OAF_rat_sad,sad,1,data\processed\tess\features\OAF_rat_sad_mfcc.npy,data\processed\tess\spectrograms\OAF_rat_sad_spec.npy
OAF_reach_sad,sad,1,data\processed\tess\features\OAF_reach_sad_mfcc.npy,data\processed\tess\spectrograms\OAF_reach_sad_spec.npy
OAF_read_sad,sad,1,data\processed\tess\features\OAF_read_sad_mfcc.npy,data\processed\tess\spectrograms\OAF_read_sad_spec.npy
OAF_red_sad,sad,1,data\processed\tess\features\OAF_red_sad_mfcc.npy,data\processed\tess\spectrograms\OAF_red_sad_spec.npy
OAF_ring_sad,sad,1,data\processed\tess\features\OAF_ring_sad_mfcc.npy,data\processed\tess\spectrograms\OAF_ring_sad_spec.npy
OAF_ripe_sad,sad,1,data\processed\tess\features\OAF_ripe_sad_mfcc.npy,data\processed\tess\spectrograms\OAF_ripe_sad_spec.npy
OAF_road_sad,sad,1,data\processed\tess\features\OAF_road_sad_mfcc.npy,data\processed\tess\spectrograms\OAF_road_sad_spec.npy
OAF_room_sad,sad,1,data\processed\tess\features\OAF_room_sad_mfcc.npy,data\processed\tess\spectrograms\OAF_room_sad_spec.npy
OAF_rose_sad,sad,1,data\processed\tess\features\OAF_rose_sad_mfcc.npy,data\processed\tess\spectrograms\OAF_rose_sad_spec.npy
OAF_rot_sad,sad,1,data\processed\tess\features\OAF_rot_sad_mfcc.npy,data\processed\tess\spectrograms\OAF_rot_sad_spec.npy
OAF_rough_sad,sad,1,data\processed\tess\features\OAF_rough_sad_mfcc.npy,data\processed\tess\spectrograms\OAF_rough_sad_spec.npy
OAF_rush_sad,sad,1,data\processed\tess\features\OAF_rush_sad_mfcc.npy,data\processed\tess\spectrograms\OAF_rush_sad_spec.npy
OAF_said_sad,sad,1,data\processed\tess\features\OAF_said_sad_mfcc.npy,data\processed\tess\spectrograms\OAF_said_sad_spec.npy
OAF_sail_sad,sad,1,data\processed\tess\features\OAF_sail_sad_mfcc.npy,data\processed\tess\spectrograms\OAF_sail_sad_spec.npy
OAF_search_sad,sad,1,data\processed\tess\features\OAF_search_sad_mfcc.npy,data\processed\tess\spectrograms\OAF_search_sad_spec.npy
OAF_seize_sad,sad,1,data\processed\tess\features\OAF_seize_sad_mfcc.npy,data\processed\tess\spectrograms\OAF_seize_sad_spec.npy
OAF_sell_sad,sad,1,data\processed\tess\features\OAF_sell_sad_mfcc.npy,data\processed\tess\spectrograms\OAF_sell_sad_spec.npy
OAF_shack_sad,sad,1,data\processed\tess\features\OAF_shack_sad_mfcc.npy,data\processed\tess\spectrograms\OAF_shack_sad_spec.npy
OAF_shall_sad,sad,1,data\processed\tess\features\OAF_shall_sad_mfcc.npy,data\processed\tess\spectrograms\OAF_shall_sad_spec.npy
OAF_shawl_sad,sad,1,data\processed\tess\features\OAF_shawl_sad_mfcc.npy,data\processed\tess\spectrograms\OAF_shawl_sad_spec.npy
OAF_sheep_sad,sad,1,data\processed\tess\features\OAF_sheep_sad_mfcc.npy,data\processed\tess\spectrograms\OAF_sheep_sad_spec.npy
OAF_shirt_sad,sad,1,data\processed\tess\features\OAF_shirt_sad_mfcc.npy,data\processed\tess\spectrograms\OAF_shirt_sad_spec.npy
OAF_should_sad,sad,1,data\processed\tess\features\OAF_should_sad_mfcc.npy,data\processed\tess\spectrograms\OAF_should_sad_spec.npy
OAF_shout_sad,sad,1,data\processed\tess\features\OAF_shout_sad_mfcc.npy,data\processed\tess\spectrograms\OAF_shout_sad_spec.npy
OAF_size_sad,sad,1,data\processed\tess\features\OAF_size_sad_mfcc.npy,data\processed\tess\spectrograms\OAF_size_sad_spec.npy
OAF_soap_sad,sad,1,data\processed\tess\features\OAF_soap_sad_mfcc.npy,data\processed\tess\spectrograms\OAF_soap_sad_spec.npy
OAF_soup_sad,sad,1,data\processed\tess\features\OAF_soup_sad_mfcc.npy,data\processed\tess\spectrograms\OAF_soup_sad_spec.npy
OAF_sour_sad,sad,1,data\processed\tess\features\OAF_sour_sad_mfcc.npy,data\processed\tess\spectrograms\OAF_sour_sad_spec.npy
OAF_south_sad,sad,1,data\processed\tess\features\OAF_south_sad_mfcc.npy,data\processed\tess\spectrograms\OAF_south_sad_spec.npy
OAF_sub_sad,sad,1,data\processed\tess\features\OAF_sub_sad_mfcc.npy,data\processed\tess\spectrograms\OAF_sub_sad_spec.npy
OAF_such_sad,sad,1,data\processed\tess\features\OAF_such_sad_mfcc.npy,data\processed\tess\spectrograms\OAF_such_sad_spec.npy
OAF_sure_sad,sad,1,data\processed\tess\features\OAF_sure_sad_mfcc.npy,data\processed\tess\spectrograms\OAF_sure_sad_spec.npy
OAF_take_sad,sad,1,data\processed\tess\features\OAF_take_sad_mfcc.npy,data\processed\tess\spectrograms\OAF_take_sad_spec.npy
OAF_talk_sad,sad,1,data\processed\tess\features\OAF_talk_sad_mfcc.npy,data\processed\tess\spectrograms\OAF_talk_sad_spec.npy
OAF_tape_sad,sad,1,data\processed\tess\features\OAF_tape_sad_mfcc.npy,data\processed\tess\spectrograms\OAF_tape_sad_spec.npy
OAF_team_sad,sad,1,data\processed\tess\features\OAF_team_sad_mfcc.npy,data\processed\tess\spectrograms\OAF_team_sad_spec.npy
OAF_tell_sad,sad,1,data\processed\tess\features\OAF_tell_sad_mfcc.npy,data\processed\tess\spectrograms\OAF_tell_sad_spec.npy
OAF_thin_sad,sad,1,data\processed\tess\features\OAF_thin_sad_mfcc.npy,data\processed\tess\spectrograms\OAF_thin_sad_spec.npy
OAF_third_sad,sad,1,data\processed\tess\features\OAF_third_sad_mfcc.npy,data\processed\tess\spectrograms\OAF_third_sad_spec.npy
OAF_thought_sad,sad,1,data\processed\tess\features\OAF_thought_sad_mfcc.npy,data\processed\tess\spectrograms\OAF_thought_sad_spec.npy
OAF_thumb_sad,sad,1,data\processed\tess\features\OAF_thumb_sad_mfcc.npy,data\processed\tess\spectrograms\OAF_thumb_sad_spec.npy
OAF_time_sad,sad,1,data\processed\tess\features\OAF_time_sad_mfcc.npy,data\processed\tess\spectrograms\OAF_time_sad_spec.npy
OAF_tip_sad,sad,1,data\processed\tess\features\OAF_tip_sad_mfcc.npy,data\processed\tess\spectrograms\OAF_tip_sad_spec.npy
OAF_tire_sad,sad,1,data\processed\tess\features\OAF_tire_sad_mfcc.npy,data\processed\tess\spectrograms\OAF_tire_sad_spec.npy
OAF_ton_sad,sad,1,data\processed\tess\features\OAF_ton_sad_mfcc.npy,data\processed\tess\spectrograms\OAF_ton_sad_spec.npy
OAF_tool_sad,sad,1,data\processed\tess\features\OAF_tool_sad_mfcc.npy,data\processed\tess\spectrograms\OAF_tool_sad_spec.npy
OAF_tough_sad,sad,1,data\processed\tess\features\OAF_tough_sad_mfcc.npy,data\processed\tess\spectrograms\OAF_tough_sad_spec.npy
OAF_turn_sad,sad,1,data\processed\tess\features\OAF_turn_sad_mfcc.npy,data\processed\tess\spectrograms\OAF_turn_sad_spec.npy
OAF_vine_sad,sad,1,data\processed\tess\features\OAF_vine_sad_mfcc.npy,data\processed\tess\spectrograms\OAF_vine_sad_spec.npy
OAF_voice_sad,sad,1,data\processed\tess\features\OAF_voice_sad_mfcc.npy,data\processed\tess\spectrograms\OAF_voice_sad_spec.npy
OAF_void_sad,sad,1,data\processed\tess\features\OAF_void_sad_mfcc.npy,data\processed\tess\spectrograms\OAF_void_sad_spec.npy
OAF_vote_sad,sad,1,data\processed\tess\features\OAF_vote_sad_mfcc.npy,data\processed\tess\spectrograms\OAF_vote_sad_spec.npy
OAF_wag_sad,sad,1,data\processed\tess\features\OAF_wag_sad_mfcc.npy,data\processed\tess\spectrograms\OAF_wag_sad_spec.npy
OAF_walk_sad,sad,1,data\processed\tess\features\OAF_walk_sad_mfcc.npy,data\processed\tess\spectrograms\OAF_walk_sad_spec.npy
OAF_wash_sad,sad,1,data\processed\tess\features\OAF_wash_sad_mfcc.npy,data\processed\tess\spectrograms\OAF_wash_sad_spec.npy
OAF_week_sad,sad,1,data\processed\tess\features\OAF_week_sad_mfcc.npy,data\processed\tess\spectrograms\OAF_week_sad_spec.npy
OAF_wheat_sad,sad,1,data\processed\tess\features\OAF_wheat_sad_mfcc.npy,data\processed\tess\spectrograms\OAF_wheat_sad_spec.npy
OAF_when_sad,sad,1,data\processed\tess\features\OAF_when_sad_mfcc.npy,data\processed\tess\spectrograms\OAF_when_sad_spec.npy
OAF_which_sad,sad,1,data\processed\tess\features\OAF_which_sad_mfcc.npy,data\processed\tess\spectrograms\OAF_which_sad_spec.npy
OAF_whip_sad,sad,1,data\processed\tess\features\OAF_whip_sad_mfcc.npy,data\processed\tess\spectrograms\OAF_whip_sad_spec.npy
OAF_white_sad,sad,1,data\processed\tess\features\OAF_white_sad_mfcc.npy,data\processed\tess\spectrograms\OAF_white_sad_spec.npy
OAF_wife_sad,sad,1,data\processed\tess\features\OAF_wife_sad_mfcc.npy,data\processed\tess\spectrograms\OAF_wife_sad_spec.npy
OAF_wire_sad,sad,1,data\processed\tess\features\OAF_wire_sad_mfcc.npy,data\processed\tess\spectrograms\OAF_wire_sad_spec.npy
OAF_witch_sad,sad,1,data\processed\tess\features\OAF_witch_sad_mfcc.npy,data\processed\tess\spectrograms\OAF_witch_sad_spec.npy
OAF_yearn_sad,sad,1,data\processed\tess\features\OAF_yearn_sad_mfcc.npy,data\processed\tess\spectrograms\OAF_yearn_sad_spec.npy
OAF_yes_sad,sad,1,data\processed\tess\features\OAF_yes_sad_mfcc.npy,data\processed\tess\spectrograms\OAF_yes_sad_spec.npy
OAF_young_sad,sad,1,data\processed\tess\features\OAF_young_sad_mfcc.npy,data\processed\tess\spectrograms\OAF_young_sad_spec.npy
OAF_youth_sad,sad,1,data\processed\tess\features\OAF_youth_sad_mfcc.npy,data\processed\tess\spectrograms\OAF_youth_sad_spec.npy
YAF_back_angry,angry,1,data\processed\tess\features\YAF_back_angry_mfcc.npy,data\processed\tess\spectrograms\YAF_back_angry_spec.npy
YAF_bar_angry,angry,1,data\processed\tess\features\YAF_bar_angry_mfcc.npy,data\processed\tess\spectrograms\YAF_bar_angry_spec.npy
YAF_base_angry,angry,1,data\processed\tess\features\YAF_base_angry_mfcc.npy,data\processed\tess\spectrograms\YAF_base_angry_spec.npy
YAF_bath_angry,angry,1,data\processed\tess\features\YAF_bath_angry_mfcc.npy,data\processed\tess\spectrograms\YAF_bath_angry_spec.npy
YAF_bean_angry,angry,1,data\processed\tess\features\YAF_bean_angry_mfcc.npy,data\processed\tess\spectrograms\YAF_bean_angry_spec.npy
YAF_beg_angry,angry,1,data\processed\tess\features\YAF_beg_angry_mfcc.npy,data\processed\tess\spectrograms\YAF_beg_angry_spec.npy
YAF_bite_angry,angry,1,data\processed\tess\features\YAF_bite_angry_mfcc.npy,data\processed\tess\spectrograms\YAF_bite_angry_spec.npy
YAF_boat_angry,angry,1,data\processed\tess\features\YAF_boat_angry_mfcc.npy,data\processed\tess\spectrograms\YAF_boat_angry_spec.npy
YAF_bone_angry,angry,1,data\processed\tess\features\YAF_bone_angry_mfcc.npy,data\processed\tess\spectrograms\YAF_bone_angry_spec.npy
YAF_book_angry,angry,1,data\processed\tess\features\YAF_book_angry_mfcc.npy,data\processed\tess\spectrograms\YAF_book_angry_spec.npy
YAF_bought_angry,angry,1,data\processed\tess\features\YAF_bought_angry_mfcc.npy,data\processed\tess\spectrograms\YAF_bought_angry_spec.npy
YAF_burn_angry,angry,1,data\processed\tess\features\YAF_burn_angry_mfcc.npy,data\processed\tess\spectrograms\YAF_burn_angry_spec.npy
YAF_cab_angry,angry,1,data\processed\tess\features\YAF_cab_angry_mfcc.npy,data\processed\tess\spectrograms\YAF_cab_angry_spec.npy
YAF_calm_angry,angry,1,data\processed\tess\features\YAF_calm_angry_mfcc.npy,data\processed\tess\spectrograms\YAF_calm_angry_spec.npy
YAF_came_angry,angry,1,data\processed\tess\features\YAF_came_angry_mfcc.npy,data\processed\tess\spectrograms\YAF_came_angry_spec.npy
YAF_cause_angry,angry,1,data\processed\tess\features\YAF_cause_angry_mfcc.npy,data\processed\tess\spectrograms\YAF_cause_angry_spec.npy
YAF_chain_angry,angry,1,data\processed\tess\features\YAF_chain_angry_mfcc.npy,data\processed\tess\spectrograms\YAF_chain_angry_spec.npy
YAF_chair_angry,angry,1,data\processed\tess\features\YAF_chair_angry_mfcc.npy,data\processed\tess\spectrograms\YAF_chair_angry_spec.npy
YAF_chalk_angry,angry,1,data\processed\tess\features\YAF_chalk_angry_mfcc.npy,data\processed\tess\spectrograms\YAF_chalk_angry_spec.npy
YAF_chat_angry,angry,1,data\processed\tess\features\YAF_chat_angry_mfcc.npy,data\processed\tess\spectrograms\YAF_chat_angry_spec.npy
YAF_check_angry,angry,1,data\processed\tess\features\YAF_check_angry_mfcc.npy,data\processed\tess\spectrograms\YAF_check_angry_spec.npy
YAF_cheek_angry,angry,1,data\processed\tess\features\YAF_cheek_angry_mfcc.npy,data\processed\tess\spectrograms\YAF_cheek_angry_spec.npy
YAF_chief_angry,angry,1,data\processed\tess\features\YAF_chief_angry_mfcc.npy,data\processed\tess\spectrograms\YAF_chief_angry_spec.npy
YAF_choice_angry,angry,1,data\processed\tess\features\YAF_choice_angry_mfcc.npy,data\processed\tess\spectrograms\YAF_choice_angry_spec.npy
YAF_cool_angry,angry,1,data\processed\tess\features\YAF_cool_angry_mfcc.npy,data\processed\tess\spectrograms\YAF_cool_angry_spec.npy
YAF_dab_angry,angry,1,data\processed\tess\features\YAF_dab_angry_mfcc.npy,data\processed\tess\spectrograms\YAF_dab_angry_spec.npy
YAF_date_angry,angry,1,data\processed\tess\features\YAF_date_angry_mfcc.npy,data\processed\tess\spectrograms\YAF_date_angry_spec.npy
YAF_dead_angry,angry,1,data\processed\tess\features\YAF_dead_angry_mfcc.npy,data\processed\tess\spectrograms\YAF_dead_angry_spec.npy
YAF_death_angry,angry,1,data\processed\tess\features\YAF_death_angry_mfcc.npy,data\processed\tess\spectrograms\YAF_death_angry_spec.npy
YAF_deep_angry,angry,1,data\processed\tess\features\YAF_deep_angry_mfcc.npy,data\processed\tess\spectrograms\YAF_deep_angry_spec.npy
YAF_dime_angry,angry,1,data\processed\tess\features\YAF_dime_angry_mfcc.npy,data\processed\tess\spectrograms\YAF_dime_angry_spec.npy
YAF_dip_angry,angry,1,data\processed\tess\features\YAF_dip_angry_mfcc.npy,data\processed\tess\spectrograms\YAF_dip_angry_spec.npy
YAF_ditch_angry,angry,1,data\processed\tess\features\YAF_ditch_angry_mfcc.npy,data\processed\tess\spectrograms\YAF_ditch_angry_spec.npy
YAF_dodge_angry,angry,1,data\processed\tess\features\YAF_dodge_angry_mfcc.npy,data\processed\tess\spectrograms\YAF_dodge_angry_spec.npy
YAF_dog_angry,angry,1,data\processed\tess\features\YAF_dog_angry_mfcc.npy,data\processed\tess\spectrograms\YAF_dog_angry_spec.npy
YAF_doll_angry,angry,1,data\processed\tess\features\YAF_doll_angry_mfcc.npy,data\processed\tess\spectrograms\YAF_doll_angry_spec.npy
YAF_door_angry,angry,1,data\processed\tess\features\YAF_door_angry_mfcc.npy,data\processed\tess\spectrograms\YAF_door_angry_spec.npy
YAF_fail_angry,angry,1,data\processed\tess\features\YAF_fail_angry_mfcc.npy,data\processed\tess\spectrograms\YAF_fail_angry_spec.npy
YAF_fall_angry,angry,1,data\processed\tess\features\YAF_fall_angry_mfcc.npy,data\processed\tess\spectrograms\YAF_fall_angry_spec.npy
YAF_far_angry,angry,1,data\processed\tess\features\YAF_far_angry_mfcc.npy,data\processed\tess\spectrograms\YAF_far_angry_spec.npy
YAF_fat_angry,angry,1,data\processed\tess\features\YAF_fat_angry_mfcc.npy,data\processed\tess\spectrograms\YAF_fat_angry_spec.npy
YAF_fit_angry,angry,1,data\processed\tess\features\YAF_fit_angry_mfcc.npy,data\processed\tess\spectrograms\YAF_fit_angry_spec.npy
YAF_five_angry,angry,1,data\processed\tess\features\YAF_five_angry_mfcc.npy,data\processed\tess\spectrograms\YAF_five_angry_spec.npy
YAF_food_angry,angry,1,data\processed\tess\features\YAF_food_angry_mfcc.npy,data\processed\tess\spectrograms\YAF_food_angry_spec.npy
YAF_gap_angry,angry,1,data\processed\tess\features\YAF_gap_angry_mfcc.npy,data\processed\tess\spectrograms\YAF_gap_angry_spec.npy
YAF_gas_angry,angry,1,data\processed\tess\features\YAF_gas_angry_mfcc.npy,data\processed\tess\spectrograms\YAF_gas_angry_spec.npy
YAF_gaze_angry,angry,1,data\processed\tess\features\YAF_gaze_angry_mfcc.npy,data\processed\tess\spectrograms\YAF_gaze_angry_spec.npy
YAF_germ_angry,angry,1,data\processed\tess\features\YAF_germ_angry_mfcc.npy,data\processed\tess\spectrograms\YAF_germ_angry_spec.npy
YAF_get_angry,angry,1,data\processed\tess\features\YAF_get_angry_mfcc.npy,data\processed\tess\spectrograms\YAF_get_angry_spec.npy
YAF_gin_angry,angry,1,data\processed\tess\features\YAF_gin_angry_mfcc.npy,data\processed\tess\spectrograms\YAF_gin_angry_spec.npy
YAF_goal_angry,angry,1,data\processed\tess\features\YAF_goal_angry_mfcc.npy,data\processed\tess\spectrograms\YAF_goal_angry_spec.npy
YAF_good_angry,angry,1,data\processed\tess\features\YAF_good_angry_mfcc.npy,data\processed\tess\spectrograms\YAF_good_angry_spec.npy
YAF_goose_angry,angry,1,data\processed\tess\features\YAF_goose_angry_mfcc.npy,data\processed\tess\spectrograms\YAF_goose_angry_spec.npy
YAF_gun_angry,angry,1,data\processed\tess\features\YAF_gun_angry_mfcc.npy,data\processed\tess\spectrograms\YAF_gun_angry_spec.npy
YAF_half_angry,angry,1,data\processed\tess\features\YAF_half_angry_mfcc.npy,data\processed\tess\spectrograms\YAF_half_angry_spec.npy
YAF_hall_angry,angry,1,data\processed\tess\features\YAF_hall_angry_mfcc.npy,data\processed\tess\spectrograms\YAF_hall_angry_spec.npy
YAF_hash_angry,angry,1,data\processed\tess\features\YAF_hash_angry_mfcc.npy,data\processed\tess\spectrograms\YAF_hash_angry_spec.npy
YAF_hate_angry,angry,1,data\processed\tess\features\YAF_hate_angry_mfcc.npy,data\processed\tess\spectrograms\YAF_hate_angry_spec.npy
YAF_have_angry,angry,1,data\processed\tess\features\YAF_have_angry_mfcc.npy,data\processed\tess\spectrograms\YAF_have_angry_spec.npy
YAF_haze_angry,angry,1,data\processed\tess\features\YAF_haze_angry_mfcc.npy,data\processed\tess\spectrograms\YAF_haze_angry_spec.npy
YAF_hire_angry,angry,1,data\processed\tess\features\YAF_hire_angry_mfcc.npy,data\processed\tess\spectrograms\YAF_hire_angry_spec.npy
YAF_hit_angry,angry,1,data\processed\tess\features\YAF_hit_angry_mfcc.npy,data\processed\tess\spectrograms\YAF_hit_angry_spec.npy
YAF_hole_angry,angry,1,data\processed\tess\features\YAF_hole_angry_mfcc.npy,data\processed\tess\spectrograms\YAF_hole_angry_spec.npy
YAF_home_angry,angry,1,data\processed\tess\features\YAF_home_angry_mfcc.npy,data\processed\tess\spectrograms\YAF_home_angry_spec.npy
YAF_hurl_angry,angry,1,data\processed\tess\features\YAF_hurl_angry_mfcc.npy,data\processed\tess\spectrograms\YAF_hurl_angry_spec.npy
YAF_hush_angry,angry,1,data\processed\tess\features\YAF_hush_angry_mfcc.npy,data\processed\tess\spectrograms\YAF_hush_angry_spec.npy
YAF_jail_angry,angry,1,data\processed\tess\features\YAF_jail_angry_mfcc.npy,data\processed\tess\spectrograms\YAF_jail_angry_spec.npy
YAF_jar_angry,angry,1,data\processed\tess\features\YAF_jar_angry_mfcc.npy,data\processed\tess\spectrograms\YAF_jar_angry_spec.npy
YAF_join_angry,angry,1,data\processed\tess\features\YAF_join_angry_mfcc.npy,data\processed\tess\spectrograms\YAF_join_angry_spec.npy
YAF_judge_angry,angry,1,data\processed\tess\features\YAF_judge_angry_mfcc.npy,data\processed\tess\spectrograms\YAF_judge_angry_spec.npy
YAF_jug_angry,angry,1,data\processed\tess\features\YAF_jug_angry_mfcc.npy,data\processed\tess\spectrograms\YAF_jug_angry_spec.npy
YAF_juice_angry,angry,1,data\processed\tess\features\YAF_juice_angry_mfcc.npy,data\processed\tess\spectrograms\YAF_juice_angry_spec.npy
YAF_keen_angry,angry,1,data\processed\tess\features\YAF_keen_angry_mfcc.npy,data\processed\tess\spectrograms\YAF_keen_angry_spec.npy
YAF_keep_angry,angry,1,data\processed\tess\features\YAF_keep_angry_mfcc.npy,data\processed\tess\spectrograms\YAF_keep_angry_spec.npy
YAF_keg_angry,angry,1,data\processed\tess\features\YAF_keg_angry_mfcc.npy,data\processed\tess\spectrograms\YAF_keg_angry_spec.npy
YAF_kick_angry,angry,1,data\processed\tess\features\YAF_kick_angry_mfcc.npy,data\processed\tess\spectrograms\YAF_kick_angry_spec.npy
YAF_kill_angry,angry,1,data\processed\tess\features\YAF_kill_angry_mfcc.npy,data\processed\tess\spectrograms\YAF_kill_angry_spec.npy
YAF_king_angry,angry,1,data\processed\tess\features\YAF_king_angry_mfcc.npy,data\processed\tess\spectrograms\YAF_king_angry_spec.npy
YAF_kite_angry,angry,1,data\processed\tess\features\YAF_kite_angry_mfcc.npy,data\processed\tess\spectrograms\YAF_kite_angry_spec.npy
YAF_knock_angry,angry,1,data\processed\tess\features\YAF_knock_angry_mfcc.npy,data\processed\tess\spectrograms\YAF_knock_angry_spec.npy
YAF_late_angry,angry,1,data\processed\tess\features\YAF_late_angry_mfcc.npy,data\processed\tess\spectrograms\YAF_late_angry_spec.npy
YAF_laud_angry,angry,1,data\processed\tess\features\YAF_laud_angry_mfcc.npy,data\processed\tess\spectrograms\YAF_laud_angry_spec.npy
YAF_lean_angry,angry,1,data\processed\tess\features\YAF_lean_angry_mfcc.npy,data\processed\tess\spectrograms\YAF_lean_angry_spec.npy
YAF_learn_angry,angry,1,data\processed\tess\features\YAF_learn_angry_mfcc.npy,data\processed\tess\spectrograms\YAF_learn_angry_spec.npy
YAF_lease_angry,angry,1,data\processed\tess\features\YAF_lease_angry_mfcc.npy,data\processed\tess\spectrograms\YAF_lease_angry_spec.npy
YAF_lid_angry,angry,1,data\processed\tess\features\YAF_lid_angry_mfcc.npy,data\processed\tess\spectrograms\YAF_lid_angry_spec.npy
YAF_life_angry,angry,1,data\processed\tess\features\YAF_life_angry_mfcc.npy,data\processed\tess\spectrograms\YAF_life_angry_spec.npy
YAF_limb_angry,angry,1,data\processed\tess\features\YAF_limb_angry_mfcc.npy,data\processed\tess\spectrograms\YAF_limb_angry_spec.npy
YAF_live_angry,angry,1,data\processed\tess\features\YAF_live_angry_mfcc.npy,data\processed\tess\spectrograms\YAF_live_angry_spec.npy
YAF_loaf_angry,angry,1,data\processed\tess\features\YAF_loaf_angry_mfcc.npy,data\processed\tess\spectrograms\YAF_loaf_angry_spec.npy
YAF_long_angry,angry,1,data\processed\tess\features\YAF_long_angry_mfcc.npy,data\processed\tess\spectrograms\YAF_long_angry_spec.npy
YAF_lore_angry,angry,1,data\processed\tess\features\YAF_lore_angry_mfcc.npy,data\processed\tess\spectrograms\YAF_lore_angry_spec.npy
YAF_lose_angry,angry,1,data\processed\tess\features\YAF_lose_angry_mfcc.npy,data\processed\tess\spectrograms\YAF_lose_angry_spec.npy
YAF_lot_angry,angry,1,data\processed\tess\features\YAF_lot_angry_mfcc.npy,data\processed\tess\spectrograms\YAF_lot_angry_spec.npy
YAF_love_angry,angry,1,data\processed\tess\features\YAF_love_angry_mfcc.npy,data\processed\tess\spectrograms\YAF_love_angry_spec.npy
YAF_luck_angry,angry,1,data\processed\tess\features\YAF_luck_angry_mfcc.npy,data\processed\tess\spectrograms\YAF_luck_angry_spec.npy
YAF_make_angry,angry,1,data\processed\tess\features\YAF_make_angry_mfcc.npy,data\processed\tess\spectrograms\YAF_make_angry_spec.npy
YAF_match_angry,angry,1,data\processed\tess\features\YAF_match_angry_mfcc.npy,data\processed\tess\spectrograms\YAF_match_angry_spec.npy
YAF_merge_angry,angry,1,data\processed\tess\features\YAF_merge_angry_mfcc.npy,data\processed\tess\spectrograms\YAF_merge_angry_spec.npy
YAF_mess_angry,angry,1,data\processed\tess\features\YAF_mess_angry_mfcc.npy,data\processed\tess\spectrograms\YAF_mess_angry_spec.npy
YAF_met_angry,angry,1,data\processed\tess\features\YAF_met_angry_mfcc.npy,data\processed\tess\spectrograms\YAF_met_angry_spec.npy
YAF_mill_angry,angry,1,data\processed\tess\features\YAF_mill_angry_mfcc.npy,data\processed\tess\spectrograms\YAF_mill_angry_spec.npy
YAF_mob_angry,angry,1,data\processed\tess\features\YAF_mob_angry_mfcc.npy,data\processed\tess\spectrograms\YAF_mob_angry_spec.npy
YAF_mode_angry,angry,1,data\processed\tess\features\YAF_mode_angry_mfcc.npy,data\processed\tess\spectrograms\YAF_mode_angry_spec.npy
YAF_mood_angry,angry,1,data\processed\tess\features\YAF_mood_angry_mfcc.npy,data\processed\tess\spectrograms\YAF_mood_angry_spec.npy
YAF_moon_angry,angry,1,data\processed\tess\features\YAF_moon_angry_mfcc.npy,data\processed\tess\spectrograms\YAF_moon_angry_spec.npy
YAF_mop_angry,angry,1,data\processed\tess\features\YAF_mop_angry_mfcc.npy,data\processed\tess\spectrograms\YAF_mop_angry_spec.npy
YAF_mouse_angry,angry,1,data\processed\tess\features\YAF_mouse_angry_mfcc.npy,data\processed\tess\spectrograms\YAF_mouse_angry_spec.npy
YAF_nag_angry,angry,1,data\processed\tess\features\YAF_nag_angry_mfcc.npy,data\processed\tess\spectrograms\YAF_nag_angry_spec.npy
YAF_name_angry,angry,1,data\processed\tess\features\YAF_name_angry_mfcc.npy,data\processed\tess\spectrograms\YAF_name_angry_spec.npy
YAF_near_angry,angry,1,data\processed\tess\features\YAF_near_angry_mfcc.npy,data\processed\tess\spectrograms\YAF_near_angry_spec.npy
YAF_neat_angry,angry,1,data\processed\tess\features\YAF_neat_angry_mfcc.npy,data\processed\tess\spectrograms\YAF_neat_angry_spec.npy
YAF_nice_angry,angry,1,data\processed\tess\features\YAF_nice_angry_mfcc.npy,data\processed\tess\spectrograms\YAF_nice_angry_spec.npy
YAF_note_angry,angry,1,data\processed\tess\features\YAF_note_angry_mfcc.npy,data\processed\tess\spectrograms\YAF_note_angry_spec.npy
YAF_numb_angry,angry,1,data\processed\tess\features\YAF_numb_angry_mfcc.npy,data\processed\tess\spectrograms\YAF_numb_angry_spec.npy
YAF_pad_angry,angry,1,data\processed\tess\features\YAF_pad_angry_mfcc.npy,data\processed\tess\spectrograms\YAF_pad_angry_spec.npy
YAF_page_angry,angry,1,data\processed\tess\features\YAF_page_angry_mfcc.npy,data\processed\tess\spectrograms\YAF_page_angry_spec.npy
YAF_pain_angry,angry,1,data\processed\tess\features\YAF_pain_angry_mfcc.npy,data\processed\tess\spectrograms\YAF_pain_angry_spec.npy
YAF_pass_angry,angry,1,data\processed\tess\features\YAF_pass_angry_mfcc.npy,data\processed\tess\spectrograms\YAF_pass_angry_spec.npy
YAF_pearl_angry,angry,1,data\processed\tess\features\YAF_pearl_angry_mfcc.npy,data\processed\tess\spectrograms\YAF_pearl_angry_spec.npy
YAF_peg_angry,angry,1,data\processed\tess\features\YAF_peg_angry_mfcc.npy,data\processed\tess\spectrograms\YAF_peg_angry_spec.npy
YAF_perch_angry,angry,1,data\processed\tess\features\YAF_perch_angry_mfcc.npy,data\processed\tess\spectrograms\YAF_perch_angry_spec.npy
YAF_phone_angry,angry,1,data\processed\tess\features\YAF_phone_angry_mfcc.npy,data\processed\tess\spectrograms\YAF_phone_angry_spec.npy
YAF_pick_angry,angry,1,data\processed\tess\features\YAF_pick_angry_mfcc.npy,data\processed\tess\spectrograms\YAF_pick_angry_spec.npy
YAF_pike_angry,angry,1,data\processed\tess\features\YAF_pike_angry_mfcc.npy,data\processed\tess\spectrograms\YAF_pike_angry_spec.npy
YAF_pole_angry,angry,1,data\processed\tess\features\YAF_pole_angry_mfcc.npy,data\processed\tess\spectrograms\YAF_pole_angry_spec.npy
YAF_pool_angry,angry,1,data\processed\tess\features\YAF_pool_angry_mfcc.npy,data\processed\tess\spectrograms\YAF_pool_angry_spec.npy
YAF_puff_angry,angry,1,data\processed\tess\features\YAF_puff_angry_mfcc.npy,data\processed\tess\spectrograms\YAF_puff_angry_spec.npy
YAF_rag_angry,angry,1,data\processed\tess\features\YAF_rag_angry_mfcc.npy,data\processed\tess\spectrograms\YAF_rag_angry_spec.npy
YAF_raid_angry,angry,1,data\processed\tess\features\YAF_raid_angry_mfcc.npy,data\processed\tess\spectrograms\YAF_raid_angry_spec.npy
YAF_rain_angry,angry,1,data\processed\tess\features\YAF_rain_angry_mfcc.npy,data\processed\tess\spectrograms\YAF_rain_angry_spec.npy
YAF_raise_angry,angry,1,data\processed\tess\features\YAF_raise_angry_mfcc.npy,data\processed\tess\spectrograms\YAF_raise_angry_spec.npy
YAF_rat_angry,angry,1,data\processed\tess\features\YAF_rat_angry_mfcc.npy,data\processed\tess\spectrograms\YAF_rat_angry_spec.npy
YAF_reach_angry,angry,1,data\processed\tess\features\YAF_reach_angry_mfcc.npy,data\processed\tess\spectrograms\YAF_reach_angry_spec.npy
YAF_read_angry,angry,1,data\processed\tess\features\YAF_read_angry_mfcc.npy,data\processed\tess\spectrograms\YAF_read_angry_spec.npy
YAF_red_angry,angry,1,data\processed\tess\features\YAF_red_angry_mfcc.npy,data\processed\tess\spectrograms\YAF_red_angry_spec.npy
YAF_ring_angry,angry,1,data\processed\tess\features\YAF_ring_angry_mfcc.npy,data\processed\tess\spectrograms\YAF_ring_angry_spec.npy
YAF_ripe_angry,angry,1,data\processed\tess\features\YAF_ripe_angry_mfcc.npy,data\processed\tess\spectrograms\YAF_ripe_angry_spec.npy
YAF_road_angry,angry,1,data\processed\tess\features\YAF_road_angry_mfcc.npy,data\processed\tess\spectrograms\YAF_road_angry_spec.npy
YAF_room_angry,angry,1,data\processed\tess\features\YAF_room_angry_mfcc.npy,data\processed\tess\spectrograms\YAF_room_angry_spec.npy
YAF_rose_angry,angry,1,data\processed\tess\features\YAF_rose_angry_mfcc.npy,data\processed\tess\spectrograms\YAF_rose_angry_spec.npy
YAF_rot_angry,angry,1,data\processed\tess\features\YAF_rot_angry_mfcc.npy,data\processed\tess\spectrograms\YAF_rot_angry_spec.npy
YAF_rough_angry,angry,1,data\processed\tess\features\YAF_rough_angry_mfcc.npy,data\processed\tess\spectrograms\YAF_rough_angry_spec.npy
YAF_rush_angry,angry,1,data\processed\tess\features\YAF_rush_angry_mfcc.npy,data\processed\tess\spectrograms\YAF_rush_angry_spec.npy
YAF_said_angry,angry,1,data\processed\tess\features\YAF_said_angry_mfcc.npy,data\processed\tess\spectrograms\YAF_said_angry_spec.npy
YAF_sail_angry,angry,1,data\processed\tess\features\YAF_sail_angry_mfcc.npy,data\processed\tess\spectrograms\YAF_sail_angry_spec.npy
YAF_search_angry,angry,1,data\processed\tess\features\YAF_search_angry_mfcc.npy,data\processed\tess\spectrograms\YAF_search_angry_spec.npy
YAF_seize_angry,angry,1,data\processed\tess\features\YAF_seize_angry_mfcc.npy,data\processed\tess\spectrograms\YAF_seize_angry_spec.npy
YAF_sell_angry,angry,1,data\processed\tess\features\YAF_sell_angry_mfcc.npy,data\processed\tess\spectrograms\YAF_sell_angry_spec.npy
YAF_shack_angry,angry,1,data\processed\tess\features\YAF_shack_angry_mfcc.npy,data\processed\tess\spectrograms\YAF_shack_angry_spec.npy
YAF_shall_angry,angry,1,data\processed\tess\features\YAF_shall_angry_mfcc.npy,data\processed\tess\spectrograms\YAF_shall_angry_spec.npy
YAF_shawl_angry,angry,1,data\processed\tess\features\YAF_shawl_angry_mfcc.npy,data\processed\tess\spectrograms\YAF_shawl_angry_spec.npy
YAF_sheep_angry,angry,1,data\processed\tess\features\YAF_sheep_angry_mfcc.npy,data\processed\tess\spectrograms\YAF_sheep_angry_spec.npy
YAF_shirt_angry,angry,1,data\processed\tess\features\YAF_shirt_angry_mfcc.npy,data\processed\tess\spectrograms\YAF_shirt_angry_spec.npy
YAF_should_angry,angry,1,data\processed\tess\features\YAF_should_angry_mfcc.npy,data\processed\tess\spectrograms\YAF_should_angry_spec.npy
YAF_shout_angry,angry,1,data\processed\tess\features\YAF_shout_angry_mfcc.npy,data\processed\tess\spectrograms\YAF_shout_angry_spec.npy
YAF_size_angry,angry,1,data\processed\tess\features\YAF_size_angry_mfcc.npy,data\processed\tess\spectrograms\YAF_size_angry_spec.npy
YAF_soap_angry,angry,1,data\processed\tess\features\YAF_soap_angry_mfcc.npy,data\processed\tess\spectrograms\YAF_soap_angry_spec.npy
YAF_soup_angry,angry,1,data\processed\tess\features\YAF_soup_angry_mfcc.npy,data\processed\tess\spectrograms\YAF_soup_angry_spec.npy
YAF_sour_angry,angry,1,data\processed\tess\features\YAF_sour_angry_mfcc.npy,data\processed\tess\spectrograms\YAF_sour_angry_spec.npy
YAF_south_angry,angry,1,data\processed\tess\features\YAF_south_angry_mfcc.npy,data\processed\tess\spectrograms\YAF_south_angry_spec.npy
YAF_sub_angry,angry,1,data\processed\tess\features\YAF_sub_angry_mfcc.npy,data\processed\tess\spectrograms\YAF_sub_angry_spec.npy
YAF_such_angry,angry,1,data\processed\tess\features\YAF_such_angry_mfcc.npy,data\processed\tess\spectrograms\YAF_such_angry_spec.npy
YAF_sure_angry,angry,1,data\processed\tess\features\YAF_sure_angry_mfcc.npy,data\processed\tess\spectrograms\YAF_sure_angry_spec.npy
YAF_take_angry,angry,1,data\processed\tess\features\YAF_take_angry_mfcc.npy,data\processed\tess\spectrograms\YAF_take_angry_spec.npy
YAF_talk_angry,angry,1,data\processed\tess\features\YAF_talk_angry_mfcc.npy,data\processed\tess\spectrograms\YAF_talk_angry_spec.npy
YAF_tape_angry,angry,1,data\processed\tess\features\YAF_tape_angry_mfcc.npy,data\processed\tess\spectrograms\YAF_tape_angry_spec.npy
YAF_team_angry,angry,1,data\processed\tess\features\YAF_team_angry_mfcc.npy,data\processed\tess\spectrograms\YAF_team_angry_spec.npy
YAF_tell_angry,angry,1,data\processed\tess\features\YAF_tell_angry_mfcc.npy,data\processed\tess\spectrograms\YAF_tell_angry_spec.npy
YAF_thin_angry,angry,1,data\processed\tess\features\YAF_thin_angry_mfcc.npy,data\processed\tess\spectrograms\YAF_thin_angry_spec.npy
YAF_third_angry,angry,1,data\processed\tess\features\YAF_third_angry_mfcc.npy,data\processed\tess\spectrograms\YAF_third_angry_spec.npy
YAF_thought_angry,angry,1,data\processed\tess\features\YAF_thought_angry_mfcc.npy,data\processed\tess\spectrograms\YAF_thought_angry_spec.npy
YAF_thumb_angry,angry,1,data\processed\tess\features\YAF_thumb_angry_mfcc.npy,data\processed\tess\spectrograms\YAF_thumb_angry_spec.npy
YAF_time_angry,angry,1,data\processed\tess\features\YAF_time_angry_mfcc.npy,data\processed\tess\spectrograms\YAF_time_angry_spec.npy
YAF_tip_angry,angry,1,data\processed\tess\features\YAF_tip_angry_mfcc.npy,data\processed\tess\spectrograms\YAF_tip_angry_spec.npy
YAF_tire_angry,angry,1,data\processed\tess\features\YAF_tire_angry_mfcc.npy,data\processed\tess\spectrograms\YAF_tire_angry_spec.npy
YAF_ton_angry,angry,1,data\processed\tess\features\YAF_ton_angry_mfcc.npy,data\processed\tess\spectrograms\YAF_ton_angry_spec.npy
YAF_tool_angry,angry,1,data\processed\tess\features\YAF_tool_angry_mfcc.npy,data\processed\tess\spectrograms\YAF_tool_angry_spec.npy
YAF_tough_angry,angry,1,data\processed\tess\features\YAF_tough_angry_mfcc.npy,data\processed\tess\spectrograms\YAF_tough_angry_spec.npy
YAF_turn_angry,angry,1,data\processed\tess\features\YAF_turn_angry_mfcc.npy,data\processed\tess\spectrograms\YAF_turn_angry_spec.npy
YAF_vine_angry,angry,1,data\processed\tess\features\YAF_vine_angry_mfcc.npy,data\processed\tess\spectrograms\YAF_vine_angry_spec.npy
YAF_voice_angry,angry,1,data\processed\tess\features\YAF_voice_angry_mfcc.npy,data\processed\tess\spectrograms\YAF_voice_angry_spec.npy
YAF_void_angry,angry,1,data\processed\tess\features\YAF_void_angry_mfcc.npy,data\processed\tess\spectrograms\YAF_void_angry_spec.npy
YAF_vote_angry,angry,1,data\processed\tess\features\YAF_vote_angry_mfcc.npy,data\processed\tess\spectrograms\YAF_vote_angry_spec.npy
YAF_wag_angry,angry,1,data\processed\tess\features\YAF_wag_angry_mfcc.npy,data\processed\tess\spectrograms\YAF_wag_angry_spec.npy
YAF_walk_angry,angry,1,data\processed\tess\features\YAF_walk_angry_mfcc.npy,data\processed\tess\spectrograms\YAF_walk_angry_spec.npy
YAF_wash_angry,angry,1,data\processed\tess\features\YAF_wash_angry_mfcc.npy,data\processed\tess\spectrograms\YAF_wash_angry_spec.npy
YAF_week_angry,angry,1,data\processed\tess\features\YAF_week_angry_mfcc.npy,data\processed\tess\spectrograms\YAF_week_angry_spec.npy
YAF_wheat_angry,angry,1,data\processed\tess\features\YAF_wheat_angry_mfcc.npy,data\processed\tess\spectrograms\YAF_wheat_angry_spec.npy
YAF_when_angry,angry,1,data\processed\tess\features\YAF_when_angry_mfcc.npy,data\processed\tess\spectrograms\YAF_when_angry_spec.npy
YAF_which_angry,angry,1,data\processed\tess\features\YAF_which_angry_mfcc.npy,data\processed\tess\spectrograms\YAF_which_angry_spec.npy
YAF_whip_angry,angry,1,data\processed\tess\features\YAF_whip_angry_mfcc.npy,data\processed\tess\spectrograms\YAF_whip_angry_spec.npy
YAF_white_angry,angry,1,data\processed\tess\features\YAF_white_angry_mfcc.npy,data\processed\tess\spectrograms\YAF_white_angry_spec.npy
YAF_wife_angry,angry,1,data\processed\tess\features\YAF_wife_angry_mfcc.npy,data\processed\tess\spectrograms\YAF_wife_angry_spec.npy
YAF_wire_angry,angry,1,data\processed\tess\features\YAF_wire_angry_mfcc.npy,data\processed\tess\spectrograms\YAF_wire_angry_spec.npy
YAF_witch_angry,angry,1,data\processed\tess\features\YAF_witch_angry_mfcc.npy,data\processed\tess\spectrograms\YAF_witch_angry_spec.npy
YAF_yearn_angry,angry,1,data\processed\tess\features\YAF_yearn_angry_mfcc.npy,data\processed\tess\spectrograms\YAF_yearn_angry_spec.npy
YAF_yes_angry,angry,1,data\processed\tess\features\YAF_yes_angry_mfcc.npy,data\processed\tess\spectrograms\YAF_yes_angry_spec.npy
YAF_young_angry,angry,1,data\processed\tess\features\YAF_young_angry_mfcc.npy,data\processed\tess\spectrograms\YAF_young_angry_spec.npy
YAF_youth_angry,angry,1,data\processed\tess\features\YAF_youth_angry_mfcc.npy,data\processed\tess\spectrograms\YAF_youth_angry_spec.npy
YAF_back_disgust,disgust,1,data\processed\tess\features\YAF_back_disgust_mfcc.npy,data\processed\tess\spectrograms\YAF_back_disgust_spec.npy
YAF_bar_disgust,disgust,1,data\processed\tess\features\YAF_bar_disgust_mfcc.npy,data\processed\tess\spectrograms\YAF_bar_disgust_spec.npy
YAF_base_disgust,disgust,1,data\processed\tess\features\YAF_base_disgust_mfcc.npy,data\processed\tess\spectrograms\YAF_base_disgust_spec.npy
YAF_bath_disgust,disgust,1,data\processed\tess\features\YAF_bath_disgust_mfcc.npy,data\processed\tess\spectrograms\YAF_bath_disgust_spec.npy
YAF_bean_disgust,disgust,1,data\processed\tess\features\YAF_bean_disgust_mfcc.npy,data\processed\tess\spectrograms\YAF_bean_disgust_spec.npy
YAF_beg_disgust,disgust,1,data\processed\tess\features\YAF_beg_disgust_mfcc.npy,data\processed\tess\spectrograms\YAF_beg_disgust_spec.npy
YAF_bite_disgust,disgust,1,data\processed\tess\features\YAF_bite_disgust_mfcc.npy,data\processed\tess\spectrograms\YAF_bite_disgust_spec.npy
YAF_boat_disgust,disgust,1,data\processed\tess\features\YAF_boat_disgust_mfcc.npy,data\processed\tess\spectrograms\YAF_boat_disgust_spec.npy
YAF_bone_disgust,disgust,1,data\processed\tess\features\YAF_bone_disgust_mfcc.npy,data\processed\tess\spectrograms\YAF_bone_disgust_spec.npy
YAF_book_disgust,disgust,1,data\processed\tess\features\YAF_book_disgust_mfcc.npy,data\processed\tess\spectrograms\YAF_book_disgust_spec.npy
YAF_bought_disgust,disgust,1,data\processed\tess\features\YAF_bought_disgust_mfcc.npy,data\processed\tess\spectrograms\YAF_bought_disgust_spec.npy
YAF_burn_disgust,disgust,1,data\processed\tess\features\YAF_burn_disgust_mfcc.npy,data\processed\tess\spectrograms\YAF_burn_disgust_spec.npy
YAF_cab_disgust,disgust,1,data\processed\tess\features\YAF_cab_disgust_mfcc.npy,data\processed\tess\spectrograms\YAF_cab_disgust_spec.npy
YAF_calm_disgust,disgust,1,data\processed\tess\features\YAF_calm_disgust_mfcc.npy,data\processed\tess\spectrograms\YAF_calm_disgust_spec.npy
YAF_came_disgust,disgust,1,data\processed\tess\features\YAF_came_disgust_mfcc.npy,data\processed\tess\spectrograms\YAF_came_disgust_spec.npy
YAF_cause_disgust,disgust,1,data\processed\tess\features\YAF_cause_disgust_mfcc.npy,data\processed\tess\spectrograms\YAF_cause_disgust_spec.npy
YAF_chain_disgust,disgust,1,data\processed\tess\features\YAF_chain_disgust_mfcc.npy,data\processed\tess\spectrograms\YAF_chain_disgust_spec.npy
YAF_chair_disgust,disgust,1,data\processed\tess\features\YAF_chair_disgust_mfcc.npy,data\processed\tess\spectrograms\YAF_chair_disgust_spec.npy
YAF_chalk_disgust,disgust,1,data\processed\tess\features\YAF_chalk_disgust_mfcc.npy,data\processed\tess\spectrograms\YAF_chalk_disgust_spec.npy
YAF_chat_disgust,disgust,1,data\processed\tess\features\YAF_chat_disgust_mfcc.npy,data\processed\tess\spectrograms\YAF_chat_disgust_spec.npy
YAF_check_disgust,disgust,1,data\processed\tess\features\YAF_check_disgust_mfcc.npy,data\processed\tess\spectrograms\YAF_check_disgust_spec.npy
YAF_cheek_disgust,disgust,1,data\processed\tess\features\YAF_cheek_disgust_mfcc.npy,data\processed\tess\spectrograms\YAF_cheek_disgust_spec.npy
YAF_chief_disgust,disgust,1,data\processed\tess\features\YAF_chief_disgust_mfcc.npy,data\processed\tess\spectrograms\YAF_chief_disgust_spec.npy
YAF_choice_disgust,disgust,1,data\processed\tess\features\YAF_choice_disgust_mfcc.npy,data\processed\tess\spectrograms\YAF_choice_disgust_spec.npy
YAF_cool_disgust,disgust,1,data\processed\tess\features\YAF_cool_disgust_mfcc.npy,data\processed\tess\spectrograms\YAF_cool_disgust_spec.npy
YAF_dab_disgust,disgust,1,data\processed\tess\features\YAF_dab_disgust_mfcc.npy,data\processed\tess\spectrograms\YAF_dab_disgust_spec.npy
YAF_date_disgust,disgust,1,data\processed\tess\features\YAF_date_disgust_mfcc.npy,data\processed\tess\spectrograms\YAF_date_disgust_spec.npy
YAF_dead_disgust,disgust,1,data\processed\tess\features\YAF_dead_disgust_mfcc.npy,data\processed\tess\spectrograms\YAF_dead_disgust_spec.npy
YAF_death_disgust,disgust,1,data\processed\tess\features\YAF_death_disgust_mfcc.npy,data\processed\tess\spectrograms\YAF_death_disgust_spec.npy
YAF_deep_disgust,disgust,1,data\processed\tess\features\YAF_deep_disgust_mfcc.npy,data\processed\tess\spectrograms\YAF_deep_disgust_spec.npy
YAF_dime_disgust,disgust,1,data\processed\tess\features\YAF_dime_disgust_mfcc.npy,data\processed\tess\spectrograms\YAF_dime_disgust_spec.npy
YAF_dip_disgust,disgust,1,data\processed\tess\features\YAF_dip_disgust_mfcc.npy,data\processed\tess\spectrograms\YAF_dip_disgust_spec.npy
YAF_ditch_disgust,disgust,1,data\processed\tess\features\YAF_ditch_disgust_mfcc.npy,data\processed\tess\spectrograms\YAF_ditch_disgust_spec.npy
YAF_dodge_disgust,disgust,1,data\processed\tess\features\YAF_dodge_disgust_mfcc.npy,data\processed\tess\spectrograms\YAF_dodge_disgust_spec.npy
YAF_dog_disgust,disgust,1,data\processed\tess\features\YAF_dog_disgust_mfcc.npy,data\processed\tess\spectrograms\YAF_dog_disgust_spec.npy
YAF_doll_disgust,disgust,1,data\processed\tess\features\YAF_doll_disgust_mfcc.npy,data\processed\tess\spectrograms\YAF_doll_disgust_spec.npy
YAF_door_disgust,disgust,1,data\processed\tess\features\YAF_door_disgust_mfcc.npy,data\processed\tess\spectrograms\YAF_door_disgust_spec.npy
YAF_fail_disgust,disgust,1,data\processed\tess\features\YAF_fail_disgust_mfcc.npy,data\processed\tess\spectrograms\YAF_fail_disgust_spec.npy
YAF_fall_disgust,disgust,1,data\processed\tess\features\YAF_fall_disgust_mfcc.npy,data\processed\tess\spectrograms\YAF_fall_disgust_spec.npy
YAF_far_disgust,disgust,1,data\processed\tess\features\YAF_far_disgust_mfcc.npy,data\processed\tess\spectrograms\YAF_far_disgust_spec.npy
YAF_fat_disgust,disgust,1,data\processed\tess\features\YAF_fat_disgust_mfcc.npy,data\processed\tess\spectrograms\YAF_fat_disgust_spec.npy
YAF_fit_disgust,disgust,1,data\processed\tess\features\YAF_fit_disgust_mfcc.npy,data\processed\tess\spectrograms\YAF_fit_disgust_spec.npy
YAF_five_disgust,disgust,1,data\processed\tess\features\YAF_five_disgust_mfcc.npy,data\processed\tess\spectrograms\YAF_five_disgust_spec.npy
YAF_food_disgust,disgust,1,data\processed\tess\features\YAF_food_disgust_mfcc.npy,data\processed\tess\spectrograms\YAF_food_disgust_spec.npy
YAF_gap_disgust,disgust,1,data\processed\tess\features\YAF_gap_disgust_mfcc.npy,data\processed\tess\spectrograms\YAF_gap_disgust_spec.npy
YAF_gas_disgust,disgust,1,data\processed\tess\features\YAF_gas_disgust_mfcc.npy,data\processed\tess\spectrograms\YAF_gas_disgust_spec.npy
YAF_gaze_disgust,disgust,1,data\processed\tess\features\YAF_gaze_disgust_mfcc.npy,data\processed\tess\spectrograms\YAF_gaze_disgust_spec.npy
YAF_germ_disgust,disgust,1,data\processed\tess\features\YAF_germ_disgust_mfcc.npy,data\processed\tess\spectrograms\YAF_germ_disgust_spec.npy
YAF_get_disgust,disgust,1,data\processed\tess\features\YAF_get_disgust_mfcc.npy,data\processed\tess\spectrograms\YAF_get_disgust_spec.npy
YAF_gin_disgust,disgust,1,data\processed\tess\features\YAF_gin_disgust_mfcc.npy,data\processed\tess\spectrograms\YAF_gin_disgust_spec.npy
YAF_goal_disgust,disgust,1,data\processed\tess\features\YAF_goal_disgust_mfcc.npy,data\processed\tess\spectrograms\YAF_goal_disgust_spec.npy
YAF_good_disgust,disgust,1,data\processed\tess\features\YAF_good_disgust_mfcc.npy,data\processed\tess\spectrograms\YAF_good_disgust_spec.npy
YAF_goose_disgust,disgust,1,data\processed\tess\features\YAF_goose_disgust_mfcc.npy,data\processed\tess\spectrograms\YAF_goose_disgust_spec.npy
YAF_gun_disgust,disgust,1,data\processed\tess\features\YAF_gun_disgust_mfcc.npy,data\processed\tess\spectrograms\YAF_gun_disgust_spec.npy
YAF_half_disgust,disgust,1,data\processed\tess\features\YAF_half_disgust_mfcc.npy,data\processed\tess\spectrograms\YAF_half_disgust_spec.npy
YAF_hall_disgust,disgust,1,data\processed\tess\features\YAF_hall_disgust_mfcc.npy,data\processed\tess\spectrograms\YAF_hall_disgust_spec.npy
YAF_hash_disgust,disgust,1,data\processed\tess\features\YAF_hash_disgust_mfcc.npy,data\processed\tess\spectrograms\YAF_hash_disgust_spec.npy
YAF_hate_disgust,disgust,1,data\processed\tess\features\YAF_hate_disgust_mfcc.npy,data\processed\tess\spectrograms\YAF_hate_disgust_spec.npy
YAF_have_disgust,disgust,1,data\processed\tess\features\YAF_have_disgust_mfcc.npy,data\processed\tess\spectrograms\YAF_have_disgust_spec.npy
YAF_haze_disgust,disgust,1,data\processed\tess\features\YAF_haze_disgust_mfcc.npy,data\processed\tess\spectrograms\YAF_haze_disgust_spec.npy
YAF_hire_disgust,disgust,1,data\processed\tess\features\YAF_hire_disgust_mfcc.npy,data\processed\tess\spectrograms\YAF_hire_disgust_spec.npy
YAF_hit_disgust,disgust,1,data\processed\tess\features\YAF_hit_disgust_mfcc.npy,data\processed\tess\spectrograms\YAF_hit_disgust_spec.npy
YAF_hole_disgust,disgust,1,data\processed\tess\features\YAF_hole_disgust_mfcc.npy,data\processed\tess\spectrograms\YAF_hole_disgust_spec.npy
YAF_home_disgust,disgust,1,data\processed\tess\features\YAF_home_disgust_mfcc.npy,data\processed\tess\spectrograms\YAF_home_disgust_spec.npy
YAF_hurl_disgust,disgust,1,data\processed\tess\features\YAF_hurl_disgust_mfcc.npy,data\processed\tess\spectrograms\YAF_hurl_disgust_spec.npy
YAF_hush_disgust,disgust,1,data\processed\tess\features\YAF_hush_disgust_mfcc.npy,data\processed\tess\spectrograms\YAF_hush_disgust_spec.npy
YAF_jail_disgust,disgust,1,data\processed\tess\features\YAF_jail_disgust_mfcc.npy,data\processed\tess\spectrograms\YAF_jail_disgust_spec.npy
YAF_jar_disgust,disgust,1,data\processed\tess\features\YAF_jar_disgust_mfcc.npy,data\processed\tess\spectrograms\YAF_jar_disgust_spec.npy
YAF_join_disgust,disgust,1,data\processed\tess\features\YAF_join_disgust_mfcc.npy,data\processed\tess\spectrograms\YAF_join_disgust_spec.npy
YAF_judge_disgust,disgust,1,data\processed\tess\features\YAF_judge_disgust_mfcc.npy,data\processed\tess\spectrograms\YAF_judge_disgust_spec.npy
YAF_jug_disgust,disgust,1,data\processed\tess\features\YAF_jug_disgust_mfcc.npy,data\processed\tess\spectrograms\YAF_jug_disgust_spec.npy
YAF_juice_disgust,disgust,1,data\processed\tess\features\YAF_juice_disgust_mfcc.npy,data\processed\tess\spectrograms\YAF_juice_disgust_spec.npy
YAF_keen_disgust,disgust,1,data\processed\tess\features\YAF_keen_disgust_mfcc.npy,data\processed\tess\spectrograms\YAF_keen_disgust_spec.npy
YAF_keep_disgust,disgust,1,data\processed\tess\features\YAF_keep_disgust_mfcc.npy,data\processed\tess\spectrograms\YAF_keep_disgust_spec.npy
YAF_keg_disgust,disgust,1,data\processed\tess\features\YAF_keg_disgust_mfcc.npy,data\processed\tess\spectrograms\YAF_keg_disgust_spec.npy
YAF_kick_disgust,disgust,1,data\processed\tess\features\YAF_kick_disgust_mfcc.npy,data\processed\tess\spectrograms\YAF_kick_disgust_spec.npy
YAF_kill_disgust,disgust,1,data\processed\tess\features\YAF_kill_disgust_mfcc.npy,data\processed\tess\spectrograms\YAF_kill_disgust_spec.npy
YAF_king_disgust,disgust,1,data\processed\tess\features\YAF_king_disgust_mfcc.npy,data\processed\tess\spectrograms\YAF_king_disgust_spec.npy
YAF_kite_disgust,disgust,1,data\processed\tess\features\YAF_kite_disgust_mfcc.npy,data\processed\tess\spectrograms\YAF_kite_disgust_spec.npy
YAF_knock_disgust,disgust,1,data\processed\tess\features\YAF_knock_disgust_mfcc.npy,data\processed\tess\spectrograms\YAF_knock_disgust_spec.npy
YAF_late_disgust,disgust,1,data\processed\tess\features\YAF_late_disgust_mfcc.npy,data\processed\tess\spectrograms\YAF_late_disgust_spec.npy
YAF_laud_disgust,disgust,1,data\processed\tess\features\YAF_laud_disgust_mfcc.npy,data\processed\tess\spectrograms\YAF_laud_disgust_spec.npy
YAF_lean_disgust,disgust,1,data\processed\tess\features\YAF_lean_disgust_mfcc.npy,data\processed\tess\spectrograms\YAF_lean_disgust_spec.npy
YAF_learn_disgust,disgust,1,data\processed\tess\features\YAF_learn_disgust_mfcc.npy,data\processed\tess\spectrograms\YAF_learn_disgust_spec.npy
YAF_lease_disgust,disgust,1,data\processed\tess\features\YAF_lease_disgust_mfcc.npy,data\processed\tess\spectrograms\YAF_lease_disgust_spec.npy
YAF_lid_disgust,disgust,1,data\processed\tess\features\YAF_lid_disgust_mfcc.npy,data\processed\tess\spectrograms\YAF_lid_disgust_spec.npy
YAF_life_disgust,disgust,1,data\processed\tess\features\YAF_life_disgust_mfcc.npy,data\processed\tess\spectrograms\YAF_life_disgust_spec.npy
YAF_limb_disgust,disgust,1,data\processed\tess\features\YAF_limb_disgust_mfcc.npy,data\processed\tess\spectrograms\YAF_limb_disgust_spec.npy
YAF_live_disgust,disgust,1,data\processed\tess\features\YAF_live_disgust_mfcc.npy,data\processed\tess\spectrograms\YAF_live_disgust_spec.npy
YAF_loaf_disgust,disgust,1,data\processed\tess\features\YAF_loaf_disgust_mfcc.npy,data\processed\tess\spectrograms\YAF_loaf_disgust_spec.npy
YAF_long_disgust,disgust,1,data\processed\tess\features\YAF_long_disgust_mfcc.npy,data\processed\tess\spectrograms\YAF_long_disgust_spec.npy
YAF_lore_disgust,disgust,1,data\processed\tess\features\YAF_lore_disgust_mfcc.npy,data\processed\tess\spectrograms\YAF_lore_disgust_spec.npy
YAF_lose_disgust,disgust,1,data\processed\tess\features\YAF_lose_disgust_mfcc.npy,data\processed\tess\spectrograms\YAF_lose_disgust_spec.npy
YAF_lot_disgust,disgust,1,data\processed\tess\features\YAF_lot_disgust_mfcc.npy,data\processed\tess\spectrograms\YAF_lot_disgust_spec.npy
YAF_love_disgust,disgust,1,data\processed\tess\features\YAF_love_disgust_mfcc.npy,data\processed\tess\spectrograms\YAF_love_disgust_spec.npy
YAF_luck_disgust,disgust,1,data\processed\tess\features\YAF_luck_disgust_mfcc.npy,data\processed\tess\spectrograms\YAF_luck_disgust_spec.npy
YAF_make_disgust,disgust,1,data\processed\tess\features\YAF_make_disgust_mfcc.npy,data\processed\tess\spectrograms\YAF_make_disgust_spec.npy
YAF_match_disgust,disgust,1,data\processed\tess\features\YAF_match_disgust_mfcc.npy,data\processed\tess\spectrograms\YAF_match_disgust_spec.npy
YAF_merge_disgust,disgust,1,data\processed\tess\features\YAF_merge_disgust_mfcc.npy,data\processed\tess\spectrograms\YAF_merge_disgust_spec.npy
YAF_mess_disgust,disgust,1,data\processed\tess\features\YAF_mess_disgust_mfcc.npy,data\processed\tess\spectrograms\YAF_mess_disgust_spec.npy
YAF_met_disgust,disgust,1,data\processed\tess\features\YAF_met_disgust_mfcc.npy,data\processed\tess\spectrograms\YAF_met_disgust_spec.npy
YAF_mill_disgust,disgust,1,data\processed\tess\features\YAF_mill_disgust_mfcc.npy,data\processed\tess\spectrograms\YAF_mill_disgust_spec.npy
YAF_mob_disgust,disgust,1,data\processed\tess\features\YAF_mob_disgust_mfcc.npy,data\processed\tess\spectrograms\YAF_mob_disgust_spec.npy
YAF_mode_disgust,disgust,1,data\processed\tess\features\YAF_mode_disgust_mfcc.npy,data\processed\tess\spectrograms\YAF_mode_disgust_spec.npy
YAF_mood_disgust,disgust,1,data\processed\tess\features\YAF_mood_disgust_mfcc.npy,data\processed\tess\spectrograms\YAF_mood_disgust_spec.npy
YAF_moon_disgust,disgust,1,data\processed\tess\features\YAF_moon_disgust_mfcc.npy,data\processed\tess\spectrograms\YAF_moon_disgust_spec.npy
YAF_mop_disgust,disgust,1,data\processed\tess\features\YAF_mop_disgust_mfcc.npy,data\processed\tess\spectrograms\YAF_mop_disgust_spec.npy
YAF_mouse_disgust,disgust,1,data\processed\tess\features\YAF_mouse_disgust_mfcc.npy,data\processed\tess\spectrograms\YAF_mouse_disgust_spec.npy
YAF_nag_disgust,disgust,1,data\processed\tess\features\YAF_nag_disgust_mfcc.npy,data\processed\tess\spectrograms\YAF_nag_disgust_spec.npy
YAF_name_disgust,disgust,1,data\processed\tess\features\YAF_name_disgust_mfcc.npy,data\processed\tess\spectrograms\YAF_name_disgust_spec.npy
YAF_near_disgust,disgust,1,data\processed\tess\features\YAF_near_disgust_mfcc.npy,data\processed\tess\spectrograms\YAF_near_disgust_spec.npy
YAF_neat_disgust,disgust,1,data\processed\tess\features\YAF_neat_disgust_mfcc.npy,data\processed\tess\spectrograms\YAF_neat_disgust_spec.npy
YAF_nice_disgust,disgust,1,data\processed\tess\features\YAF_nice_disgust_mfcc.npy,data\processed\tess\spectrograms\YAF_nice_disgust_spec.npy
YAF_note_disgust,disgust,1,data\processed\tess\features\YAF_note_disgust_mfcc.npy,data\processed\tess\spectrograms\YAF_note_disgust_spec.npy
YAF_numb_disgust,disgust,1,data\processed\tess\features\YAF_numb_disgust_mfcc.npy,data\processed\tess\spectrograms\YAF_numb_disgust_spec.npy
YAF_pad_disgust,disgust,1,data\processed\tess\features\YAF_pad_disgust_mfcc.npy,data\processed\tess\spectrograms\YAF_pad_disgust_spec.npy
YAF_page_disgust,disgust,1,data\processed\tess\features\YAF_page_disgust_mfcc.npy,data\processed\tess\spectrograms\YAF_page_disgust_spec.npy
YAF_pain_disgust,disgust,1,data\processed\tess\features\YAF_pain_disgust_mfcc.npy,data\processed\tess\spectrograms\YAF_pain_disgust_spec.npy
YAF_pass_disgust,disgust,1,data\processed\tess\features\YAF_pass_disgust_mfcc.npy,data\processed\tess\spectrograms\YAF_pass_disgust_spec.npy
YAF_pearl_disgust,disgust,1,data\processed\tess\features\YAF_pearl_disgust_mfcc.npy,data\processed\tess\spectrograms\YAF_pearl_disgust_spec.npy
YAF_peg_disgust,disgust,1,data\processed\tess\features\YAF_peg_disgust_mfcc.npy,data\processed\tess\spectrograms\YAF_peg_disgust_spec.npy
YAF_perch_disgust,disgust,1,data\processed\tess\features\YAF_perch_disgust_mfcc.npy,data\processed\tess\spectrograms\YAF_perch_disgust_spec.npy
YAF_phone_disgust,disgust,1,data\processed\tess\features\YAF_phone_disgust_mfcc.npy,data\processed\tess\spectrograms\YAF_phone_disgust_spec.npy
YAF_pick_disgust,disgust,1,data\processed\tess\features\YAF_pick_disgust_mfcc.npy,data\processed\tess\spectrograms\YAF_pick_disgust_spec.npy
YAF_pike_disgust,disgust,1,data\processed\tess\features\YAF_pike_disgust_mfcc.npy,data\processed\tess\spectrograms\YAF_pike_disgust_spec.npy
YAF_pole_disgust,disgust,1,data\processed\tess\features\YAF_pole_disgust_mfcc.npy,data\processed\tess\spectrograms\YAF_pole_disgust_spec.npy
YAF_pool_disgust,disgust,1,data\processed\tess\features\YAF_pool_disgust_mfcc.npy,data\processed\tess\spectrograms\YAF_pool_disgust_spec.npy
YAF_puff_disgust,disgust,1,data\processed\tess\features\YAF_puff_disgust_mfcc.npy,data\processed\tess\spectrograms\YAF_puff_disgust_spec.npy
YAF_rag_disgust,disgust,1,data\processed\tess\features\YAF_rag_disgust_mfcc.npy,data\processed\tess\spectrograms\YAF_rag_disgust_spec.npy
YAF_raid_disgust,disgust,1,data\processed\tess\features\YAF_raid_disgust_mfcc.npy,data\processed\tess\spectrograms\YAF_raid_disgust_spec.npy
YAF_rain_disgust,disgust,1,data\processed\tess\features\YAF_rain_disgust_mfcc.npy,data\processed\tess\spectrograms\YAF_rain_disgust_spec.npy
YAF_raise_disgust,disgust,1,data\processed\tess\features\YAF_raise_disgust_mfcc.npy,data\processed\tess\spectrograms\YAF_raise_disgust_spec.npy
YAF_rat_disgust,disgust,1,data\processed\tess\features\YAF_rat_disgust_mfcc.npy,data\processed\tess\spectrograms\YAF_rat_disgust_spec.npy
YAF_reach_disgust,disgust,1,data\processed\tess\features\YAF_reach_disgust_mfcc.npy,data\processed\tess\spectrograms\YAF_reach_disgust_spec.npy
YAF_read_disgust,disgust,1,data\processed\tess\features\YAF_read_disgust_mfcc.npy,data\processed\tess\spectrograms\YAF_read_disgust_spec.npy
YAF_red_disgust,disgust,1,data\processed\tess\features\YAF_red_disgust_mfcc.npy,data\processed\tess\spectrograms\YAF_red_disgust_spec.npy
YAF_ring_disgust,disgust,1,data\processed\tess\features\YAF_ring_disgust_mfcc.npy,data\processed\tess\spectrograms\YAF_ring_disgust_spec.npy
YAF_ripe_disgust,disgust,1,data\processed\tess\features\YAF_ripe_disgust_mfcc.npy,data\processed\tess\spectrograms\YAF_ripe_disgust_spec.npy
YAF_road_disgust,disgust,1,data\processed\tess\features\YAF_road_disgust_mfcc.npy,data\processed\tess\spectrograms\YAF_road_disgust_spec.npy
YAF_room_disgust,disgust,1,data\processed\tess\features\YAF_room_disgust_mfcc.npy,data\processed\tess\spectrograms\YAF_room_disgust_spec.npy
YAF_rose_disgust,disgust,1,data\processed\tess\features\YAF_rose_disgust_mfcc.npy,data\processed\tess\spectrograms\YAF_rose_disgust_spec.npy
YAF_rot_disgust,disgust,1,data\processed\tess\features\YAF_rot_disgust_mfcc.npy,data\processed\tess\spectrograms\YAF_rot_disgust_spec.npy
YAF_rough_disgust,disgust,1,data\processed\tess\features\YAF_rough_disgust_mfcc.npy,data\processed\tess\spectrograms\YAF_rough_disgust_spec.npy
YAF_rush_disgust,disgust,1,data\processed\tess\features\YAF_rush_disgust_mfcc.npy,data\processed\tess\spectrograms\YAF_rush_disgust_spec.npy
YAF_said_disgust,disgust,1,data\processed\tess\features\YAF_said_disgust_mfcc.npy,data\processed\tess\spectrograms\YAF_said_disgust_spec.npy
YAF_sail_disgust,disgust,1,data\processed\tess\features\YAF_sail_disgust_mfcc.npy,data\processed\tess\spectrograms\YAF_sail_disgust_spec.npy
YAF_search_disgust,disgust,1,data\processed\tess\features\YAF_search_disgust_mfcc.npy,data\processed\tess\spectrograms\YAF_search_disgust_spec.npy
YAF_seize_disgust,disgust,1,data\processed\tess\features\YAF_seize_disgust_mfcc.npy,data\processed\tess\spectrograms\YAF_seize_disgust_spec.npy
YAF_sell_disgust,disgust,1,data\processed\tess\features\YAF_sell_disgust_mfcc.npy,data\processed\tess\spectrograms\YAF_sell_disgust_spec.npy
YAF_shack_disgust,disgust,1,data\processed\tess\features\YAF_shack_disgust_mfcc.npy,data\processed\tess\spectrograms\YAF_shack_disgust_spec.npy
YAF_shall_disgust,disgust,1,data\processed\tess\features\YAF_shall_disgust_mfcc.npy,data\processed\tess\spectrograms\YAF_shall_disgust_spec.npy
YAF_shawl_disgust,disgust,1,data\processed\tess\features\YAF_shawl_disgust_mfcc.npy,data\processed\tess\spectrograms\YAF_shawl_disgust_spec.npy
YAF_sheep_disgust,disgust,1,data\processed\tess\features\YAF_sheep_disgust_mfcc.npy,data\processed\tess\spectrograms\YAF_sheep_disgust_spec.npy
YAF_shirt_disgust,disgust,1,data\processed\tess\features\YAF_shirt_disgust_mfcc.npy,data\processed\tess\spectrograms\YAF_shirt_disgust_spec.npy
YAF_should_disgust,disgust,1,data\processed\tess\features\YAF_should_disgust_mfcc.npy,data\processed\tess\spectrograms\YAF_should_disgust_spec.npy
YAF_shout_disgust,disgust,1,data\processed\tess\features\YAF_shout_disgust_mfcc.npy,data\processed\tess\spectrograms\YAF_shout_disgust_spec.npy
YAF_size_disgust,disgust,1,data\processed\tess\features\YAF_size_disgust_mfcc.npy,data\processed\tess\spectrograms\YAF_size_disgust_spec.npy
YAF_soap_disgust,disgust,1,data\processed\tess\features\YAF_soap_disgust_mfcc.npy,data\processed\tess\spectrograms\YAF_soap_disgust_spec.npy
YAF_soup_disgust,disgust,1,data\processed\tess\features\YAF_soup_disgust_mfcc.npy,data\processed\tess\spectrograms\YAF_soup_disgust_spec.npy
YAF_sour_disgust,disgust,1,data\processed\tess\features\YAF_sour_disgust_mfcc.npy,data\processed\tess\spectrograms\YAF_sour_disgust_spec.npy
YAF_south_disgust,disgust,1,data\processed\tess\features\YAF_south_disgust_mfcc.npy,data\processed\tess\spectrograms\YAF_south_disgust_spec.npy
YAF_sub_disgust,disgust,1,data\processed\tess\features\YAF_sub_disgust_mfcc.npy,data\processed\tess\spectrograms\YAF_sub_disgust_spec.npy
YAF_such_disgust,disgust,1,data\processed\tess\features\YAF_such_disgust_mfcc.npy,data\processed\tess\spectrograms\YAF_such_disgust_spec.npy
YAF_sure_disgust,disgust,1,data\processed\tess\features\YAF_sure_disgust_mfcc.npy,data\processed\tess\spectrograms\YAF_sure_disgust_spec.npy
YAF_take_disgust,disgust,1,data\processed\tess\features\YAF_take_disgust_mfcc.npy,data\processed\tess\spectrograms\YAF_take_disgust_spec.npy
YAF_talk_disgust,disgust,1,data\processed\tess\features\YAF_talk_disgust_mfcc.npy,data\processed\tess\spectrograms\YAF_talk_disgust_spec.npy
YAF_tape_disgust,disgust,1,data\processed\tess\features\YAF_tape_disgust_mfcc.npy,data\processed\tess\spectrograms\YAF_tape_disgust_spec.npy
YAF_team_disgust,disgust,1,data\processed\tess\features\YAF_team_disgust_mfcc.npy,data\processed\tess\spectrograms\YAF_team_disgust_spec.npy
YAF_tell_disgust,disgust,1,data\processed\tess\features\YAF_tell_disgust_mfcc.npy,data\processed\tess\spectrograms\YAF_tell_disgust_spec.npy
YAF_thin_disgust,disgust,1,data\processed\tess\features\YAF_thin_disgust_mfcc.npy,data\processed\tess\spectrograms\YAF_thin_disgust_spec.npy
YAF_third_disgust,disgust,1,data\processed\tess\features\YAF_third_disgust_mfcc.npy,data\processed\tess\spectrograms\YAF_third_disgust_spec.npy
YAF_thought_disgust,disgust,1,data\processed\tess\features\YAF_thought_disgust_mfcc.npy,data\processed\tess\spectrograms\YAF_thought_disgust_spec.npy
YAF_thumb_disgust,disgust,1,data\processed\tess\features\YAF_thumb_disgust_mfcc.npy,data\processed\tess\spectrograms\YAF_thumb_disgust_spec.npy
YAF_time_disgust,disgust,1,data\processed\tess\features\YAF_time_disgust_mfcc.npy,data\processed\tess\spectrograms\YAF_time_disgust_spec.npy
YAF_tip_disgust,disgust,1,data\processed\tess\features\YAF_tip_disgust_mfcc.npy,data\processed\tess\spectrograms\YAF_tip_disgust_spec.npy
YAF_tire_disgust,disgust,1,data\processed\tess\features\YAF_tire_disgust_mfcc.npy,data\processed\tess\spectrograms\YAF_tire_disgust_spec.npy
YAF_ton_disgust,disgust,1,data\processed\tess\features\YAF_ton_disgust_mfcc.npy,data\processed\tess\spectrograms\YAF_ton_disgust_spec.npy
YAF_tool_disgust,disgust,1,data\processed\tess\features\YAF_tool_disgust_mfcc.npy,data\processed\tess\spectrograms\YAF_tool_disgust_spec.npy
YAF_tough_disgust,disgust,1,data\processed\tess\features\YAF_tough_disgust_mfcc.npy,data\processed\tess\spectrograms\YAF_tough_disgust_spec.npy
YAF_turn_disgust,disgust,1,data\processed\tess\features\YAF_turn_disgust_mfcc.npy,data\processed\tess\spectrograms\YAF_turn_disgust_spec.npy
YAF_vine_disgust,disgust,1,data\processed\tess\features\YAF_vine_disgust_mfcc.npy,data\processed\tess\spectrograms\YAF_vine_disgust_spec.npy
YAF_voice_disgust,disgust,1,data\processed\tess\features\YAF_voice_disgust_mfcc.npy,data\processed\tess\spectrograms\YAF_voice_disgust_spec.npy
YAF_void_disgust,disgust,1,data\processed\tess\features\YAF_void_disgust_mfcc.npy,data\processed\tess\spectrograms\YAF_void_disgust_spec.npy
YAF_vote_disgust,disgust,1,data\processed\tess\features\YAF_vote_disgust_mfcc.npy,data\processed\tess\spectrograms\YAF_vote_disgust_spec.npy
YAF_wag_disgust,disgust,1,data\processed\tess\features\YAF_wag_disgust_mfcc.npy,data\processed\tess\spectrograms\YAF_wag_disgust_spec.npy
YAF_walk_disgust,disgust,1,data\processed\tess\features\YAF_walk_disgust_mfcc.npy,data\processed\tess\spectrograms\YAF_walk_disgust_spec.npy
YAF_wash_disgust,disgust,1,data\processed\tess\features\YAF_wash_disgust_mfcc.npy,data\processed\tess\spectrograms\YAF_wash_disgust_spec.npy
YAF_week_disgust,disgust,1,data\processed\tess\features\YAF_week_disgust_mfcc.npy,data\processed\tess\spectrograms\YAF_week_disgust_spec.npy
YAF_wheat_disgust,disgust,1,data\processed\tess\features\YAF_wheat_disgust_mfcc.npy,data\processed\tess\spectrograms\YAF_wheat_disgust_spec.npy
YAF_when_disgust,disgust,1,data\processed\tess\features\YAF_when_disgust_mfcc.npy,data\processed\tess\spectrograms\YAF_when_disgust_spec.npy
YAF_which_disgust,disgust,1,data\processed\tess\features\YAF_which_disgust_mfcc.npy,data\processed\tess\spectrograms\YAF_which_disgust_spec.npy
YAF_whip_disgust,disgust,1,data\processed\tess\features\YAF_whip_disgust_mfcc.npy,data\processed\tess\spectrograms\YAF_whip_disgust_spec.npy
YAF_white_disgust,disgust,1,data\processed\tess\features\YAF_white_disgust_mfcc.npy,data\processed\tess\spectrograms\YAF_white_disgust_spec.npy
YAF_wife_disgust,disgust,1,data\processed\tess\features\YAF_wife_disgust_mfcc.npy,data\processed\tess\spectrograms\YAF_wife_disgust_spec.npy
YAF_wire_disgust,disgust,1,data\processed\tess\features\YAF_wire_disgust_mfcc.npy,data\processed\tess\spectrograms\YAF_wire_disgust_spec.npy
YAF_witch_disgust,disgust,1,data\processed\tess\features\YAF_witch_disgust_mfcc.npy,data\processed\tess\spectrograms\YAF_witch_disgust_spec.npy
YAF_yearn_disgust,disgust,1,data\processed\tess\features\YAF_yearn_disgust_mfcc.npy,data\processed\tess\spectrograms\YAF_yearn_disgust_spec.npy
YAF_yes_disgust,disgust,1,data\processed\tess\features\YAF_yes_disgust_mfcc.npy,data\processed\tess\spectrograms\YAF_yes_disgust_spec.npy
YAF_young_disgust,disgust,1,data\processed\tess\features\YAF_young_disgust_mfcc.npy,data\processed\tess\spectrograms\YAF_young_disgust_spec.npy
YAF_youth_disgust,disgust,1,data\processed\tess\features\YAF_youth_disgust_mfcc.npy,data\processed\tess\spectrograms\YAF_youth_disgust_spec.npy
YAF_back_fear,fear,1,data\processed\tess\features\YAF_back_fear_mfcc.npy,data\processed\tess\spectrograms\YAF_back_fear_spec.npy
YAF_bar_fear,fear,1,data\processed\tess\features\YAF_bar_fear_mfcc.npy,data\processed\tess\spectrograms\YAF_bar_fear_spec.npy
YAF_base_fear,fear,1,data\processed\tess\features\YAF_base_fear_mfcc.npy,data\processed\tess\spectrograms\YAF_base_fear_spec.npy
YAF_bath_fear,fear,1,data\processed\tess\features\YAF_bath_fear_mfcc.npy,data\processed\tess\spectrograms\YAF_bath_fear_spec.npy
YAF_bean_fear,fear,1,data\processed\tess\features\YAF_bean_fear_mfcc.npy,data\processed\tess\spectrograms\YAF_bean_fear_spec.npy
YAF_beg_fear,fear,1,data\processed\tess\features\YAF_beg_fear_mfcc.npy,data\processed\tess\spectrograms\YAF_beg_fear_spec.npy
YAF_bite_fear,fear,1,data\processed\tess\features\YAF_bite_fear_mfcc.npy,data\processed\tess\spectrograms\YAF_bite_fear_spec.npy
YAF_boat_fear,fear,1,data\processed\tess\features\YAF_boat_fear_mfcc.npy,data\processed\tess\spectrograms\YAF_boat_fear_spec.npy
YAF_bone_fear,fear,1,data\processed\tess\features\YAF_bone_fear_mfcc.npy,data\processed\tess\spectrograms\YAF_bone_fear_spec.npy
YAF_book_fear,fear,1,data\processed\tess\features\YAF_book_fear_mfcc.npy,data\processed\tess\spectrograms\YAF_book_fear_spec.npy
YAF_bought_fear,fear,1,data\processed\tess\features\YAF_bought_fear_mfcc.npy,data\processed\tess\spectrograms\YAF_bought_fear_spec.npy
YAF_burn_fear,fear,1,data\processed\tess\features\YAF_burn_fear_mfcc.npy,data\processed\tess\spectrograms\YAF_burn_fear_spec.npy
YAF_cab_fear,fear,1,data\processed\tess\features\YAF_cab_fear_mfcc.npy,data\processed\tess\spectrograms\YAF_cab_fear_spec.npy
YAF_calm_fear,fear,1,data\processed\tess\features\YAF_calm_fear_mfcc.npy,data\processed\tess\spectrograms\YAF_calm_fear_spec.npy
YAF_came_fear,fear,1,data\processed\tess\features\YAF_came_fear_mfcc.npy,data\processed\tess\spectrograms\YAF_came_fear_spec.npy
YAF_cause_fear,fear,1,data\processed\tess\features\YAF_cause_fear_mfcc.npy,data\processed\tess\spectrograms\YAF_cause_fear_spec.npy
YAF_chain_fear,fear,1,data\processed\tess\features\YAF_chain_fear_mfcc.npy,data\processed\tess\spectrograms\YAF_chain_fear_spec.npy
YAF_chair_fear,fear,1,data\processed\tess\features\YAF_chair_fear_mfcc.npy,data\processed\tess\spectrograms\YAF_chair_fear_spec.npy
YAF_chalk_fear,fear,1,data\processed\tess\features\YAF_chalk_fear_mfcc.npy,data\processed\tess\spectrograms\YAF_chalk_fear_spec.npy
YAF_chat_fear,fear,1,data\processed\tess\features\YAF_chat_fear_mfcc.npy,data\processed\tess\spectrograms\YAF_chat_fear_spec.npy
YAF_check_fear,fear,1,data\processed\tess\features\YAF_check_fear_mfcc.npy,data\processed\tess\spectrograms\YAF_check_fear_spec.npy
YAF_cheek_fear,fear,1,data\processed\tess\features\YAF_cheek_fear_mfcc.npy,data\processed\tess\spectrograms\YAF_cheek_fear_spec.npy
YAF_chief_fear,fear,1,data\processed\tess\features\YAF_chief_fear_mfcc.npy,data\processed\tess\spectrograms\YAF_chief_fear_spec.npy
YAF_choice_fear,fear,1,data\processed\tess\features\YAF_choice_fear_mfcc.npy,data\processed\tess\spectrograms\YAF_choice_fear_spec.npy
YAF_cool_fear,fear,1,data\processed\tess\features\YAF_cool_fear_mfcc.npy,data\processed\tess\spectrograms\YAF_cool_fear_spec.npy
YAF_dab_fear,fear,1,data\processed\tess\features\YAF_dab_fear_mfcc.npy,data\processed\tess\spectrograms\YAF_dab_fear_spec.npy
YAF_date_fear,fear,1,data\processed\tess\features\YAF_date_fear_mfcc.npy,data\processed\tess\spectrograms\YAF_date_fear_spec.npy
YAF_dead_fear,fear,1,data\processed\tess\features\YAF_dead_fear_mfcc.npy,data\processed\tess\spectrograms\YAF_dead_fear_spec.npy
YAF_death_fear,fear,1,data\processed\tess\features\YAF_death_fear_mfcc.npy,data\processed\tess\spectrograms\YAF_death_fear_spec.npy
YAF_deep_fear,fear,1,data\processed\tess\features\YAF_deep_fear_mfcc.npy,data\processed\tess\spectrograms\YAF_deep_fear_spec.npy
YAF_dime_fear,fear,1,data\processed\tess\features\YAF_dime_fear_mfcc.npy,data\processed\tess\spectrograms\YAF_dime_fear_spec.npy
YAF_dip_fear,fear,1,data\processed\tess\features\YAF_dip_fear_mfcc.npy,data\processed\tess\spectrograms\YAF_dip_fear_spec.npy
YAF_ditch_fear,fear,1,data\processed\tess\features\YAF_ditch_fear_mfcc.npy,data\processed\tess\spectrograms\YAF_ditch_fear_spec.npy
YAF_dodge_fear,fear,1,data\processed\tess\features\YAF_dodge_fear_mfcc.npy,data\processed\tess\spectrograms\YAF_dodge_fear_spec.npy
YAF_dog_fear,fear,1,data\processed\tess\features\YAF_dog_fear_mfcc.npy,data\processed\tess\spectrograms\YAF_dog_fear_spec.npy
YAF_doll_fear,fear,1,data\processed\tess\features\YAF_doll_fear_mfcc.npy,data\processed\tess\spectrograms\YAF_doll_fear_spec.npy
YAF_door_fear,fear,1,data\processed\tess\features\YAF_door_fear_mfcc.npy,data\processed\tess\spectrograms\YAF_door_fear_spec.npy
YAF_fail_fear,fear,1,data\processed\tess\features\YAF_fail_fear_mfcc.npy,data\processed\tess\spectrograms\YAF_fail_fear_spec.npy
YAF_fall_fear,fear,1,data\processed\tess\features\YAF_fall_fear_mfcc.npy,data\processed\tess\spectrograms\YAF_fall_fear_spec.npy
YAF_far_fear,fear,1,data\processed\tess\features\YAF_far_fear_mfcc.npy,data\processed\tess\spectrograms\YAF_far_fear_spec.npy
YAF_fat_fear,fear,1,data\processed\tess\features\YAF_fat_fear_mfcc.npy,data\processed\tess\spectrograms\YAF_fat_fear_spec.npy
YAF_fit_fear,fear,1,data\processed\tess\features\YAF_fit_fear_mfcc.npy,data\processed\tess\spectrograms\YAF_fit_fear_spec.npy
YAF_five_fear,fear,1,data\processed\tess\features\YAF_five_fear_mfcc.npy,data\processed\tess\spectrograms\YAF_five_fear_spec.npy
YAF_food_fear,fear,1,data\processed\tess\features\YAF_food_fear_mfcc.npy,data\processed\tess\spectrograms\YAF_food_fear_spec.npy
YAF_gap_fear,fear,1,data\processed\tess\features\YAF_gap_fear_mfcc.npy,data\processed\tess\spectrograms\YAF_gap_fear_spec.npy
YAF_gas_fear,fear,1,data\processed\tess\features\YAF_gas_fear_mfcc.npy,data\processed\tess\spectrograms\YAF_gas_fear_spec.npy
YAF_gaze_fear,fear,1,data\processed\tess\features\YAF_gaze_fear_mfcc.npy,data\processed\tess\spectrograms\YAF_gaze_fear_spec.npy
YAF_germ_fear,fear,1,data\processed\tess\features\YAF_germ_fear_mfcc.npy,data\processed\tess\spectrograms\YAF_germ_fear_spec.npy
YAF_get_fear,fear,1,data\processed\tess\features\YAF_get_fear_mfcc.npy,data\processed\tess\spectrograms\YAF_get_fear_spec.npy
YAF_gin_fear,fear,1,data\processed\tess\features\YAF_gin_fear_mfcc.npy,data\processed\tess\spectrograms\YAF_gin_fear_spec.npy
YAF_goal_fear,fear,1,data\processed\tess\features\YAF_goal_fear_mfcc.npy,data\processed\tess\spectrograms\YAF_goal_fear_spec.npy
YAF_good_fear,fear,1,data\processed\tess\features\YAF_good_fear_mfcc.npy,data\processed\tess\spectrograms\YAF_good_fear_spec.npy
YAF_goose_fear,fear,1,data\processed\tess\features\YAF_goose_fear_mfcc.npy,data\processed\tess\spectrograms\YAF_goose_fear_spec.npy
YAF_gun_fear,fear,1,data\processed\tess\features\YAF_gun_fear_mfcc.npy,data\processed\tess\spectrograms\YAF_gun_fear_spec.npy
YAF_half_fear,fear,1,data\processed\tess\features\YAF_half_fear_mfcc.npy,data\processed\tess\spectrograms\YAF_half_fear_spec.npy
YAF_hall_fear,fear,1,data\processed\tess\features\YAF_hall_fear_mfcc.npy,data\processed\tess\spectrograms\YAF_hall_fear_spec.npy
YAF_hash_fear,fear,1,data\processed\tess\features\YAF_hash_fear_mfcc.npy,data\processed\tess\spectrograms\YAF_hash_fear_spec.npy
YAF_hate_fear,fear,1,data\processed\tess\features\YAF_hate_fear_mfcc.npy,data\processed\tess\spectrograms\YAF_hate_fear_spec.npy
YAF_have_fear,fear,1,data\processed\tess\features\YAF_have_fear_mfcc.npy,data\processed\tess\spectrograms\YAF_have_fear_spec.npy
YAF_haze_fear,fear,1,data\processed\tess\features\YAF_haze_fear_mfcc.npy,data\processed\tess\spectrograms\YAF_haze_fear_spec.npy
YAF_hire_fear,fear,1,data\processed\tess\features\YAF_hire_fear_mfcc.npy,data\processed\tess\spectrograms\YAF_hire_fear_spec.npy
YAF_hit_fear,fear,1,data\processed\tess\features\YAF_hit_fear_mfcc.npy,data\processed\tess\spectrograms\YAF_hit_fear_spec.npy
YAF_hole_fear,fear,1,data\processed\tess\features\YAF_hole_fear_mfcc.npy,data\processed\tess\spectrograms\YAF_hole_fear_spec.npy
YAF_home_fear,fear,1,data\processed\tess\features\YAF_home_fear_mfcc.npy,data\processed\tess\spectrograms\YAF_home_fear_spec.npy
YAF_hurl_fear,fear,1,data\processed\tess\features\YAF_hurl_fear_mfcc.npy,data\processed\tess\spectrograms\YAF_hurl_fear_spec.npy
YAF_hush_fear,fear,1,data\processed\tess\features\YAF_hush_fear_mfcc.npy,data\processed\tess\spectrograms\YAF_hush_fear_spec.npy
YAF_jail_fear,fear,1,data\processed\tess\features\YAF_jail_fear_mfcc.npy,data\processed\tess\spectrograms\YAF_jail_fear_spec.npy
YAF_jar_fear,fear,1,data\processed\tess\features\YAF_jar_fear_mfcc.npy,data\processed\tess\spectrograms\YAF_jar_fear_spec.npy
YAF_join_fear,fear,1,data\processed\tess\features\YAF_join_fear_mfcc.npy,data\processed\tess\spectrograms\YAF_join_fear_spec.npy
YAF_judge_fear,fear,1,data\processed\tess\features\YAF_judge_fear_mfcc.npy,data\processed\tess\spectrograms\YAF_judge_fear_spec.npy
YAF_jug_fear,fear,1,data\processed\tess\features\YAF_jug_fear_mfcc.npy,data\processed\tess\spectrograms\YAF_jug_fear_spec.npy
YAF_juice_fear,fear,1,data\processed\tess\features\YAF_juice_fear_mfcc.npy,data\processed\tess\spectrograms\YAF_juice_fear_spec.npy
YAF_keen_fear,fear,1,data\processed\tess\features\YAF_keen_fear_mfcc.npy,data\processed\tess\spectrograms\YAF_keen_fear_spec.npy
YAF_keep_fear,fear,1,data\processed\tess\features\YAF_keep_fear_mfcc.npy,data\processed\tess\spectrograms\YAF_keep_fear_spec.npy
YAF_keg_fear,fear,1,data\processed\tess\features\YAF_keg_fear_mfcc.npy,data\processed\tess\spectrograms\YAF_keg_fear_spec.npy
YAF_kick_fear,fear,1,data\processed\tess\features\YAF_kick_fear_mfcc.npy,data\processed\tess\spectrograms\YAF_kick_fear_spec.npy
YAF_kill_fear,fear,1,data\processed\tess\features\YAF_kill_fear_mfcc.npy,data\processed\tess\spectrograms\YAF_kill_fear_spec.npy
YAF_king_fear,fear,1,data\processed\tess\features\YAF_king_fear_mfcc.npy,data\processed\tess\spectrograms\YAF_king_fear_spec.npy
YAF_kite_fear,fear,1,data\processed\tess\features\YAF_kite_fear_mfcc.npy,data\processed\tess\spectrograms\YAF_kite_fear_spec.npy
YAF_knock_fear,fear,1,data\processed\tess\features\YAF_knock_fear_mfcc.npy,data\processed\tess\spectrograms\YAF_knock_fear_spec.npy
YAF_late_fear,fear,1,data\processed\tess\features\YAF_late_fear_mfcc.npy,data\processed\tess\spectrograms\YAF_late_fear_spec.npy
YAF_laud_fear,fear,1,data\processed\tess\features\YAF_laud_fear_mfcc.npy,data\processed\tess\spectrograms\YAF_laud_fear_spec.npy
YAF_lean_fear,fear,1,data\processed\tess\features\YAF_lean_fear_mfcc.npy,data\processed\tess\spectrograms\YAF_lean_fear_spec.npy
YAF_learn_fear,fear,1,data\processed\tess\features\YAF_learn_fear_mfcc.npy,data\processed\tess\spectrograms\YAF_learn_fear_spec.npy
YAF_lease_fear,fear,1,data\processed\tess\features\YAF_lease_fear_mfcc.npy,data\processed\tess\spectrograms\YAF_lease_fear_spec.npy
YAF_lid_fear,fear,1,data\processed\tess\features\YAF_lid_fear_mfcc.npy,data\processed\tess\spectrograms\YAF_lid_fear_spec.npy
YAF_life_fear,fear,1,data\processed\tess\features\YAF_life_fear_mfcc.npy,data\processed\tess\spectrograms\YAF_life_fear_spec.npy
YAF_limb_fear,fear,1,data\processed\tess\features\YAF_limb_fear_mfcc.npy,data\processed\tess\spectrograms\YAF_limb_fear_spec.npy
YAF_live_fear,fear,1,data\processed\tess\features\YAF_live_fear_mfcc.npy,data\processed\tess\spectrograms\YAF_live_fear_spec.npy
YAF_loaf_fear,fear,1,data\processed\tess\features\YAF_loaf_fear_mfcc.npy,data\processed\tess\spectrograms\YAF_loaf_fear_spec.npy
YAF_long_fear,fear,1,data\processed\tess\features\YAF_long_fear_mfcc.npy,data\processed\tess\spectrograms\YAF_long_fear_spec.npy
YAF_lore_fear,fear,1,data\processed\tess\features\YAF_lore_fear_mfcc.npy,data\processed\tess\spectrograms\YAF_lore_fear_spec.npy
YAF_lose_fear,fear,1,data\processed\tess\features\YAF_lose_fear_mfcc.npy,data\processed\tess\spectrograms\YAF_lose_fear_spec.npy
YAF_lot_fear,fear,1,data\processed\tess\features\YAF_lot_fear_mfcc.npy,data\processed\tess\spectrograms\YAF_lot_fear_spec.npy
YAF_love_fear,fear,1,data\processed\tess\features\YAF_love_fear_mfcc.npy,data\processed\tess\spectrograms\YAF_love_fear_spec.npy
YAF_luck_fear,fear,1,data\processed\tess\features\YAF_luck_fear_mfcc.npy,data\processed\tess\spectrograms\YAF_luck_fear_spec.npy
YAF_make_fear,fear,1,data\processed\tess\features\YAF_make_fear_mfcc.npy,data\processed\tess\spectrograms\YAF_make_fear_spec.npy
YAF_match_fear,fear,1,data\processed\tess\features\YAF_match_fear_mfcc.npy,data\processed\tess\spectrograms\YAF_match_fear_spec.npy
YAF_merge_fear,fear,1,data\processed\tess\features\YAF_merge_fear_mfcc.npy,data\processed\tess\spectrograms\YAF_merge_fear_spec.npy
YAF_mess_fear,fear,1,data\processed\tess\features\YAF_mess_fear_mfcc.npy,data\processed\tess\spectrograms\YAF_mess_fear_spec.npy
YAF_met_fear,fear,1,data\processed\tess\features\YAF_met_fear_mfcc.npy,data\processed\tess\spectrograms\YAF_met_fear_spec.npy
YAF_mill_fear,fear,1,data\processed\tess\features\YAF_mill_fear_mfcc.npy,data\processed\tess\spectrograms\YAF_mill_fear_spec.npy
YAF_mob_fear,fear,1,data\processed\tess\features\YAF_mob_fear_mfcc.npy,data\processed\tess\spectrograms\YAF_mob_fear_spec.npy
YAF_mode_fear,fear,1,data\processed\tess\features\YAF_mode_fear_mfcc.npy,data\processed\tess\spectrograms\YAF_mode_fear_spec.npy
YAF_mood_fear,fear,1,data\processed\tess\features\YAF_mood_fear_mfcc.npy,data\processed\tess\spectrograms\YAF_mood_fear_spec.npy
YAF_moon_fear,fear,1,data\processed\tess\features\YAF_moon_fear_mfcc.npy,data\processed\tess\spectrograms\YAF_moon_fear_spec.npy
YAF_mop_fear,fear,1,data\processed\tess\features\YAF_mop_fear_mfcc.npy,data\processed\tess\spectrograms\YAF_mop_fear_spec.npy
YAF_mouse_fear,fear,1,data\processed\tess\features\YAF_mouse_fear_mfcc.npy,data\processed\tess\spectrograms\YAF_mouse_fear_spec.npy
YAF_nag_fear,fear,1,data\processed\tess\features\YAF_nag_fear_mfcc.npy,data\processed\tess\spectrograms\YAF_nag_fear_spec.npy
YAF_name_fear,fear,1,data\processed\tess\features\YAF_name_fear_mfcc.npy,data\processed\tess\spectrograms\YAF_name_fear_spec.npy
YAF_near_fear,fear,1,data\processed\tess\features\YAF_near_fear_mfcc.npy,data\processed\tess\spectrograms\YAF_near_fear_spec.npy
YAF_neat_fear,fear,1,data\processed\tess\features\YAF_neat_fear_mfcc.npy,data\processed\tess\spectrograms\YAF_neat_fear_spec.npy
YAF_nice_fear,fear,1,data\processed\tess\features\YAF_nice_fear_mfcc.npy,data\processed\tess\spectrograms\YAF_nice_fear_spec.npy
YAF_note_fear,fear,1,data\processed\tess\features\YAF_note_fear_mfcc.npy,data\processed\tess\spectrograms\YAF_note_fear_spec.npy
YAF_numb_fear,fear,1,data\processed\tess\features\YAF_numb_fear_mfcc.npy,data\processed\tess\spectrograms\YAF_numb_fear_spec.npy
YAF_pad_fear,fear,1,data\processed\tess\features\YAF_pad_fear_mfcc.npy,data\processed\tess\spectrograms\YAF_pad_fear_spec.npy
YAF_page_fear,fear,1,data\processed\tess\features\YAF_page_fear_mfcc.npy,data\processed\tess\spectrograms\YAF_page_fear_spec.npy
YAF_pain_fear,fear,1,data\processed\tess\features\YAF_pain_fear_mfcc.npy,data\processed\tess\spectrograms\YAF_pain_fear_spec.npy
YAF_pass_fear,fear,1,data\processed\tess\features\YAF_pass_fear_mfcc.npy,data\processed\tess\spectrograms\YAF_pass_fear_spec.npy
YAF_pearl_fear,fear,1,data\processed\tess\features\YAF_pearl_fear_mfcc.npy,data\processed\tess\spectrograms\YAF_pearl_fear_spec.npy
YAF_peg_fear,fear,1,data\processed\tess\features\YAF_peg_fear_mfcc.npy,data\processed\tess\spectrograms\YAF_peg_fear_spec.npy
YAF_perch_fear,fear,1,data\processed\tess\features\YAF_perch_fear_mfcc.npy,data\processed\tess\spectrograms\YAF_perch_fear_spec.npy
YAF_phone_fear,fear,1,data\processed\tess\features\YAF_phone_fear_mfcc.npy,data\processed\tess\spectrograms\YAF_phone_fear_spec.npy
YAF_pick_fear,fear,1,data\processed\tess\features\YAF_pick_fear_mfcc.npy,data\processed\tess\spectrograms\YAF_pick_fear_spec.npy
YAF_pike_fear,fear,1,data\processed\tess\features\YAF_pike_fear_mfcc.npy,data\processed\tess\spectrograms\YAF_pike_fear_spec.npy
YAF_pole_fear,fear,1,data\processed\tess\features\YAF_pole_fear_mfcc.npy,data\processed\tess\spectrograms\YAF_pole_fear_spec.npy
YAF_pool_fear,fear,1,data\processed\tess\features\YAF_pool_fear_mfcc.npy,data\processed\tess\spectrograms\YAF_pool_fear_spec.npy
YAF_puff_fear,fear,1,data\processed\tess\features\YAF_puff_fear_mfcc.npy,data\processed\tess\spectrograms\YAF_puff_fear_spec.npy
YAF_rag_fear,fear,1,data\processed\tess\features\YAF_rag_fear_mfcc.npy,data\processed\tess\spectrograms\YAF_rag_fear_spec.npy
YAF_raid_fear,fear,1,data\processed\tess\features\YAF_raid_fear_mfcc.npy,data\processed\tess\spectrograms\YAF_raid_fear_spec.npy
YAF_rain_fear,fear,1,data\processed\tess\features\YAF_rain_fear_mfcc.npy,data\processed\tess\spectrograms\YAF_rain_fear_spec.npy
YAF_raise_fear,fear,1,data\processed\tess\features\YAF_raise_fear_mfcc.npy,data\processed\tess\spectrograms\YAF_raise_fear_spec.npy
YAF_rat_fear,fear,1,data\processed\tess\features\YAF_rat_fear_mfcc.npy,data\processed\tess\spectrograms\YAF_rat_fear_spec.npy
YAF_reach_fear,fear,1,data\processed\tess\features\YAF_reach_fear_mfcc.npy,data\processed\tess\spectrograms\YAF_reach_fear_spec.npy
YAF_read_fear,fear,1,data\processed\tess\features\YAF_read_fear_mfcc.npy,data\processed\tess\spectrograms\YAF_read_fear_spec.npy
YAF_red_fear,fear,1,data\processed\tess\features\YAF_red_fear_mfcc.npy,data\processed\tess\spectrograms\YAF_red_fear_spec.npy
YAF_ring_fear,fear,1,data\processed\tess\features\YAF_ring_fear_mfcc.npy,data\processed\tess\spectrograms\YAF_ring_fear_spec.npy
YAF_ripe_fear,fear,1,data\processed\tess\features\YAF_ripe_fear_mfcc.npy,data\processed\tess\spectrograms\YAF_ripe_fear_spec.npy
YAF_road_fear,fear,1,data\processed\tess\features\YAF_road_fear_mfcc.npy,data\processed\tess\spectrograms\YAF_road_fear_spec.npy
YAF_room_fear,fear,1,data\processed\tess\features\YAF_room_fear_mfcc.npy,data\processed\tess\spectrograms\YAF_room_fear_spec.npy
YAF_rose_fear,fear,1,data\processed\tess\features\YAF_rose_fear_mfcc.npy,data\processed\tess\spectrograms\YAF_rose_fear_spec.npy
YAF_rot_fear,fear,1,data\processed\tess\features\YAF_rot_fear_mfcc.npy,data\processed\tess\spectrograms\YAF_rot_fear_spec.npy
YAF_rough_fear,fear,1,data\processed\tess\features\YAF_rough_fear_mfcc.npy,data\processed\tess\spectrograms\YAF_rough_fear_spec.npy
YAF_rush_fear,fear,1,data\processed\tess\features\YAF_rush_fear_mfcc.npy,data\processed\tess\spectrograms\YAF_rush_fear_spec.npy
YAF_said_fear,fear,1,data\processed\tess\features\YAF_said_fear_mfcc.npy,data\processed\tess\spectrograms\YAF_said_fear_spec.npy
YAF_sail_fear,fear,1,data\processed\tess\features\YAF_sail_fear_mfcc.npy,data\processed\tess\spectrograms\YAF_sail_fear_spec.npy
YAF_search_fear,fear,1,data\processed\tess\features\YAF_search_fear_mfcc.npy,data\processed\tess\spectrograms\YAF_search_fear_spec.npy
YAF_seize_fear,fear,1,data\processed\tess\features\YAF_seize_fear_mfcc.npy,data\processed\tess\spectrograms\YAF_seize_fear_spec.npy
YAF_sell_fear,fear,1,data\processed\tess\features\YAF_sell_fear_mfcc.npy,data\processed\tess\spectrograms\YAF_sell_fear_spec.npy
YAF_shack_fear,fear,1,data\processed\tess\features\YAF_shack_fear_mfcc.npy,data\processed\tess\spectrograms\YAF_shack_fear_spec.npy
YAF_shall_fear,fear,1,data\processed\tess\features\YAF_shall_fear_mfcc.npy,data\processed\tess\spectrograms\YAF_shall_fear_spec.npy
YAF_shawl_fear,fear,1,data\processed\tess\features\YAF_shawl_fear_mfcc.npy,data\processed\tess\spectrograms\YAF_shawl_fear_spec.npy
YAF_sheep_fear,fear,1,data\processed\tess\features\YAF_sheep_fear_mfcc.npy,data\processed\tess\spectrograms\YAF_sheep_fear_spec.npy
YAF_shirt_fear,fear,1,data\processed\tess\features\YAF_shirt_fear_mfcc.npy,data\processed\tess\spectrograms\YAF_shirt_fear_spec.npy
YAF_should_fear,fear,1,data\processed\tess\features\YAF_should_fear_mfcc.npy,data\processed\tess\spectrograms\YAF_should_fear_spec.npy
YAF_shout_fear,fear,1,data\processed\tess\features\YAF_shout_fear_mfcc.npy,data\processed\tess\spectrograms\YAF_shout_fear_spec.npy
YAF_size_fear,fear,1,data\processed\tess\features\YAF_size_fear_mfcc.npy,data\processed\tess\spectrograms\YAF_size_fear_spec.npy
YAF_soap_fear,fear,1,data\processed\tess\features\YAF_soap_fear_mfcc.npy,data\processed\tess\spectrograms\YAF_soap_fear_spec.npy
YAF_soup_fear,fear,1,data\processed\tess\features\YAF_soup_fear_mfcc.npy,data\processed\tess\spectrograms\YAF_soup_fear_spec.npy
YAF_sour_fear,fear,1,data\processed\tess\features\YAF_sour_fear_mfcc.npy,data\processed\tess\spectrograms\YAF_sour_fear_spec.npy
YAF_south_fear,fear,1,data\processed\tess\features\YAF_south_fear_mfcc.npy,data\processed\tess\spectrograms\YAF_south_fear_spec.npy
YAF_sub_fear,fear,1,data\processed\tess\features\YAF_sub_fear_mfcc.npy,data\processed\tess\spectrograms\YAF_sub_fear_spec.npy
YAF_such_fear,fear,1,data\processed\tess\features\YAF_such_fear_mfcc.npy,data\processed\tess\spectrograms\YAF_such_fear_spec.npy
YAF_sure_fear,fear,1,data\processed\tess\features\YAF_sure_fear_mfcc.npy,data\processed\tess\spectrograms\YAF_sure_fear_spec.npy
YAF_take_fear,fear,1,data\processed\tess\features\YAF_take_fear_mfcc.npy,data\processed\tess\spectrograms\YAF_take_fear_spec.npy
YAF_talk_fear,fear,1,data\processed\tess\features\YAF_talk_fear_mfcc.npy,data\processed\tess\spectrograms\YAF_talk_fear_spec.npy
YAF_tape_fear,fear,1,data\processed\tess\features\YAF_tape_fear_mfcc.npy,data\processed\tess\spectrograms\YAF_tape_fear_spec.npy
YAF_team_fear,fear,1,data\processed\tess\features\YAF_team_fear_mfcc.npy,data\processed\tess\spectrograms\YAF_team_fear_spec.npy
YAF_tell_fear,fear,1,data\processed\tess\features\YAF_tell_fear_mfcc.npy,data\processed\tess\spectrograms\YAF_tell_fear_spec.npy
YAF_thin_fear,fear,1,data\processed\tess\features\YAF_thin_fear_mfcc.npy,data\processed\tess\spectrograms\YAF_thin_fear_spec.npy
YAF_third_fear,fear,1,data\processed\tess\features\YAF_third_fear_mfcc.npy,data\processed\tess\spectrograms\YAF_third_fear_spec.npy
YAF_thought_fear,fear,1,data\processed\tess\features\YAF_thought_fear_mfcc.npy,data\processed\tess\spectrograms\YAF_thought_fear_spec.npy
YAF_thumb_fear,fear,1,data\processed\tess\features\YAF_thumb_fear_mfcc.npy,data\processed\tess\spectrograms\YAF_thumb_fear_spec.npy
YAF_time_fear,fear,1,data\processed\tess\features\YAF_time_fear_mfcc.npy,data\processed\tess\spectrograms\YAF_time_fear_spec.npy
YAF_tip_fear,fear,1,data\processed\tess\features\YAF_tip_fear_mfcc.npy,data\processed\tess\spectrograms\YAF_tip_fear_spec.npy
YAF_tire_fear,fear,1,data\processed\tess\features\YAF_tire_fear_mfcc.npy,data\processed\tess\spectrograms\YAF_tire_fear_spec.npy
YAF_ton_fear,fear,1,data\processed\tess\features\YAF_ton_fear_mfcc.npy,data\processed\tess\spectrograms\YAF_ton_fear_spec.npy
YAF_tool_fear,fear,1,data\processed\tess\features\YAF_tool_fear_mfcc.npy,data\processed\tess\spectrograms\YAF_tool_fear_spec.npy
YAF_tough_fear,fear,1,data\processed\tess\features\YAF_tough_fear_mfcc.npy,data\processed\tess\spectrograms\YAF_tough_fear_spec.npy
YAF_turn_fear,fear,1,data\processed\tess\features\YAF_turn_fear_mfcc.npy,data\processed\tess\spectrograms\YAF_turn_fear_spec.npy
YAF_vine_fear,fear,1,data\processed\tess\features\YAF_vine_fear_mfcc.npy,data\processed\tess\spectrograms\YAF_vine_fear_spec.npy
YAF_voice_fear,fear,1,data\processed\tess\features\YAF_voice_fear_mfcc.npy,data\processed\tess\spectrograms\YAF_voice_fear_spec.npy
YAF_void_fear,fear,1,data\processed\tess\features\YAF_void_fear_mfcc.npy,data\processed\tess\spectrograms\YAF_void_fear_spec.npy
YAF_vote_fear,fear,1,data\processed\tess\features\YAF_vote_fear_mfcc.npy,data\processed\tess\spectrograms\YAF_vote_fear_spec.npy
YAF_wag_fear,fear,1,data\processed\tess\features\YAF_wag_fear_mfcc.npy,data\processed\tess\spectrograms\YAF_wag_fear_spec.npy
YAF_walk_fear,fear,1,data\processed\tess\features\YAF_walk_fear_mfcc.npy,data\processed\tess\spectrograms\YAF_walk_fear_spec.npy
YAF_wash_fear,fear,1,data\processed\tess\features\YAF_wash_fear_mfcc.npy,data\processed\tess\spectrograms\YAF_wash_fear_spec.npy
YAF_week_fear,fear,1,data\processed\tess\features\YAF_week_fear_mfcc.npy,data\processed\tess\spectrograms\YAF_week_fear_spec.npy
YAF_wheat_fear,fear,1,data\processed\tess\features\YAF_wheat_fear_mfcc.npy,data\processed\tess\spectrograms\YAF_wheat_fear_spec.npy
YAF_when_fear,fear,1,data\processed\tess\features\YAF_when_fear_mfcc.npy,data\processed\tess\spectrograms\YAF_when_fear_spec.npy
YAF_which_fear,fear,1,data\processed\tess\features\YAF_which_fear_mfcc.npy,data\processed\tess\spectrograms\YAF_which_fear_spec.npy
YAF_whip_fear,fear,1,data\processed\tess\features\YAF_whip_fear_mfcc.npy,data\processed\tess\spectrograms\YAF_whip_fear_spec.npy
YAF_white_fear,fear,1,data\processed\tess\features\YAF_white_fear_mfcc.npy,data\processed\tess\spectrograms\YAF_white_fear_spec.npy
YAF_wife_fear,fear,1,data\processed\tess\features\YAF_wife_fear_mfcc.npy,data\processed\tess\spectrograms\YAF_wife_fear_spec.npy
YAF_wire_fear,fear,1,data\processed\tess\features\YAF_wire_fear_mfcc.npy,data\processed\tess\spectrograms\YAF_wire_fear_spec.npy
YAF_witch_fear,fear,1,data\processed\tess\features\YAF_witch_fear_mfcc.npy,data\processed\tess\spectrograms\YAF_witch_fear_spec.npy
YAF_yearn_fear,fear,1,data\processed\tess\features\YAF_yearn_fear_mfcc.npy,data\processed\tess\spectrograms\YAF_yearn_fear_spec.npy
YAF_yes_fear,fear,1,data\processed\tess\features\YAF_yes_fear_mfcc.npy,data\processed\tess\spectrograms\YAF_yes_fear_spec.npy
YAF_young_fear,fear,1,data\processed\tess\features\YAF_young_fear_mfcc.npy,data\processed\tess\spectrograms\YAF_young_fear_spec.npy
YAF_youth_fear,fear,1,data\processed\tess\features\YAF_youth_fear_mfcc.npy,data\processed\tess\spectrograms\YAF_youth_fear_spec.npy
YAF_back_neutral,neutral,0,data\processed\tess\features\YAF_back_neutral_mfcc.npy,data\processed\tess\spectrograms\YAF_back_neutral_spec.npy
YAF_bar_neutral,neutral,0,data\processed\tess\features\YAF_bar_neutral_mfcc.npy,data\processed\tess\spectrograms\YAF_bar_neutral_spec.npy
YAF_base_neutral,neutral,0,data\processed\tess\features\YAF_base_neutral_mfcc.npy,data\processed\tess\spectrograms\YAF_base_neutral_spec.npy
YAF_bath_neutral,neutral,0,data\processed\tess\features\YAF_bath_neutral_mfcc.npy,data\processed\tess\spectrograms\YAF_bath_neutral_spec.npy
YAF_bean_neutral,neutral,0,data\processed\tess\features\YAF_bean_neutral_mfcc.npy,data\processed\tess\spectrograms\YAF_bean_neutral_spec.npy
YAF_beg_neutral,neutral,0,data\processed\tess\features\YAF_beg_neutral_mfcc.npy,data\processed\tess\spectrograms\YAF_beg_neutral_spec.npy
YAF_bite_neutral,neutral,0,data\processed\tess\features\YAF_bite_neutral_mfcc.npy,data\processed\tess\spectrograms\YAF_bite_neutral_spec.npy
YAF_boat_neutral,neutral,0,data\processed\tess\features\YAF_boat_neutral_mfcc.npy,data\processed\tess\spectrograms\YAF_boat_neutral_spec.npy
YAF_bone_neutral,neutral,0,data\processed\tess\features\YAF_bone_neutral_mfcc.npy,data\processed\tess\spectrograms\YAF_bone_neutral_spec.npy
YAF_book_neutral,neutral,0,data\processed\tess\features\YAF_book_neutral_mfcc.npy,data\processed\tess\spectrograms\YAF_book_neutral_spec.npy
YAF_bought_neutral,neutral,0,data\processed\tess\features\YAF_bought_neutral_mfcc.npy,data\processed\tess\spectrograms\YAF_bought_neutral_spec.npy
YAF_burn_neutral,neutral,0,data\processed\tess\features\YAF_burn_neutral_mfcc.npy,data\processed\tess\spectrograms\YAF_burn_neutral_spec.npy
YAF_cab_neutral,neutral,0,data\processed\tess\features\YAF_cab_neutral_mfcc.npy,data\processed\tess\spectrograms\YAF_cab_neutral_spec.npy
YAF_calm_neutral,neutral,0,data\processed\tess\features\YAF_calm_neutral_mfcc.npy,data\processed\tess\spectrograms\YAF_calm_neutral_spec.npy
YAF_came_neutral,neutral,0,data\processed\tess\features\YAF_came_neutral_mfcc.npy,data\processed\tess\spectrograms\YAF_came_neutral_spec.npy
YAF_cause_neutral,neutral,0,data\processed\tess\features\YAF_cause_neutral_mfcc.npy,data\processed\tess\spectrograms\YAF_cause_neutral_spec.npy
YAF_chain_neutral,neutral,0,data\processed\tess\features\YAF_chain_neutral_mfcc.npy,data\processed\tess\spectrograms\YAF_chain_neutral_spec.npy
YAF_chair_neutral,neutral,0,data\processed\tess\features\YAF_chair_neutral_mfcc.npy,data\processed\tess\spectrograms\YAF_chair_neutral_spec.npy
YAF_chalk_neutral,neutral,0,data\processed\tess\features\YAF_chalk_neutral_mfcc.npy,data\processed\tess\spectrograms\YAF_chalk_neutral_spec.npy
YAF_chat_neutral,neutral,0,data\processed\tess\features\YAF_chat_neutral_mfcc.npy,data\processed\tess\spectrograms\YAF_chat_neutral_spec.npy
YAF_check_neutral,neutral,0,data\processed\tess\features\YAF_check_neutral_mfcc.npy,data\processed\tess\spectrograms\YAF_check_neutral_spec.npy
YAF_cheek_neutral,neutral,0,data\processed\tess\features\YAF_cheek_neutral_mfcc.npy,data\processed\tess\spectrograms\YAF_cheek_neutral_spec.npy
YAF_chief_neutral,neutral,0,data\processed\tess\features\YAF_chief_neutral_mfcc.npy,data\processed\tess\spectrograms\YAF_chief_neutral_spec.npy
YAF_choice_neutral,neutral,0,data\processed\tess\features\YAF_choice_neutral_mfcc.npy,data\processed\tess\spectrograms\YAF_choice_neutral_spec.npy
YAF_cool_neutral,neutral,0,data\processed\tess\features\YAF_cool_neutral_mfcc.npy,data\processed\tess\spectrograms\YAF_cool_neutral_spec.npy
YAF_dab_neutral,neutral,0,data\processed\tess\features\YAF_dab_neutral_mfcc.npy,data\processed\tess\spectrograms\YAF_dab_neutral_spec.npy
YAF_date_neutral,neutral,0,data\processed\tess\features\YAF_date_neutral_mfcc.npy,data\processed\tess\spectrograms\YAF_date_neutral_spec.npy
YAF_dead_neutral,neutral,0,data\processed\tess\features\YAF_dead_neutral_mfcc.npy,data\processed\tess\spectrograms\YAF_dead_neutral_spec.npy
YAF_death_neutral,neutral,0,data\processed\tess\features\YAF_death_neutral_mfcc.npy,data\processed\tess\spectrograms\YAF_death_neutral_spec.npy
YAF_deep_neutral,neutral,0,data\processed\tess\features\YAF_deep_neutral_mfcc.npy,data\processed\tess\spectrograms\YAF_deep_neutral_spec.npy
YAF_dime_neutral,neutral,0,data\processed\tess\features\YAF_dime_neutral_mfcc.npy,data\processed\tess\spectrograms\YAF_dime_neutral_spec.npy
YAF_dip_neutral,neutral,0,data\processed\tess\features\YAF_dip_neutral_mfcc.npy,data\processed\tess\spectrograms\YAF_dip_neutral_spec.npy
YAF_ditch_neutral,neutral,0,data\processed\tess\features\YAF_ditch_neutral_mfcc.npy,data\processed\tess\spectrograms\YAF_ditch_neutral_spec.npy
YAF_dodge_neutral,neutral,0,data\processed\tess\features\YAF_dodge_neutral_mfcc.npy,data\processed\tess\spectrograms\YAF_dodge_neutral_spec.npy
YAF_dog_neutral,neutral,0,data\processed\tess\features\YAF_dog_neutral_mfcc.npy,data\processed\tess\spectrograms\YAF_dog_neutral_spec.npy
YAF_doll_neutral,neutral,0,data\processed\tess\features\YAF_doll_neutral_mfcc.npy,data\processed\tess\spectrograms\YAF_doll_neutral_spec.npy
YAF_door_neutral,neutral,0,data\processed\tess\features\YAF_door_neutral_mfcc.npy,data\processed\tess\spectrograms\YAF_door_neutral_spec.npy
YAF_fail_neutral,neutral,0,data\processed\tess\features\YAF_fail_neutral_mfcc.npy,data\processed\tess\spectrograms\YAF_fail_neutral_spec.npy
YAF_fall_neutral,neutral,0,data\processed\tess\features\YAF_fall_neutral_mfcc.npy,data\processed\tess\spectrograms\YAF_fall_neutral_spec.npy
YAF_far_neutral,neutral,0,data\processed\tess\features\YAF_far_neutral_mfcc.npy,data\processed\tess\spectrograms\YAF_far_neutral_spec.npy
YAF_fat_neutral,neutral,0,data\processed\tess\features\YAF_fat_neutral_mfcc.npy,data\processed\tess\spectrograms\YAF_fat_neutral_spec.npy
YAF_fit_neutral,neutral,0,data\processed\tess\features\YAF_fit_neutral_mfcc.npy,data\processed\tess\spectrograms\YAF_fit_neutral_spec.npy
YAF_five_neutral,neutral,0,data\processed\tess\features\YAF_five_neutral_mfcc.npy,data\processed\tess\spectrograms\YAF_five_neutral_spec.npy
YAF_food_neutral,neutral,0,data\processed\tess\features\YAF_food_neutral_mfcc.npy,data\processed\tess\spectrograms\YAF_food_neutral_spec.npy
YAF_gap_neutral,neutral,0,data\processed\tess\features\YAF_gap_neutral_mfcc.npy,data\processed\tess\spectrograms\YAF_gap_neutral_spec.npy
YAF_gas_neutral,neutral,0,data\processed\tess\features\YAF_gas_neutral_mfcc.npy,data\processed\tess\spectrograms\YAF_gas_neutral_spec.npy
YAF_gaze_neutral,neutral,0,data\processed\tess\features\YAF_gaze_neutral_mfcc.npy,data\processed\tess\spectrograms\YAF_gaze_neutral_spec.npy
YAF_germ_neutral,neutral,0,data\processed\tess\features\YAF_germ_neutral_mfcc.npy,data\processed\tess\spectrograms\YAF_germ_neutral_spec.npy
YAF_get_neutral,neutral,0,data\processed\tess\features\YAF_get_neutral_mfcc.npy,data\processed\tess\spectrograms\YAF_get_neutral_spec.npy
YAF_gin_neutral,neutral,0,data\processed\tess\features\YAF_gin_neutral_mfcc.npy,data\processed\tess\spectrograms\YAF_gin_neutral_spec.npy
YAF_goal_neutral,neutral,0,data\processed\tess\features\YAF_goal_neutral_mfcc.npy,data\processed\tess\spectrograms\YAF_goal_neutral_spec.npy
YAF_good_neutral,neutral,0,data\processed\tess\features\YAF_good_neutral_mfcc.npy,data\processed\tess\spectrograms\YAF_good_neutral_spec.npy
YAF_goose_neutral,neutral,0,data\processed\tess\features\YAF_goose_neutral_mfcc.npy,data\processed\tess\spectrograms\YAF_goose_neutral_spec.npy
YAF_gun_neutral,neutral,0,data\processed\tess\features\YAF_gun_neutral_mfcc.npy,data\processed\tess\spectrograms\YAF_gun_neutral_spec.npy
YAF_half_neutral,neutral,0,data\processed\tess\features\YAF_half_neutral_mfcc.npy,data\processed\tess\spectrograms\YAF_half_neutral_spec.npy
YAF_hall_neutral,neutral,0,data\processed\tess\features\YAF_hall_neutral_mfcc.npy,data\processed\tess\spectrograms\YAF_hall_neutral_spec.npy
YAF_hash_neutral,neutral,0,data\processed\tess\features\YAF_hash_neutral_mfcc.npy,data\processed\tess\spectrograms\YAF_hash_neutral_spec.npy
YAF_hate_neutral,neutral,0,data\processed\tess\features\YAF_hate_neutral_mfcc.npy,data\processed\tess\spectrograms\YAF_hate_neutral_spec.npy
YAF_have_neutral,neutral,0,data\processed\tess\features\YAF_have_neutral_mfcc.npy,data\processed\tess\spectrograms\YAF_have_neutral_spec.npy
YAF_haze_neutral,neutral,0,data\processed\tess\features\YAF_haze_neutral_mfcc.npy,data\processed\tess\spectrograms\YAF_haze_neutral_spec.npy
YAF_hire_neutral,neutral,0,data\processed\tess\features\YAF_hire_neutral_mfcc.npy,data\processed\tess\spectrograms\YAF_hire_neutral_spec.npy
YAF_hit_neutral,neutral,0,data\processed\tess\features\YAF_hit_neutral_mfcc.npy,data\processed\tess\spectrograms\YAF_hit_neutral_spec.npy
YAF_hole_neutral,neutral,0,data\processed\tess\features\YAF_hole_neutral_mfcc.npy,data\processed\tess\spectrograms\YAF_hole_neutral_spec.npy
YAF_home_neutral,neutral,0,data\processed\tess\features\YAF_home_neutral_mfcc.npy,data\processed\tess\spectrograms\YAF_home_neutral_spec.npy
YAF_hurl_neutral,neutral,0,data\processed\tess\features\YAF_hurl_neutral_mfcc.npy,data\processed\tess\spectrograms\YAF_hurl_neutral_spec.npy
YAF_hush_neutral,neutral,0,data\processed\tess\features\YAF_hush_neutral_mfcc.npy,data\processed\tess\spectrograms\YAF_hush_neutral_spec.npy
YAF_jail_neutral,neutral,0,data\processed\tess\features\YAF_jail_neutral_mfcc.npy,data\processed\tess\spectrograms\YAF_jail_neutral_spec.npy
YAF_jar_neutral,neutral,0,data\processed\tess\features\YAF_jar_neutral_mfcc.npy,data\processed\tess\spectrograms\YAF_jar_neutral_spec.npy
YAF_join_neutral,neutral,0,data\processed\tess\features\YAF_join_neutral_mfcc.npy,data\processed\tess\spectrograms\YAF_join_neutral_spec.npy
YAF_judge_neutral,neutral,0,data\processed\tess\features\YAF_judge_neutral_mfcc.npy,data\processed\tess\spectrograms\YAF_judge_neutral_spec.npy
YAF_jug_neutral,neutral,0,data\processed\tess\features\YAF_jug_neutral_mfcc.npy,data\processed\tess\spectrograms\YAF_jug_neutral_spec.npy
YAF_juice_neutral,neutral,0,data\processed\tess\features\YAF_juice_neutral_mfcc.npy,data\processed\tess\spectrograms\YAF_juice_neutral_spec.npy
YAF_keen_neutral,neutral,0,data\processed\tess\features\YAF_keen_neutral_mfcc.npy,data\processed\tess\spectrograms\YAF_keen_neutral_spec.npy
YAF_keep_neutral,neutral,0,data\processed\tess\features\YAF_keep_neutral_mfcc.npy,data\processed\tess\spectrograms\YAF_keep_neutral_spec.npy
YAF_keg_neutral,neutral,0,data\processed\tess\features\YAF_keg_neutral_mfcc.npy,data\processed\tess\spectrograms\YAF_keg_neutral_spec.npy
YAF_kick_neutral,neutral,0,data\processed\tess\features\YAF_kick_neutral_mfcc.npy,data\processed\tess\spectrograms\YAF_kick_neutral_spec.npy
YAF_kill_neutral,neutral,0,data\processed\tess\features\YAF_kill_neutral_mfcc.npy,data\processed\tess\spectrograms\YAF_kill_neutral_spec.npy
YAF_king_neutral,neutral,0,data\processed\tess\features\YAF_king_neutral_mfcc.npy,data\processed\tess\spectrograms\YAF_king_neutral_spec.npy
YAF_kite_neutral,neutral,0,data\processed\tess\features\YAF_kite_neutral_mfcc.npy,data\processed\tess\spectrograms\YAF_kite_neutral_spec.npy
YAF_knock_neutral,neutral,0,data\processed\tess\features\YAF_knock_neutral_mfcc.npy,data\processed\tess\spectrograms\YAF_knock_neutral_spec.npy
YAF_late_neutral,neutral,0,data\processed\tess\features\YAF_late_neutral_mfcc.npy,data\processed\tess\spectrograms\YAF_late_neutral_spec.npy
YAF_laud_neutral,neutral,0,data\processed\tess\features\YAF_laud_neutral_mfcc.npy,data\processed\tess\spectrograms\YAF_laud_neutral_spec.npy
YAF_lean_neutral,neutral,0,data\processed\tess\features\YAF_lean_neutral_mfcc.npy,data\processed\tess\spectrograms\YAF_lean_neutral_spec.npy
YAF_learn_neutral,neutral,0,data\processed\tess\features\YAF_learn_neutral_mfcc.npy,data\processed\tess\spectrograms\YAF_learn_neutral_spec.npy
YAF_lease_neutral,neutral,0,data\processed\tess\features\YAF_lease_neutral_mfcc.npy,data\processed\tess\spectrograms\YAF_lease_neutral_spec.npy
YAF_lid_neutral,neutral,0,data\processed\tess\features\YAF_lid_neutral_mfcc.npy,data\processed\tess\spectrograms\YAF_lid_neutral_spec.npy
YAF_life_neutral,neutral,0,data\processed\tess\features\YAF_life_neutral_mfcc.npy,data\processed\tess\spectrograms\YAF_life_neutral_spec.npy
YAF_limb_neutral,neutral,0,data\processed\tess\features\YAF_limb_neutral_mfcc.npy,data\processed\tess\spectrograms\YAF_limb_neutral_spec.npy
YAF_live_neutral,neutral,0,data\processed\tess\features\YAF_live_neutral_mfcc.npy,data\processed\tess\spectrograms\YAF_live_neutral_spec.npy
YAF_loaf_neutral,neutral,0,data\processed\tess\features\YAF_loaf_neutral_mfcc.npy,data\processed\tess\spectrograms\YAF_loaf_neutral_spec.npy
YAF_long_neutral,neutral,0,data\processed\tess\features\YAF_long_neutral_mfcc.npy,data\processed\tess\spectrograms\YAF_long_neutral_spec.npy
YAF_lore_neutral,neutral,0,data\processed\tess\features\YAF_lore_neutral_mfcc.npy,data\processed\tess\spectrograms\YAF_lore_neutral_spec.npy
YAF_lose_neutral,neutral,0,data\processed\tess\features\YAF_lose_neutral_mfcc.npy,data\processed\tess\spectrograms\YAF_lose_neutral_spec.npy
YAF_lot_neutral,neutral,0,data\processed\tess\features\YAF_lot_neutral_mfcc.npy,data\processed\tess\spectrograms\YAF_lot_neutral_spec.npy
YAF_love_neutral,neutral,0,data\processed\tess\features\YAF_love_neutral_mfcc.npy,data\processed\tess\spectrograms\YAF_love_neutral_spec.npy
YAF_luck_neutral,neutral,0,data\processed\tess\features\YAF_luck_neutral_mfcc.npy,data\processed\tess\spectrograms\YAF_luck_neutral_spec.npy
YAF_make_neutral,neutral,0,data\processed\tess\features\YAF_make_neutral_mfcc.npy,data\processed\tess\spectrograms\YAF_make_neutral_spec.npy
YAF_match_neutral,neutral,0,data\processed\tess\features\YAF_match_neutral_mfcc.npy,data\processed\tess\spectrograms\YAF_match_neutral_spec.npy
YAF_merge_neutral,neutral,0,data\processed\tess\features\YAF_merge_neutral_mfcc.npy,data\processed\tess\spectrograms\YAF_merge_neutral_spec.npy
YAF_mess_neutral,neutral,0,data\processed\tess\features\YAF_mess_neutral_mfcc.npy,data\processed\tess\spectrograms\YAF_mess_neutral_spec.npy
YAF_met_neutral,neutral,0,data\processed\tess\features\YAF_met_neutral_mfcc.npy,data\processed\tess\spectrograms\YAF_met_neutral_spec.npy
YAF_mill_neutral,neutral,0,data\processed\tess\features\YAF_mill_neutral_mfcc.npy,data\processed\tess\spectrograms\YAF_mill_neutral_spec.npy
YAF_mob_neutral,neutral,0,data\processed\tess\features\YAF_mob_neutral_mfcc.npy,data\processed\tess\spectrograms\YAF_mob_neutral_spec.npy
YAF_mode_neutral,neutral,0,data\processed\tess\features\YAF_mode_neutral_mfcc.npy,data\processed\tess\spectrograms\YAF_mode_neutral_spec.npy
YAF_mood_neutral,neutral,0,data\processed\tess\features\YAF_mood_neutral_mfcc.npy,data\processed\tess\spectrograms\YAF_mood_neutral_spec.npy
YAF_moon_neutral,neutral,0,data\processed\tess\features\YAF_moon_neutral_mfcc.npy,data\processed\tess\spectrograms\YAF_moon_neutral_spec.npy
YAF_mop_neutral,neutral,0,data\processed\tess\features\YAF_mop_neutral_mfcc.npy,data\processed\tess\spectrograms\YAF_mop_neutral_spec.npy
YAF_mouse_neutral,neutral,0,data\processed\tess\features\YAF_mouse_neutral_mfcc.npy,data\processed\tess\spectrograms\YAF_mouse_neutral_spec.npy
YAF_nag_neutral,neutral,0,data\processed\tess\features\YAF_nag_neutral_mfcc.npy,data\processed\tess\spectrograms\YAF_nag_neutral_spec.npy
YAF_name_neutral,neutral,0,data\processed\tess\features\YAF_name_neutral_mfcc.npy,data\processed\tess\spectrograms\YAF_name_neutral_spec.npy
YAF_near_neutral,neutral,0,data\processed\tess\features\YAF_near_neutral_mfcc.npy,data\processed\tess\spectrograms\YAF_near_neutral_spec.npy
YAF_neat_neutral,neutral,0,data\processed\tess\features\YAF_neat_neutral_mfcc.npy,data\processed\tess\spectrograms\YAF_neat_neutral_spec.npy
YAF_nice_neutral,neutral,0,data\processed\tess\features\YAF_nice_neutral_mfcc.npy,data\processed\tess\spectrograms\YAF_nice_neutral_spec.npy
YAF_note_neutral,neutral,0,data\processed\tess\features\YAF_note_neutral_mfcc.npy,data\processed\tess\spectrograms\YAF_note_neutral_spec.npy
YAF_numb_neutral,neutral,0,data\processed\tess\features\YAF_numb_neutral_mfcc.npy,data\processed\tess\spectrograms\YAF_numb_neutral_spec.npy
YAF_pad_neutral,neutral,0,data\processed\tess\features\YAF_pad_neutral_mfcc.npy,data\processed\tess\spectrograms\YAF_pad_neutral_spec.npy
YAF_page_neutral,neutral,0,data\processed\tess\features\YAF_page_neutral_mfcc.npy,data\processed\tess\spectrograms\YAF_page_neutral_spec.npy
YAF_pain_neutral,neutral,0,data\processed\tess\features\YAF_pain_neutral_mfcc.npy,data\processed\tess\spectrograms\YAF_pain_neutral_spec.npy
YAF_pass_neutral,neutral,0,data\processed\tess\features\YAF_pass_neutral_mfcc.npy,data\processed\tess\spectrograms\YAF_pass_neutral_spec.npy
YAF_pearl_neutral,neutral,0,data\processed\tess\features\YAF_pearl_neutral_mfcc.npy,data\processed\tess\spectrograms\YAF_pearl_neutral_spec.npy
YAF_peg_neutral,neutral,0,data\processed\tess\features\YAF_peg_neutral_mfcc.npy,data\processed\tess\spectrograms\YAF_peg_neutral_spec.npy
YAF_perch_neutral,neutral,0,data\processed\tess\features\YAF_perch_neutral_mfcc.npy,data\processed\tess\spectrograms\YAF_perch_neutral_spec.npy
YAF_phone_neutral,neutral,0,data\processed\tess\features\YAF_phone_neutral_mfcc.npy,data\processed\tess\spectrograms\YAF_phone_neutral_spec.npy
YAF_pick_neutral,neutral,0,data\processed\tess\features\YAF_pick_neutral_mfcc.npy,data\processed\tess\spectrograms\YAF_pick_neutral_spec.npy
YAF_pike_neutral,neutral,0,data\processed\tess\features\YAF_pike_neutral_mfcc.npy,data\processed\tess\spectrograms\YAF_pike_neutral_spec.npy
YAF_pole_neutral,neutral,0,data\processed\tess\features\YAF_pole_neutral_mfcc.npy,data\processed\tess\spectrograms\YAF_pole_neutral_spec.npy
YAF_pool_neutral,neutral,0,data\processed\tess\features\YAF_pool_neutral_mfcc.npy,data\processed\tess\spectrograms\YAF_pool_neutral_spec.npy
YAF_puff_neutral,neutral,0,data\processed\tess\features\YAF_puff_neutral_mfcc.npy,data\processed\tess\spectrograms\YAF_puff_neutral_spec.npy
YAF_rag_neutral,neutral,0,data\processed\tess\features\YAF_rag_neutral_mfcc.npy,data\processed\tess\spectrograms\YAF_rag_neutral_spec.npy
YAF_raid_neutral,neutral,0,data\processed\tess\features\YAF_raid_neutral_mfcc.npy,data\processed\tess\spectrograms\YAF_raid_neutral_spec.npy
YAF_rain_neutral,neutral,0,data\processed\tess\features\YAF_rain_neutral_mfcc.npy,data\processed\tess\spectrograms\YAF_rain_neutral_spec.npy
YAF_raise_neutral,neutral,0,data\processed\tess\features\YAF_raise_neutral_mfcc.npy,data\processed\tess\spectrograms\YAF_raise_neutral_spec.npy
YAF_rat_neutral,neutral,0,data\processed\tess\features\YAF_rat_neutral_mfcc.npy,data\processed\tess\spectrograms\YAF_rat_neutral_spec.npy
YAF_reach_neutral,neutral,0,data\processed\tess\features\YAF_reach_neutral_mfcc.npy,data\processed\tess\spectrograms\YAF_reach_neutral_spec.npy
YAF_read_neutral,neutral,0,data\processed\tess\features\YAF_read_neutral_mfcc.npy,data\processed\tess\spectrograms\YAF_read_neutral_spec.npy
YAF_red_neutral,neutral,0,data\processed\tess\features\YAF_red_neutral_mfcc.npy,data\processed\tess\spectrograms\YAF_red_neutral_spec.npy
YAF_ring_neutral,neutral,0,data\processed\tess\features\YAF_ring_neutral_mfcc.npy,data\processed\tess\spectrograms\YAF_ring_neutral_spec.npy
YAF_ripe_neutral,neutral,0,data\processed\tess\features\YAF_ripe_neutral_mfcc.npy,data\processed\tess\spectrograms\YAF_ripe_neutral_spec.npy
YAF_road_neutral,neutral,0,data\processed\tess\features\YAF_road_neutral_mfcc.npy,data\processed\tess\spectrograms\YAF_road_neutral_spec.npy
YAF_room_neutral,neutral,0,data\processed\tess\features\YAF_room_neutral_mfcc.npy,data\processed\tess\spectrograms\YAF_room_neutral_spec.npy
YAF_rose_neutral,neutral,0,data\processed\tess\features\YAF_rose_neutral_mfcc.npy,data\processed\tess\spectrograms\YAF_rose_neutral_spec.npy
YAF_rot_neutral,neutral,0,data\processed\tess\features\YAF_rot_neutral_mfcc.npy,data\processed\tess\spectrograms\YAF_rot_neutral_spec.npy
YAF_rough_neutral,neutral,0,data\processed\tess\features\YAF_rough_neutral_mfcc.npy,data\processed\tess\spectrograms\YAF_rough_neutral_spec.npy
YAF_rush_neutral,neutral,0,data\processed\tess\features\YAF_rush_neutral_mfcc.npy,data\processed\tess\spectrograms\YAF_rush_neutral_spec.npy
YAF_said_neutral,neutral,0,data\processed\tess\features\YAF_said_neutral_mfcc.npy,data\processed\tess\spectrograms\YAF_said_neutral_spec.npy
YAF_sail_neutral,neutral,0,data\processed\tess\features\YAF_sail_neutral_mfcc.npy,data\processed\tess\spectrograms\YAF_sail_neutral_spec.npy
YAF_search_neutral,neutral,0,data\processed\tess\features\YAF_search_neutral_mfcc.npy,data\processed\tess\spectrograms\YAF_search_neutral_spec.npy
YAF_seize_neutral,neutral,0,data\processed\tess\features\YAF_seize_neutral_mfcc.npy,data\processed\tess\spectrograms\YAF_seize_neutral_spec.npy
YAF_sell_neutral,neutral,0,data\processed\tess\features\YAF_sell_neutral_mfcc.npy,data\processed\tess\spectrograms\YAF_sell_neutral_spec.npy
YAF_shack_neutral,neutral,0,data\processed\tess\features\YAF_shack_neutral_mfcc.npy,data\processed\tess\spectrograms\YAF_shack_neutral_spec.npy
YAF_shall_neutral,neutral,0,data\processed\tess\features\YAF_shall_neutral_mfcc.npy,data\processed\tess\spectrograms\YAF_shall_neutral_spec.npy
YAF_shawl_neutral,neutral,0,data\processed\tess\features\YAF_shawl_neutral_mfcc.npy,data\processed\tess\spectrograms\YAF_shawl_neutral_spec.npy
YAF_sheep_neutral,neutral,0,data\processed\tess\features\YAF_sheep_neutral_mfcc.npy,data\processed\tess\spectrograms\YAF_sheep_neutral_spec.npy
YAF_shirt_neutral,neutral,0,data\processed\tess\features\YAF_shirt_neutral_mfcc.npy,data\processed\tess\spectrograms\YAF_shirt_neutral_spec.npy
YAF_should_neutral,neutral,0,data\processed\tess\features\YAF_should_neutral_mfcc.npy,data\processed\tess\spectrograms\YAF_should_neutral_spec.npy
YAF_shout_neutral,neutral,0,data\processed\tess\features\YAF_shout_neutral_mfcc.npy,data\processed\tess\spectrograms\YAF_shout_neutral_spec.npy
YAF_size_neutral,neutral,0,data\processed\tess\features\YAF_size_neutral_mfcc.npy,data\processed\tess\spectrograms\YAF_size_neutral_spec.npy
YAF_soap_neutral,neutral,0,data\processed\tess\features\YAF_soap_neutral_mfcc.npy,data\processed\tess\spectrograms\YAF_soap_neutral_spec.npy
YAF_soup_neutral,neutral,0,data\processed\tess\features\YAF_soup_neutral_mfcc.npy,data\processed\tess\spectrograms\YAF_soup_neutral_spec.npy
YAF_sour_neutral,neutral,0,data\processed\tess\features\YAF_sour_neutral_mfcc.npy,data\processed\tess\spectrograms\YAF_sour_neutral_spec.npy
YAF_south_neutral,neutral,0,data\processed\tess\features\YAF_south_neutral_mfcc.npy,data\processed\tess\spectrograms\YAF_south_neutral_spec.npy
YAF_sub_neutral,neutral,0,data\processed\tess\features\YAF_sub_neutral_mfcc.npy,data\processed\tess\spectrograms\YAF_sub_neutral_spec.npy
YAF_such_neutral,neutral,0,data\processed\tess\features\YAF_such_neutral_mfcc.npy,data\processed\tess\spectrograms\YAF_such_neutral_spec.npy
YAF_sure_neutral,neutral,0,data\processed\tess\features\YAF_sure_neutral_mfcc.npy,data\processed\tess\spectrograms\YAF_sure_neutral_spec.npy
YAF_take_neutral,neutral,0,data\processed\tess\features\YAF_take_neutral_mfcc.npy,data\processed\tess\spectrograms\YAF_take_neutral_spec.npy
YAF_talk_neutral,neutral,0,data\processed\tess\features\YAF_talk_neutral_mfcc.npy,data\processed\tess\spectrograms\YAF_talk_neutral_spec.npy
YAF_tape_neutral,neutral,0,data\processed\tess\features\YAF_tape_neutral_mfcc.npy,data\processed\tess\spectrograms\YAF_tape_neutral_spec.npy
YAF_team_neutral,neutral,0,data\processed\tess\features\YAF_team_neutral_mfcc.npy,data\processed\tess\spectrograms\YAF_team_neutral_spec.npy
YAF_tell_neutral,neutral,0,data\processed\tess\features\YAF_tell_neutral_mfcc.npy,data\processed\tess\spectrograms\YAF_tell_neutral_spec.npy
YAF_thin_neutral,neutral,0,data\processed\tess\features\YAF_thin_neutral_mfcc.npy,data\processed\tess\spectrograms\YAF_thin_neutral_spec.npy
YAF_third_neutral,neutral,0,data\processed\tess\features\YAF_third_neutral_mfcc.npy,data\processed\tess\spectrograms\YAF_third_neutral_spec.npy
YAF_thought_neutral,neutral,0,data\processed\tess\features\YAF_thought_neutral_mfcc.npy,data\processed\tess\spectrograms\YAF_thought_neutral_spec.npy
YAF_thumb_neutral,neutral,0,data\processed\tess\features\YAF_thumb_neutral_mfcc.npy,data\processed\tess\spectrograms\YAF_thumb_neutral_spec.npy
YAF_time_neutral,neutral,0,data\processed\tess\features\YAF_time_neutral_mfcc.npy,data\processed\tess\spectrograms\YAF_time_neutral_spec.npy
YAF_tip_neutral,neutral,0,data\processed\tess\features\YAF_tip_neutral_mfcc.npy,data\processed\tess\spectrograms\YAF_tip_neutral_spec.npy
YAF_tire_neutral,neutral,0,data\processed\tess\features\YAF_tire_neutral_mfcc.npy,data\processed\tess\spectrograms\YAF_tire_neutral_spec.npy
YAF_ton_neutral,neutral,0,data\processed\tess\features\YAF_ton_neutral_mfcc.npy,data\processed\tess\spectrograms\YAF_ton_neutral_spec.npy
YAF_tool_neutral,neutral,0,data\processed\tess\features\YAF_tool_neutral_mfcc.npy,data\processed\tess\spectrograms\YAF_tool_neutral_spec.npy
YAF_tough_neutral,neutral,0,data\processed\tess\features\YAF_tough_neutral_mfcc.npy,data\processed\tess\spectrograms\YAF_tough_neutral_spec.npy
YAF_turn_neutral,neutral,0,data\processed\tess\features\YAF_turn_neutral_mfcc.npy,data\processed\tess\spectrograms\YAF_turn_neutral_spec.npy
YAF_vine_neutral,neutral,0,data\processed\tess\features\YAF_vine_neutral_mfcc.npy,data\processed\tess\spectrograms\YAF_vine_neutral_spec.npy
YAF_voice_neutral,neutral,0,data\processed\tess\features\YAF_voice_neutral_mfcc.npy,data\processed\tess\spectrograms\YAF_voice_neutral_spec.npy
YAF_void_neutral,neutral,0,data\processed\tess\features\YAF_void_neutral_mfcc.npy,data\processed\tess\spectrograms\YAF_void_neutral_spec.npy
YAF_vote_neutral,neutral,0,data\processed\tess\features\YAF_vote_neutral_mfcc.npy,data\processed\tess\spectrograms\YAF_vote_neutral_spec.npy
YAF_wag_neutral,neutral,0,data\processed\tess\features\YAF_wag_neutral_mfcc.npy,data\processed\tess\spectrograms\YAF_wag_neutral_spec.npy
YAF_walk_neutral,neutral,0,data\processed\tess\features\YAF_walk_neutral_mfcc.npy,data\processed\tess\spectrograms\YAF_walk_neutral_spec.npy
YAF_wash_neutral,neutral,0,data\processed\tess\features\YAF_wash_neutral_mfcc.npy,data\processed\tess\spectrograms\YAF_wash_neutral_spec.npy
YAF_week_neutral,neutral,0,data\processed\tess\features\YAF_week_neutral_mfcc.npy,data\processed\tess\spectrograms\YAF_week_neutral_spec.npy
YAF_wheat_neutral,neutral,0,data\processed\tess\features\YAF_wheat_neutral_mfcc.npy,data\processed\tess\spectrograms\YAF_wheat_neutral_spec.npy
YAF_when_neutral,neutral,0,data\processed\tess\features\YAF_when_neutral_mfcc.npy,data\processed\tess\spectrograms\YAF_when_neutral_spec.npy
YAF_which_neutral,neutral,0,data\processed\tess\features\YAF_which_neutral_mfcc.npy,data\processed\tess\spectrograms\YAF_which_neutral_spec.npy
YAF_whip_neutral,neutral,0,data\processed\tess\features\YAF_whip_neutral_mfcc.npy,data\processed\tess\spectrograms\YAF_whip_neutral_spec.npy
YAF_white_neutral,neutral,0,data\processed\tess\features\YAF_white_neutral_mfcc.npy,data\processed\tess\spectrograms\YAF_white_neutral_spec.npy
YAF_wife_neutral,neutral,0,data\processed\tess\features\YAF_wife_neutral_mfcc.npy,data\processed\tess\spectrograms\YAF_wife_neutral_spec.npy
YAF_wire_neutral,neutral,0,data\processed\tess\features\YAF_wire_neutral_mfcc.npy,data\processed\tess\spectrograms\YAF_wire_neutral_spec.npy
YAF_witch_neutral,neutral,0,data\processed\tess\features\YAF_witch_neutral_mfcc.npy,data\processed\tess\spectrograms\YAF_witch_neutral_spec.npy
YAF_yearn_neutral,neutral,0,data\processed\tess\features\YAF_yearn_neutral_mfcc.npy,data\processed\tess\spectrograms\YAF_yearn_neutral_spec.npy
YAF_yes_neutral,neutral,0,data\processed\tess\features\YAF_yes_neutral_mfcc.npy,data\processed\tess\spectrograms\YAF_yes_neutral_spec.npy
YAF_young_neutral,neutral,0,data\processed\tess\features\YAF_young_neutral_mfcc.npy,data\processed\tess\spectrograms\YAF_young_neutral_spec.npy
YAF_youth_neutral,neutral,0,data\processed\tess\features\YAF_youth_neutral_mfcc.npy,data\processed\tess\spectrograms\YAF_youth_neutral_spec.npy
YAF_back_ps,ps,0,data\processed\tess\features\YAF_back_ps_mfcc.npy,data\processed\tess\spectrograms\YAF_back_ps_spec.npy
YAF_bar_ps,ps,0,data\processed\tess\features\YAF_bar_ps_mfcc.npy,data\processed\tess\spectrograms\YAF_bar_ps_spec.npy
YAF_base_ps,ps,0,data\processed\tess\features\YAF_base_ps_mfcc.npy,data\processed\tess\spectrograms\YAF_base_ps_spec.npy
YAF_bath_ps,ps,0,data\processed\tess\features\YAF_bath_ps_mfcc.npy,data\processed\tess\spectrograms\YAF_bath_ps_spec.npy
YAF_bean_ps,ps,0,data\processed\tess\features\YAF_bean_ps_mfcc.npy,data\processed\tess\spectrograms\YAF_bean_ps_spec.npy
YAF_beg_ps,ps,0,data\processed\tess\features\YAF_beg_ps_mfcc.npy,data\processed\tess\spectrograms\YAF_beg_ps_spec.npy
YAF_bite_ps,ps,0,data\processed\tess\features\YAF_bite_ps_mfcc.npy,data\processed\tess\spectrograms\YAF_bite_ps_spec.npy
YAF_boat_ps,ps,0,data\processed\tess\features\YAF_boat_ps_mfcc.npy,data\processed\tess\spectrograms\YAF_boat_ps_spec.npy
YAF_bone_ps,ps,0,data\processed\tess\features\YAF_bone_ps_mfcc.npy,data\processed\tess\spectrograms\YAF_bone_ps_spec.npy
YAF_book_ps,ps,0,data\processed\tess\features\YAF_book_ps_mfcc.npy,data\processed\tess\spectrograms\YAF_book_ps_spec.npy
YAF_bought_ps,ps,0,data\processed\tess\features\YAF_bought_ps_mfcc.npy,data\processed\tess\spectrograms\YAF_bought_ps_spec.npy
YAF_burn_ps,ps,0,data\processed\tess\features\YAF_burn_ps_mfcc.npy,data\processed\tess\spectrograms\YAF_burn_ps_spec.npy
YAF_cab_ps,ps,0,data\processed\tess\features\YAF_cab_ps_mfcc.npy,data\processed\tess\spectrograms\YAF_cab_ps_spec.npy
YAF_calm_ps,ps,0,data\processed\tess\features\YAF_calm_ps_mfcc.npy,data\processed\tess\spectrograms\YAF_calm_ps_spec.npy
YAF_came_ps,ps,0,data\processed\tess\features\YAF_came_ps_mfcc.npy,data\processed\tess\spectrograms\YAF_came_ps_spec.npy
YAF_cause_ps,ps,0,data\processed\tess\features\YAF_cause_ps_mfcc.npy,data\processed\tess\spectrograms\YAF_cause_ps_spec.npy
YAF_chain_ps,ps,0,data\processed\tess\features\YAF_chain_ps_mfcc.npy,data\processed\tess\spectrograms\YAF_chain_ps_spec.npy
YAF_chair_ps,ps,0,data\processed\tess\features\YAF_chair_ps_mfcc.npy,data\processed\tess\spectrograms\YAF_chair_ps_spec.npy
YAF_chalk_ps,ps,0,data\processed\tess\features\YAF_chalk_ps_mfcc.npy,data\processed\tess\spectrograms\YAF_chalk_ps_spec.npy
YAF_chat_ps,ps,0,data\processed\tess\features\YAF_chat_ps_mfcc.npy,data\processed\tess\spectrograms\YAF_chat_ps_spec.npy
YAF_check_ps,ps,0,data\processed\tess\features\YAF_check_ps_mfcc.npy,data\processed\tess\spectrograms\YAF_check_ps_spec.npy
YAF_cheek_ps,ps,0,data\processed\tess\features\YAF_cheek_ps_mfcc.npy,data\processed\tess\spectrograms\YAF_cheek_ps_spec.npy
YAF_chief_ps,ps,0,data\processed\tess\features\YAF_chief_ps_mfcc.npy,data\processed\tess\spectrograms\YAF_chief_ps_spec.npy
YAF_choice_ps,ps,0,data\processed\tess\features\YAF_choice_ps_mfcc.npy,data\processed\tess\spectrograms\YAF_choice_ps_spec.npy
YAF_cool_ps,ps,0,data\processed\tess\features\YAF_cool_ps_mfcc.npy,data\processed\tess\spectrograms\YAF_cool_ps_spec.npy
YAF_dab_ps,ps,0,data\processed\tess\features\YAF_dab_ps_mfcc.npy,data\processed\tess\spectrograms\YAF_dab_ps_spec.npy
YAF_date_ps,ps,0,data\processed\tess\features\YAF_date_ps_mfcc.npy,data\processed\tess\spectrograms\YAF_date_ps_spec.npy
YAF_dead_ps,ps,0,data\processed\tess\features\YAF_dead_ps_mfcc.npy,data\processed\tess\spectrograms\YAF_dead_ps_spec.npy
YAF_death_ps,ps,0,data\processed\tess\features\YAF_death_ps_mfcc.npy,data\processed\tess\spectrograms\YAF_death_ps_spec.npy
YAF_deep_ps,ps,0,data\processed\tess\features\YAF_deep_ps_mfcc.npy,data\processed\tess\spectrograms\YAF_deep_ps_spec.npy
YAF_dime_ps,ps,0,data\processed\tess\features\YAF_dime_ps_mfcc.npy,data\processed\tess\spectrograms\YAF_dime_ps_spec.npy
YAF_dip_ps,ps,0,data\processed\tess\features\YAF_dip_ps_mfcc.npy,data\processed\tess\spectrograms\YAF_dip_ps_spec.npy
YAF_ditch_ps,ps,0,data\processed\tess\features\YAF_ditch_ps_mfcc.npy,data\processed\tess\spectrograms\YAF_ditch_ps_spec.npy
YAF_dodge_ps,ps,0,data\processed\tess\features\YAF_dodge_ps_mfcc.npy,data\processed\tess\spectrograms\YAF_dodge_ps_spec.npy
YAF_dog_ps,ps,0,data\processed\tess\features\YAF_dog_ps_mfcc.npy,data\processed\tess\spectrograms\YAF_dog_ps_spec.npy
YAF_doll_ps,ps,0,data\processed\tess\features\YAF_doll_ps_mfcc.npy,data\processed\tess\spectrograms\YAF_doll_ps_spec.npy
YAF_door_ps,ps,0,data\processed\tess\features\YAF_door_ps_mfcc.npy,data\processed\tess\spectrograms\YAF_door_ps_spec.npy
YAF_fail_ps,ps,0,data\processed\tess\features\YAF_fail_ps_mfcc.npy,data\processed\tess\spectrograms\YAF_fail_ps_spec.npy
YAF_fall_ps,ps,0,data\processed\tess\features\YAF_fall_ps_mfcc.npy,data\processed\tess\spectrograms\YAF_fall_ps_spec.npy
YAF_far_ps,ps,0,data\processed\tess\features\YAF_far_ps_mfcc.npy,data\processed\tess\spectrograms\YAF_far_ps_spec.npy
YAF_fat_ps,ps,0,data\processed\tess\features\YAF_fat_ps_mfcc.npy,data\processed\tess\spectrograms\YAF_fat_ps_spec.npy
YAF_fit_ps,ps,0,data\processed\tess\features\YAF_fit_ps_mfcc.npy,data\processed\tess\spectrograms\YAF_fit_ps_spec.npy
YAF_five_ps,ps,0,data\processed\tess\features\YAF_five_ps_mfcc.npy,data\processed\tess\spectrograms\YAF_five_ps_spec.npy
YAF_food_ps,ps,0,data\processed\tess\features\YAF_food_ps_mfcc.npy,data\processed\tess\spectrograms\YAF_food_ps_spec.npy
YAF_gap_ps,ps,0,data\processed\tess\features\YAF_gap_ps_mfcc.npy,data\processed\tess\spectrograms\YAF_gap_ps_spec.npy
YAF_gas_ps,ps,0,data\processed\tess\features\YAF_gas_ps_mfcc.npy,data\processed\tess\spectrograms\YAF_gas_ps_spec.npy
YAF_gaze_ps,ps,0,data\processed\tess\features\YAF_gaze_ps_mfcc.npy,data\processed\tess\spectrograms\YAF_gaze_ps_spec.npy
YAF_germ_ps,ps,0,data\processed\tess\features\YAF_germ_ps_mfcc.npy,data\processed\tess\spectrograms\YAF_germ_ps_spec.npy
YAF_get_ps,ps,0,data\processed\tess\features\YAF_get_ps_mfcc.npy,data\processed\tess\spectrograms\YAF_get_ps_spec.npy
YAF_gin_ps,ps,0,data\processed\tess\features\YAF_gin_ps_mfcc.npy,data\processed\tess\spectrograms\YAF_gin_ps_spec.npy
YAF_goal_ps,ps,0,data\processed\tess\features\YAF_goal_ps_mfcc.npy,data\processed\tess\spectrograms\YAF_goal_ps_spec.npy
YAF_good_ps,ps,0,data\processed\tess\features\YAF_good_ps_mfcc.npy,data\processed\tess\spectrograms\YAF_good_ps_spec.npy
YAF_goose_ps,ps,0,data\processed\tess\features\YAF_goose_ps_mfcc.npy,data\processed\tess\spectrograms\YAF_goose_ps_spec.npy
YAF_gun_ps,ps,0,data\processed\tess\features\YAF_gun_ps_mfcc.npy,data\processed\tess\spectrograms\YAF_gun_ps_spec.npy
YAF_half_ps,ps,0,data\processed\tess\features\YAF_half_ps_mfcc.npy,data\processed\tess\spectrograms\YAF_half_ps_spec.npy
YAF_hall_ps,ps,0,data\processed\tess\features\YAF_hall_ps_mfcc.npy,data\processed\tess\spectrograms\YAF_hall_ps_spec.npy
YAF_hash_ps,ps,0,data\processed\tess\features\YAF_hash_ps_mfcc.npy,data\processed\tess\spectrograms\YAF_hash_ps_spec.npy
YAF_hate_ps,ps,0,data\processed\tess\features\YAF_hate_ps_mfcc.npy,data\processed\tess\spectrograms\YAF_hate_ps_spec.npy
YAF_have_ps,ps,0,data\processed\tess\features\YAF_have_ps_mfcc.npy,data\processed\tess\spectrograms\YAF_have_ps_spec.npy
YAF_haze_ps,ps,0,data\processed\tess\features\YAF_haze_ps_mfcc.npy,data\processed\tess\spectrograms\YAF_haze_ps_spec.npy
YAF_hire_ps,ps,0,data\processed\tess\features\YAF_hire_ps_mfcc.npy,data\processed\tess\spectrograms\YAF_hire_ps_spec.npy
YAF_hit_ps,ps,0,data\processed\tess\features\YAF_hit_ps_mfcc.npy,data\processed\tess\spectrograms\YAF_hit_ps_spec.npy
YAF_hole_ps,ps,0,data\processed\tess\features\YAF_hole_ps_mfcc.npy,data\processed\tess\spectrograms\YAF_hole_ps_spec.npy
YAF_home_ps,ps,0,data\processed\tess\features\YAF_home_ps_mfcc.npy,data\processed\tess\spectrograms\YAF_home_ps_spec.npy
YAF_hurl_ps,ps,0,data\processed\tess\features\YAF_hurl_ps_mfcc.npy,data\processed\tess\spectrograms\YAF_hurl_ps_spec.npy
YAF_hush_ps,ps,0,data\processed\tess\features\YAF_hush_ps_mfcc.npy,data\processed\tess\spectrograms\YAF_hush_ps_spec.npy
YAF_jail_ps,ps,0,data\processed\tess\features\YAF_jail_ps_mfcc.npy,data\processed\tess\spectrograms\YAF_jail_ps_spec.npy
YAF_jar_ps,ps,0,data\processed\tess\features\YAF_jar_ps_mfcc.npy,data\processed\tess\spectrograms\YAF_jar_ps_spec.npy
YAF_join_ps,ps,0,data\processed\tess\features\YAF_join_ps_mfcc.npy,data\processed\tess\spectrograms\YAF_join_ps_spec.npy
YAF_judge_ps,ps,0,data\processed\tess\features\YAF_judge_ps_mfcc.npy,data\processed\tess\spectrograms\YAF_judge_ps_spec.npy
YAF_jug_ps,ps,0,data\processed\tess\features\YAF_jug_ps_mfcc.npy,data\processed\tess\spectrograms\YAF_jug_ps_spec.npy
YAF_juice_ps,ps,0,data\processed\tess\features\YAF_juice_ps_mfcc.npy,data\processed\tess\spectrograms\YAF_juice_ps_spec.npy
YAF_keen_ps,ps,0,data\processed\tess\features\YAF_keen_ps_mfcc.npy,data\processed\tess\spectrograms\YAF_keen_ps_spec.npy
YAF_keep_ps,ps,0,data\processed\tess\features\YAF_keep_ps_mfcc.npy,data\processed\tess\spectrograms\YAF_keep_ps_spec.npy
YAF_keg_ps,ps,0,data\processed\tess\features\YAF_keg_ps_mfcc.npy,data\processed\tess\spectrograms\YAF_keg_ps_spec.npy
YAF_kick_ps,ps,0,data\processed\tess\features\YAF_kick_ps_mfcc.npy,data\processed\tess\spectrograms\YAF_kick_ps_spec.npy
YAF_kill_ps,ps,0,data\processed\tess\features\YAF_kill_ps_mfcc.npy,data\processed\tess\spectrograms\YAF_kill_ps_spec.npy
YAF_king_ps,ps,0,data\processed\tess\features\YAF_king_ps_mfcc.npy,data\processed\tess\spectrograms\YAF_king_ps_spec.npy
YAF_kite_ps,ps,0,data\processed\tess\features\YAF_kite_ps_mfcc.npy,data\processed\tess\spectrograms\YAF_kite_ps_spec.npy
YAF_knock_ps,ps,0,data\processed\tess\features\YAF_knock_ps_mfcc.npy,data\processed\tess\spectrograms\YAF_knock_ps_spec.npy
YAF_late_ps,ps,0,data\processed\tess\features\YAF_late_ps_mfcc.npy,data\processed\tess\spectrograms\YAF_late_ps_spec.npy
YAF_laud_ps,ps,0,data\processed\tess\features\YAF_laud_ps_mfcc.npy,data\processed\tess\spectrograms\YAF_laud_ps_spec.npy
YAF_lean_ps,ps,0,data\processed\tess\features\YAF_lean_ps_mfcc.npy,data\processed\tess\spectrograms\YAF_lean_ps_spec.npy
YAF_learn_ps,ps,0,data\processed\tess\features\YAF_learn_ps_mfcc.npy,data\processed\tess\spectrograms\YAF_learn_ps_spec.npy
YAF_lease_ps,ps,0,data\processed\tess\features\YAF_lease_ps_mfcc.npy,data\processed\tess\spectrograms\YAF_lease_ps_spec.npy
YAF_lid_ps,ps,0,data\processed\tess\features\YAF_lid_ps_mfcc.npy,data\processed\tess\spectrograms\YAF_lid_ps_spec.npy
YAF_life_ps,ps,0,data\processed\tess\features\YAF_life_ps_mfcc.npy,data\processed\tess\spectrograms\YAF_life_ps_spec.npy
YAF_limb_ps,ps,0,data\processed\tess\features\YAF_limb_ps_mfcc.npy,data\processed\tess\spectrograms\YAF_limb_ps_spec.npy
YAF_live_ps,ps,0,data\processed\tess\features\YAF_live_ps_mfcc.npy,data\processed\tess\spectrograms\YAF_live_ps_spec.npy
YAF_loaf_ps,ps,0,data\processed\tess\features\YAF_loaf_ps_mfcc.npy,data\processed\tess\spectrograms\YAF_loaf_ps_spec.npy
YAF_long_ps,ps,0,data\processed\tess\features\YAF_long_ps_mfcc.npy,data\processed\tess\spectrograms\YAF_long_ps_spec.npy
YAF_lore_ps,ps,0,data\processed\tess\features\YAF_lore_ps_mfcc.npy,data\processed\tess\spectrograms\YAF_lore_ps_spec.npy
YAF_lose_ps,ps,0,data\processed\tess\features\YAF_lose_ps_mfcc.npy,data\processed\tess\spectrograms\YAF_lose_ps_spec.npy
YAF_lot_ps,ps,0,data\processed\tess\features\YAF_lot_ps_mfcc.npy,data\processed\tess\spectrograms\YAF_lot_ps_spec.npy
YAF_love_ps,ps,0,data\processed\tess\features\YAF_love_ps_mfcc.npy,data\processed\tess\spectrograms\YAF_love_ps_spec.npy
YAF_luck_ps,ps,0,data\processed\tess\features\YAF_luck_ps_mfcc.npy,data\processed\tess\spectrograms\YAF_luck_ps_spec.npy
YAF_make_ps,ps,0,data\processed\tess\features\YAF_make_ps_mfcc.npy,data\processed\tess\spectrograms\YAF_make_ps_spec.npy
YAF_match_ps,ps,0,data\processed\tess\features\YAF_match_ps_mfcc.npy,data\processed\tess\spectrograms\YAF_match_ps_spec.npy
YAF_merge_ps,ps,0,data\processed\tess\features\YAF_merge_ps_mfcc.npy,data\processed\tess\spectrograms\YAF_merge_ps_spec.npy
YAF_mess_ps,ps,0,data\processed\tess\features\YAF_mess_ps_mfcc.npy,data\processed\tess\spectrograms\YAF_mess_ps_spec.npy
YAF_met_ps,ps,0,data\processed\tess\features\YAF_met_ps_mfcc.npy,data\processed\tess\spectrograms\YAF_met_ps_spec.npy
YAF_mill_ps,ps,0,data\processed\tess\features\YAF_mill_ps_mfcc.npy,data\processed\tess\spectrograms\YAF_mill_ps_spec.npy
YAF_mob_ps,ps,0,data\processed\tess\features\YAF_mob_ps_mfcc.npy,data\processed\tess\spectrograms\YAF_mob_ps_spec.npy
YAF_mode_ps,ps,0,data\processed\tess\features\YAF_mode_ps_mfcc.npy,data\processed\tess\spectrograms\YAF_mode_ps_spec.npy
YAF_mood_ps,ps,0,data\processed\tess\features\YAF_mood_ps_mfcc.npy,data\processed\tess\spectrograms\YAF_mood_ps_spec.npy
YAF_moon_ps,ps,0,data\processed\tess\features\YAF_moon_ps_mfcc.npy,data\processed\tess\spectrograms\YAF_moon_ps_spec.npy
YAF_mop_ps,ps,0,data\processed\tess\features\YAF_mop_ps_mfcc.npy,data\processed\tess\spectrograms\YAF_mop_ps_spec.npy
YAF_mouse_ps,ps,0,data\processed\tess\features\YAF_mouse_ps_mfcc.npy,data\processed\tess\spectrograms\YAF_mouse_ps_spec.npy
YAF_nag_ps,ps,0,data\processed\tess\features\YAF_nag_ps_mfcc.npy,data\processed\tess\spectrograms\YAF_nag_ps_spec.npy
YAF_name_ps,ps,0,data\processed\tess\features\YAF_name_ps_mfcc.npy,data\processed\tess\spectrograms\YAF_name_ps_spec.npy
YAF_near_ps,ps,0,data\processed\tess\features\YAF_near_ps_mfcc.npy,data\processed\tess\spectrograms\YAF_near_ps_spec.npy
YAF_neat_ps,ps,0,data\processed\tess\features\YAF_neat_ps_mfcc.npy,data\processed\tess\spectrograms\YAF_neat_ps_spec.npy
YAF_nice_ps,ps,0,data\processed\tess\features\YAF_nice_ps_mfcc.npy,data\processed\tess\spectrograms\YAF_nice_ps_spec.npy
YAF_note_ps,ps,0,data\processed\tess\features\YAF_note_ps_mfcc.npy,data\processed\tess\spectrograms\YAF_note_ps_spec.npy
YAF_numb_ps,ps,0,data\processed\tess\features\YAF_numb_ps_mfcc.npy,data\processed\tess\spectrograms\YAF_numb_ps_spec.npy
YAF_pad_ps,ps,0,data\processed\tess\features\YAF_pad_ps_mfcc.npy,data\processed\tess\spectrograms\YAF_pad_ps_spec.npy
YAF_page_ps,ps,0,data\processed\tess\features\YAF_page_ps_mfcc.npy,data\processed\tess\spectrograms\YAF_page_ps_spec.npy
YAF_pain_ps,ps,0,data\processed\tess\features\YAF_pain_ps_mfcc.npy,data\processed\tess\spectrograms\YAF_pain_ps_spec.npy
YAF_pass_ps,ps,0,data\processed\tess\features\YAF_pass_ps_mfcc.npy,data\processed\tess\spectrograms\YAF_pass_ps_spec.npy
YAF_pearl_ps,ps,0,data\processed\tess\features\YAF_pearl_ps_mfcc.npy,data\processed\tess\spectrograms\YAF_pearl_ps_spec.npy
YAF_peg_ps,ps,0,data\processed\tess\features\YAF_peg_ps_mfcc.npy,data\processed\tess\spectrograms\YAF_peg_ps_spec.npy
YAF_perch_ps,ps,0,data\processed\tess\features\YAF_perch_ps_mfcc.npy,data\processed\tess\spectrograms\YAF_perch_ps_spec.npy
YAF_phone_ps,ps,0,data\processed\tess\features\YAF_phone_ps_mfcc.npy,data\processed\tess\spectrograms\YAF_phone_ps_spec.npy
YAF_pick_ps,ps,0,data\processed\tess\features\YAF_pick_ps_mfcc.npy,data\processed\tess\spectrograms\YAF_pick_ps_spec.npy
YAF_pike_ps,ps,0,data\processed\tess\features\YAF_pike_ps_mfcc.npy,data\processed\tess\spectrograms\YAF_pike_ps_spec.npy
YAF_pole_ps,ps,0,data\processed\tess\features\YAF_pole_ps_mfcc.npy,data\processed\tess\spectrograms\YAF_pole_ps_spec.npy
YAF_pool_ps,ps,0,data\processed\tess\features\YAF_pool_ps_mfcc.npy,data\processed\tess\spectrograms\YAF_pool_ps_spec.npy
YAF_puff_ps,ps,0,data\processed\tess\features\YAF_puff_ps_mfcc.npy,data\processed\tess\spectrograms\YAF_puff_ps_spec.npy
YAF_rag_ps,ps,0,data\processed\tess\features\YAF_rag_ps_mfcc.npy,data\processed\tess\spectrograms\YAF_rag_ps_spec.npy
YAF_raid_ps,ps,0,data\processed\tess\features\YAF_raid_ps_mfcc.npy,data\processed\tess\spectrograms\YAF_raid_ps_spec.npy
YAF_rain_ps,ps,0,data\processed\tess\features\YAF_rain_ps_mfcc.npy,data\processed\tess\spectrograms\YAF_rain_ps_spec.npy
YAF_raise_ps,ps,0,data\processed\tess\features\YAF_raise_ps_mfcc.npy,data\processed\tess\spectrograms\YAF_raise_ps_spec.npy
YAF_rat_ps,ps,0,data\processed\tess\features\YAF_rat_ps_mfcc.npy,data\processed\tess\spectrograms\YAF_rat_ps_spec.npy
YAF_reach_ps,ps,0,data\processed\tess\features\YAF_reach_ps_mfcc.npy,data\processed\tess\spectrograms\YAF_reach_ps_spec.npy
YAF_read_ps,ps,0,data\processed\tess\features\YAF_read_ps_mfcc.npy,data\processed\tess\spectrograms\YAF_read_ps_spec.npy
YAF_red_ps,ps,0,data\processed\tess\features\YAF_red_ps_mfcc.npy,data\processed\tess\spectrograms\YAF_red_ps_spec.npy
YAF_ring_ps,ps,0,data\processed\tess\features\YAF_ring_ps_mfcc.npy,data\processed\tess\spectrograms\YAF_ring_ps_spec.npy
YAF_ripe_ps,ps,0,data\processed\tess\features\YAF_ripe_ps_mfcc.npy,data\processed\tess\spectrograms\YAF_ripe_ps_spec.npy
YAF_road_ps,ps,0,data\processed\tess\features\YAF_road_ps_mfcc.npy,data\processed\tess\spectrograms\YAF_road_ps_spec.npy
YAF_room_ps,ps,0,data\processed\tess\features\YAF_room_ps_mfcc.npy,data\processed\tess\spectrograms\YAF_room_ps_spec.npy
YAF_rose_ps,ps,0,data\processed\tess\features\YAF_rose_ps_mfcc.npy,data\processed\tess\spectrograms\YAF_rose_ps_spec.npy
YAF_rot_ps,ps,0,data\processed\tess\features\YAF_rot_ps_mfcc.npy,data\processed\tess\spectrograms\YAF_rot_ps_spec.npy
YAF_rough_ps,ps,0,data\processed\tess\features\YAF_rough_ps_mfcc.npy,data\processed\tess\spectrograms\YAF_rough_ps_spec.npy
YAF_rush_ps,ps,0,data\processed\tess\features\YAF_rush_ps_mfcc.npy,data\processed\tess\spectrograms\YAF_rush_ps_spec.npy
YAF_said_ps,ps,0,data\processed\tess\features\YAF_said_ps_mfcc.npy,data\processed\tess\spectrograms\YAF_said_ps_spec.npy
YAF_sail_ps,ps,0,data\processed\tess\features\YAF_sail_ps_mfcc.npy,data\processed\tess\spectrograms\YAF_sail_ps_spec.npy
YAF_search_ps,ps,0,data\processed\tess\features\YAF_search_ps_mfcc.npy,data\processed\tess\spectrograms\YAF_search_ps_spec.npy
YAF_seize_ps,ps,0,data\processed\tess\features\YAF_seize_ps_mfcc.npy,data\processed\tess\spectrograms\YAF_seize_ps_spec.npy
YAF_sell_ps,ps,0,data\processed\tess\features\YAF_sell_ps_mfcc.npy,data\processed\tess\spectrograms\YAF_sell_ps_spec.npy
YAF_shack_ps,ps,0,data\processed\tess\features\YAF_shack_ps_mfcc.npy,data\processed\tess\spectrograms\YAF_shack_ps_spec.npy
YAF_shall_ps,ps,0,data\processed\tess\features\YAF_shall_ps_mfcc.npy,data\processed\tess\spectrograms\YAF_shall_ps_spec.npy
YAF_shawl_ps,ps,0,data\processed\tess\features\YAF_shawl_ps_mfcc.npy,data\processed\tess\spectrograms\YAF_shawl_ps_spec.npy
YAF_sheep_ps,ps,0,data\processed\tess\features\YAF_sheep_ps_mfcc.npy,data\processed\tess\spectrograms\YAF_sheep_ps_spec.npy
YAF_shirt_ps,ps,0,data\processed\tess\features\YAF_shirt_ps_mfcc.npy,data\processed\tess\spectrograms\YAF_shirt_ps_spec.npy
YAF_should_ps,ps,0,data\processed\tess\features\YAF_should_ps_mfcc.npy,data\processed\tess\spectrograms\YAF_should_ps_spec.npy
YAF_shout_ps,ps,0,data\processed\tess\features\YAF_shout_ps_mfcc.npy,data\processed\tess\spectrograms\YAF_shout_ps_spec.npy
YAF_size_ps,ps,0,data\processed\tess\features\YAF_size_ps_mfcc.npy,data\processed\tess\spectrograms\YAF_size_ps_spec.npy
YAF_soap_ps,ps,0,data\processed\tess\features\YAF_soap_ps_mfcc.npy,data\processed\tess\spectrograms\YAF_soap_ps_spec.npy
YAF_soup_ps,ps,0,data\processed\tess\features\YAF_soup_ps_mfcc.npy,data\processed\tess\spectrograms\YAF_soup_ps_spec.npy
YAF_sour_ps,ps,0,data\processed\tess\features\YAF_sour_ps_mfcc.npy,data\processed\tess\spectrograms\YAF_sour_ps_spec.npy
YAF_south_ps,ps,0,data\processed\tess\features\YAF_south_ps_mfcc.npy,data\processed\tess\spectrograms\YAF_south_ps_spec.npy
YAF_sub_ps,ps,0,data\processed\tess\features\YAF_sub_ps_mfcc.npy,data\processed\tess\spectrograms\YAF_sub_ps_spec.npy
YAF_such_ps,ps,0,data\processed\tess\features\YAF_such_ps_mfcc.npy,data\processed\tess\spectrograms\YAF_such_ps_spec.npy
YAF_sure_ps,ps,0,data\processed\tess\features\YAF_sure_ps_mfcc.npy,data\processed\tess\spectrograms\YAF_sure_ps_spec.npy
YAF_take_ps,ps,0,data\processed\tess\features\YAF_take_ps_mfcc.npy,data\processed\tess\spectrograms\YAF_take_ps_spec.npy
YAF_talk_ps,ps,0,data\processed\tess\features\YAF_talk_ps_mfcc.npy,data\processed\tess\spectrograms\YAF_talk_ps_spec.npy
YAF_tape_ps,ps,0,data\processed\tess\features\YAF_tape_ps_mfcc.npy,data\processed\tess\spectrograms\YAF_tape_ps_spec.npy
YAF_team_ps,ps,0,data\processed\tess\features\YAF_team_ps_mfcc.npy,data\processed\tess\spectrograms\YAF_team_ps_spec.npy
YAF_tell_ps,ps,0,data\processed\tess\features\YAF_tell_ps_mfcc.npy,data\processed\tess\spectrograms\YAF_tell_ps_spec.npy
YAF_thin_ps,ps,0,data\processed\tess\features\YAF_thin_ps_mfcc.npy,data\processed\tess\spectrograms\YAF_thin_ps_spec.npy
YAF_third_ps,ps,0,data\processed\tess\features\YAF_third_ps_mfcc.npy,data\processed\tess\spectrograms\YAF_third_ps_spec.npy
YAF_thought_ps,ps,0,data\processed\tess\features\YAF_thought_ps_mfcc.npy,data\processed\tess\spectrograms\YAF_thought_ps_spec.npy
YAF_thumb_ps,ps,0,data\processed\tess\features\YAF_thumb_ps_mfcc.npy,data\processed\tess\spectrograms\YAF_thumb_ps_spec.npy
YAF_time_ps,ps,0,data\processed\tess\features\YAF_time_ps_mfcc.npy,data\processed\tess\spectrograms\YAF_time_ps_spec.npy
YAF_tip_ps,ps,0,data\processed\tess\features\YAF_tip_ps_mfcc.npy,data\processed\tess\spectrograms\YAF_tip_ps_spec.npy
YAF_tire_ps,ps,0,data\processed\tess\features\YAF_tire_ps_mfcc.npy,data\processed\tess\spectrograms\YAF_tire_ps_spec.npy
YAF_ton_ps,ps,0,data\processed\tess\features\YAF_ton_ps_mfcc.npy,data\processed\tess\spectrograms\YAF_ton_ps_spec.npy
YAF_tool_ps,ps,0,data\processed\tess\features\YAF_tool_ps_mfcc.npy,data\processed\tess\spectrograms\YAF_tool_ps_spec.npy
YAF_tough_ps,ps,0,data\processed\tess\features\YAF_tough_ps_mfcc.npy,data\processed\tess\spectrograms\YAF_tough_ps_spec.npy
YAF_turn_ps,ps,0,data\processed\tess\features\YAF_turn_ps_mfcc.npy,data\processed\tess\spectrograms\YAF_turn_ps_spec.npy
YAF_vine_ps,ps,0,data\processed\tess\features\YAF_vine_ps_mfcc.npy,data\processed\tess\spectrograms\YAF_vine_ps_spec.npy
YAF_voice_ps,ps,0,data\processed\tess\features\YAF_voice_ps_mfcc.npy,data\processed\tess\spectrograms\YAF_voice_ps_spec.npy
YAF_void_ps,ps,0,data\processed\tess\features\YAF_void_ps_mfcc.npy,data\processed\tess\spectrograms\YAF_void_ps_spec.npy
YAF_vote_ps,ps,0,data\processed\tess\features\YAF_vote_ps_mfcc.npy,data\processed\tess\spectrograms\YAF_vote_ps_spec.npy
YAF_wag_ps,ps,0,data\processed\tess\features\YAF_wag_ps_mfcc.npy,data\processed\tess\spectrograms\YAF_wag_ps_spec.npy
YAF_walk_ps,ps,0,data\processed\tess\features\YAF_walk_ps_mfcc.npy,data\processed\tess\spectrograms\YAF_walk_ps_spec.npy
YAF_wash_ps,ps,0,data\processed\tess\features\YAF_wash_ps_mfcc.npy,data\processed\tess\spectrograms\YAF_wash_ps_spec.npy
YAF_week_ps,ps,0,data\processed\tess\features\YAF_week_ps_mfcc.npy,data\processed\tess\spectrograms\YAF_week_ps_spec.npy
YAF_wheat_ps,ps,0,data\processed\tess\features\YAF_wheat_ps_mfcc.npy,data\processed\tess\spectrograms\YAF_wheat_ps_spec.npy
YAF_when_ps,ps,0,data\processed\tess\features\YAF_when_ps_mfcc.npy,data\processed\tess\spectrograms\YAF_when_ps_spec.npy
YAF_which_ps,ps,0,data\processed\tess\features\YAF_which_ps_mfcc.npy,data\processed\tess\spectrograms\YAF_which_ps_spec.npy
YAF_whip_ps,ps,0,data\processed\tess\features\YAF_whip_ps_mfcc.npy,data\processed\tess\spectrograms\YAF_whip_ps_spec.npy
YAF_white_ps,ps,0,data\processed\tess\features\YAF_white_ps_mfcc.npy,data\processed\tess\spectrograms\YAF_white_ps_spec.npy
YAF_wife_ps,ps,0,data\processed\tess\features\YAF_wife_ps_mfcc.npy,data\processed\tess\spectrograms\YAF_wife_ps_spec.npy
YAF_wire_ps,ps,0,data\processed\tess\features\YAF_wire_ps_mfcc.npy,data\processed\tess\spectrograms\YAF_wire_ps_spec.npy
YAF_witch_ps,ps,0,data\processed\tess\features\YAF_witch_ps_mfcc.npy,data\processed\tess\spectrograms\YAF_witch_ps_spec.npy
YAF_yearn_ps,ps,0,data\processed\tess\features\YAF_yearn_ps_mfcc.npy,data\processed\tess\spectrograms\YAF_yearn_ps_spec.npy
YAF_yes_ps,ps,0,data\processed\tess\features\YAF_yes_ps_mfcc.npy,data\processed\tess\spectrograms\YAF_yes_ps_spec.npy
YAF_young_ps,ps,0,data\processed\tess\features\YAF_young_ps_mfcc.npy,data\processed\tess\spectrograms\YAF_young_ps_spec.npy
YAF_youth_ps,ps,0,data\processed\tess\features\YAF_youth_ps_mfcc.npy,data\processed\tess\spectrograms\YAF_youth_ps_spec.npy
YAF_back_sad,sad,1,data\processed\tess\features\YAF_back_sad_mfcc.npy,data\processed\tess\spectrograms\YAF_back_sad_spec.npy
YAF_bar_sad,sad,1,data\processed\tess\features\YAF_bar_sad_mfcc.npy,data\processed\tess\spectrograms\YAF_bar_sad_spec.npy
YAF_base_sad,sad,1,data\processed\tess\features\YAF_base_sad_mfcc.npy,data\processed\tess\spectrograms\YAF_base_sad_spec.npy
YAF_bath_sad,sad,1,data\processed\tess\features\YAF_bath_sad_mfcc.npy,data\processed\tess\spectrograms\YAF_bath_sad_spec.npy
YAF_bean_sad,sad,1,data\processed\tess\features\YAF_bean_sad_mfcc.npy,data\processed\tess\spectrograms\YAF_bean_sad_spec.npy
YAF_beg_sad,sad,1,data\processed\tess\features\YAF_beg_sad_mfcc.npy,data\processed\tess\spectrograms\YAF_beg_sad_spec.npy
YAF_bite_sad,sad,1,data\processed\tess\features\YAF_bite_sad_mfcc.npy,data\processed\tess\spectrograms\YAF_bite_sad_spec.npy
YAF_boat_sad,sad,1,data\processed\tess\features\YAF_boat_sad_mfcc.npy,data\processed\tess\spectrograms\YAF_boat_sad_spec.npy
YAF_bone_sad,sad,1,data\processed\tess\features\YAF_bone_sad_mfcc.npy,data\processed\tess\spectrograms\YAF_bone_sad_spec.npy
YAF_book_sad,sad,1,data\processed\tess\features\YAF_book_sad_mfcc.npy,data\processed\tess\spectrograms\YAF_book_sad_spec.npy
YAF_bought_sad,sad,1,data\processed\tess\features\YAF_bought_sad_mfcc.npy,data\processed\tess\spectrograms\YAF_bought_sad_spec.npy
YAF_burn_sad,sad,1,data\processed\tess\features\YAF_burn_sad_mfcc.npy,data\processed\tess\spectrograms\YAF_burn_sad_spec.npy
YAF_cab_sad,sad,1,data\processed\tess\features\YAF_cab_sad_mfcc.npy,data\processed\tess\spectrograms\YAF_cab_sad_spec.npy
YAF_calm_sad,sad,1,data\processed\tess\features\YAF_calm_sad_mfcc.npy,data\processed\tess\spectrograms\YAF_calm_sad_spec.npy
YAF_came_sad,sad,1,data\processed\tess\features\YAF_came_sad_mfcc.npy,data\processed\tess\spectrograms\YAF_came_sad_spec.npy
YAF_cause_sad,sad,1,data\processed\tess\features\YAF_cause_sad_mfcc.npy,data\processed\tess\spectrograms\YAF_cause_sad_spec.npy
YAF_chain_sad,sad,1,data\processed\tess\features\YAF_chain_sad_mfcc.npy,data\processed\tess\spectrograms\YAF_chain_sad_spec.npy
YAF_chair_sad,sad,1,data\processed\tess\features\YAF_chair_sad_mfcc.npy,data\processed\tess\spectrograms\YAF_chair_sad_spec.npy
YAF_chalk_sad,sad,1,data\processed\tess\features\YAF_chalk_sad_mfcc.npy,data\processed\tess\spectrograms\YAF_chalk_sad_spec.npy
YAF_chat_sad,sad,1,data\processed\tess\features\YAF_chat_sad_mfcc.npy,data\processed\tess\spectrograms\YAF_chat_sad_spec.npy
YAF_check_sad,sad,1,data\processed\tess\features\YAF_check_sad_mfcc.npy,data\processed\tess\spectrograms\YAF_check_sad_spec.npy
YAF_cheek_sad,sad,1,data\processed\tess\features\YAF_cheek_sad_mfcc.npy,data\processed\tess\spectrograms\YAF_cheek_sad_spec.npy
YAF_chief_sad,sad,1,data\processed\tess\features\YAF_chief_sad_mfcc.npy,data\processed\tess\spectrograms\YAF_chief_sad_spec.npy
YAF_choice_sad,sad,1,data\processed\tess\features\YAF_choice_sad_mfcc.npy,data\processed\tess\spectrograms\YAF_choice_sad_spec.npy
YAF_cool_sad,sad,1,data\processed\tess\features\YAF_cool_sad_mfcc.npy,data\processed\tess\spectrograms\YAF_cool_sad_spec.npy
YAF_dab_sad,sad,1,data\processed\tess\features\YAF_dab_sad_mfcc.npy,data\processed\tess\spectrograms\YAF_dab_sad_spec.npy
YAF_date_sad,sad,1,data\processed\tess\features\YAF_date_sad_mfcc.npy,data\processed\tess\spectrograms\YAF_date_sad_spec.npy
YAF_dead_sad,sad,1,data\processed\tess\features\YAF_dead_sad_mfcc.npy,data\processed\tess\spectrograms\YAF_dead_sad_spec.npy
YAF_death_sad,sad,1,data\processed\tess\features\YAF_death_sad_mfcc.npy,data\processed\tess\spectrograms\YAF_death_sad_spec.npy
YAF_deep_sad,sad,1,data\processed\tess\features\YAF_deep_sad_mfcc.npy,data\processed\tess\spectrograms\YAF_deep_sad_spec.npy
YAF_dime_sad,sad,1,data\processed\tess\features\YAF_dime_sad_mfcc.npy,data\processed\tess\spectrograms\YAF_dime_sad_spec.npy
YAF_dip_sad,sad,1,data\processed\tess\features\YAF_dip_sad_mfcc.npy,data\processed\tess\spectrograms\YAF_dip_sad_spec.npy
YAF_ditch_sad,sad,1,data\processed\tess\features\YAF_ditch_sad_mfcc.npy,data\processed\tess\spectrograms\YAF_ditch_sad_spec.npy
YAF_dodge_sad,sad,1,data\processed\tess\features\YAF_dodge_sad_mfcc.npy,data\processed\tess\spectrograms\YAF_dodge_sad_spec.npy
YAF_dog_sad,sad,1,data\processed\tess\features\YAF_dog_sad_mfcc.npy,data\processed\tess\spectrograms\YAF_dog_sad_spec.npy
YAF_doll_sad,sad,1,data\processed\tess\features\YAF_doll_sad_mfcc.npy,data\processed\tess\spectrograms\YAF_doll_sad_spec.npy
YAF_door_sad,sad,1,data\processed\tess\features\YAF_door_sad_mfcc.npy,data\processed\tess\spectrograms\YAF_door_sad_spec.npy
YAF_fail_sad,sad,1,data\processed\tess\features\YAF_fail_sad_mfcc.npy,data\processed\tess\spectrograms\YAF_fail_sad_spec.npy
YAF_fall_sad,sad,1,data\processed\tess\features\YAF_fall_sad_mfcc.npy,data\processed\tess\spectrograms\YAF_fall_sad_spec.npy
YAF_far_sad,sad,1,data\processed\tess\features\YAF_far_sad_mfcc.npy,data\processed\tess\spectrograms\YAF_far_sad_spec.npy
YAF_fat_sad,sad,1,data\processed\tess\features\YAF_fat_sad_mfcc.npy,data\processed\tess\spectrograms\YAF_fat_sad_spec.npy
YAF_fit_sad,sad,1,data\processed\tess\features\YAF_fit_sad_mfcc.npy,data\processed\tess\spectrograms\YAF_fit_sad_spec.npy
YAF_five_sad,sad,1,data\processed\tess\features\YAF_five_sad_mfcc.npy,data\processed\tess\spectrograms\YAF_five_sad_spec.npy
YAF_food_sad,sad,1,data\processed\tess\features\YAF_food_sad_mfcc.npy,data\processed\tess\spectrograms\YAF_food_sad_spec.npy
YAF_gap_sad,sad,1,data\processed\tess\features\YAF_gap_sad_mfcc.npy,data\processed\tess\spectrograms\YAF_gap_sad_spec.npy
YAF_gas_sad,sad,1,data\processed\tess\features\YAF_gas_sad_mfcc.npy,data\processed\tess\spectrograms\YAF_gas_sad_spec.npy
YAF_gaze_sad,sad,1,data\processed\tess\features\YAF_gaze_sad_mfcc.npy,data\processed\tess\spectrograms\YAF_gaze_sad_spec.npy
YAF_germ_sad,sad,1,data\processed\tess\features\YAF_germ_sad_mfcc.npy,data\processed\tess\spectrograms\YAF_germ_sad_spec.npy
YAF_get_sad,sad,1,data\processed\tess\features\YAF_get_sad_mfcc.npy,data\processed\tess\spectrograms\YAF_get_sad_spec.npy
YAF_gin_sad,sad,1,data\processed\tess\features\YAF_gin_sad_mfcc.npy,data\processed\tess\spectrograms\YAF_gin_sad_spec.npy
YAF_goal_sad,sad,1,data\processed\tess\features\YAF_goal_sad_mfcc.npy,data\processed\tess\spectrograms\YAF_goal_sad_spec.npy
YAF_good_sad,sad,1,data\processed\tess\features\YAF_good_sad_mfcc.npy,data\processed\tess\spectrograms\YAF_good_sad_spec.npy
YAF_goose_sad,sad,1,data\processed\tess\features\YAF_goose_sad_mfcc.npy,data\processed\tess\spectrograms\YAF_goose_sad_spec.npy
YAF_gun_sad,sad,1,data\processed\tess\features\YAF_gun_sad_mfcc.npy,data\processed\tess\spectrograms\YAF_gun_sad_spec.npy
YAF_half_sad,sad,1,data\processed\tess\features\YAF_half_sad_mfcc.npy,data\processed\tess\spectrograms\YAF_half_sad_spec.npy
YAF_hall_sad,sad,1,data\processed\tess\features\YAF_hall_sad_mfcc.npy,data\processed\tess\spectrograms\YAF_hall_sad_spec.npy
YAF_hash_sad,sad,1,data\processed\tess\features\YAF_hash_sad_mfcc.npy,data\processed\tess\spectrograms\YAF_hash_sad_spec.npy
YAF_hate_sad,sad,1,data\processed\tess\features\YAF_hate_sad_mfcc.npy,data\processed\tess\spectrograms\YAF_hate_sad_spec.npy
YAF_have_sad,sad,1,data\processed\tess\features\YAF_have_sad_mfcc.npy,data\processed\tess\spectrograms\YAF_have_sad_spec.npy
YAF_haze_sad,sad,1,data\processed\tess\features\YAF_haze_sad_mfcc.npy,data\processed\tess\spectrograms\YAF_haze_sad_spec.npy
YAF_hire_sad,sad,1,data\processed\tess\features\YAF_hire_sad_mfcc.npy,data\processed\tess\spectrograms\YAF_hire_sad_spec.npy
YAF_hit_sad,sad,1,data\processed\tess\features\YAF_hit_sad_mfcc.npy,data\processed\tess\spectrograms\YAF_hit_sad_spec.npy
YAF_hole_sad,sad,1,data\processed\tess\features\YAF_hole_sad_mfcc.npy,data\processed\tess\spectrograms\YAF_hole_sad_spec.npy
YAF_home_sad,sad,1,data\processed\tess\features\YAF_home_sad_mfcc.npy,data\processed\tess\spectrograms\YAF_home_sad_spec.npy
YAF_hurl_sad,sad,1,data\processed\tess\features\YAF_hurl_sad_mfcc.npy,data\processed\tess\spectrograms\YAF_hurl_sad_spec.npy
YAF_hush_sad,sad,1,data\processed\tess\features\YAF_hush_sad_mfcc.npy,data\processed\tess\spectrograms\YAF_hush_sad_spec.npy
YAF_jail_sad,sad,1,data\processed\tess\features\YAF_jail_sad_mfcc.npy,data\processed\tess\spectrograms\YAF_jail_sad_spec.npy
YAF_jar_sad,sad,1,data\processed\tess\features\YAF_jar_sad_mfcc.npy,data\processed\tess\spectrograms\YAF_jar_sad_spec.npy
YAF_join_sad,sad,1,data\processed\tess\features\YAF_join_sad_mfcc.npy,data\processed\tess\spectrograms\YAF_join_sad_spec.npy
YAF_judge_sad,sad,1,data\processed\tess\features\YAF_judge_sad_mfcc.npy,data\processed\tess\spectrograms\YAF_judge_sad_spec.npy
YAF_jug_sad,sad,1,data\processed\tess\features\YAF_jug_sad_mfcc.npy,data\processed\tess\spectrograms\YAF_jug_sad_spec.npy
YAF_juice_sad,sad,1,data\processed\tess\features\YAF_juice_sad_mfcc.npy,data\processed\tess\spectrograms\YAF_juice_sad_spec.npy
YAF_keen_sad,sad,1,data\processed\tess\features\YAF_keen_sad_mfcc.npy,data\processed\tess\spectrograms\YAF_keen_sad_spec.npy
YAF_keep_sad,sad,1,data\processed\tess\features\YAF_keep_sad_mfcc.npy,data\processed\tess\spectrograms\YAF_keep_sad_spec.npy
YAF_keg_sad,sad,1,data\processed\tess\features\YAF_keg_sad_mfcc.npy,data\processed\tess\spectrograms\YAF_keg_sad_spec.npy
YAF_kick_sad,sad,1,data\processed\tess\features\YAF_kick_sad_mfcc.npy,data\processed\tess\spectrograms\YAF_kick_sad_spec.npy
YAF_kill_sad,sad,1,data\processed\tess\features\YAF_kill_sad_mfcc.npy,data\processed\tess\spectrograms\YAF_kill_sad_spec.npy
YAF_king_sad,sad,1,data\processed\tess\features\YAF_king_sad_mfcc.npy,data\processed\tess\spectrograms\YAF_king_sad_spec.npy
YAF_kite_sad,sad,1,data\processed\tess\features\YAF_kite_sad_mfcc.npy,data\processed\tess\spectrograms\YAF_kite_sad_spec.npy
YAF_knock_sad,sad,1,data\processed\tess\features\YAF_knock_sad_mfcc.npy,data\processed\tess\spectrograms\YAF_knock_sad_spec.npy
YAF_late_sad,sad,1,data\processed\tess\features\YAF_late_sad_mfcc.npy,data\processed\tess\spectrograms\YAF_late_sad_spec.npy
YAF_laud_sad,sad,1,data\processed\tess\features\YAF_laud_sad_mfcc.npy,data\processed\tess\spectrograms\YAF_laud_sad_spec.npy
YAF_lean_sad,sad,1,data\processed\tess\features\YAF_lean_sad_mfcc.npy,data\processed\tess\spectrograms\YAF_lean_sad_spec.npy
YAF_learn_sad,sad,1,data\processed\tess\features\YAF_learn_sad_mfcc.npy,data\processed\tess\spectrograms\YAF_learn_sad_spec.npy
YAF_lease_sad,sad,1,data\processed\tess\features\YAF_lease_sad_mfcc.npy,data\processed\tess\spectrograms\YAF_lease_sad_spec.npy
YAF_lid_sad,sad,1,data\processed\tess\features\YAF_lid_sad_mfcc.npy,data\processed\tess\spectrograms\YAF_lid_sad_spec.npy
YAF_life_sad,sad,1,data\processed\tess\features\YAF_life_sad_mfcc.npy,data\processed\tess\spectrograms\YAF_life_sad_spec.npy
YAF_limb_sad,sad,1,data\processed\tess\features\YAF_limb_sad_mfcc.npy,data\processed\tess\spectrograms\YAF_limb_sad_spec.npy
YAF_live_sad,sad,1,data\processed\tess\features\YAF_live_sad_mfcc.npy,data\processed\tess\spectrograms\YAF_live_sad_spec.npy
YAF_loaf_sad,sad,1,data\processed\tess\features\YAF_loaf_sad_mfcc.npy,data\processed\tess\spectrograms\YAF_loaf_sad_spec.npy
YAF_long_sad,sad,1,data\processed\tess\features\YAF_long_sad_mfcc.npy,data\processed\tess\spectrograms\YAF_long_sad_spec.npy
YAF_lore_sad,sad,1,data\processed\tess\features\YAF_lore_sad_mfcc.npy,data\processed\tess\spectrograms\YAF_lore_sad_spec.npy
YAF_lose_sad,sad,1,data\processed\tess\features\YAF_lose_sad_mfcc.npy,data\processed\tess\spectrograms\YAF_lose_sad_spec.npy
YAF_lot_sad,sad,1,data\processed\tess\features\YAF_lot_sad_mfcc.npy,data\processed\tess\spectrograms\YAF_lot_sad_spec.npy
YAF_love_sad,sad,1,data\processed\tess\features\YAF_love_sad_mfcc.npy,data\processed\tess\spectrograms\YAF_love_sad_spec.npy
YAF_luck_sad,sad,1,data\processed\tess\features\YAF_luck_sad_mfcc.npy,data\processed\tess\spectrograms\YAF_luck_sad_spec.npy
YAF_make_sad,sad,1,data\processed\tess\features\YAF_make_sad_mfcc.npy,data\processed\tess\spectrograms\YAF_make_sad_spec.npy
YAF_match_sad,sad,1,data\processed\tess\features\YAF_match_sad_mfcc.npy,data\processed\tess\spectrograms\YAF_match_sad_spec.npy
YAF_merge_sad,sad,1,data\processed\tess\features\YAF_merge_sad_mfcc.npy,data\processed\tess\spectrograms\YAF_merge_sad_spec.npy
YAF_mess_sad,sad,1,data\processed\tess\features\YAF_mess_sad_mfcc.npy,data\processed\tess\spectrograms\YAF_mess_sad_spec.npy
YAF_met_sad,sad,1,data\processed\tess\features\YAF_met_sad_mfcc.npy,data\processed\tess\spectrograms\YAF_met_sad_spec.npy
YAF_mill_sad,sad,1,data\processed\tess\features\YAF_mill_sad_mfcc.npy,data\processed\tess\spectrograms\YAF_mill_sad_spec.npy
YAF_mob_sad,sad,1,data\processed\tess\features\YAF_mob_sad_mfcc.npy,data\processed\tess\spectrograms\YAF_mob_sad_spec.npy
YAF_mode_sad,sad,1,data\processed\tess\features\YAF_mode_sad_mfcc.npy,data\processed\tess\spectrograms\YAF_mode_sad_spec.npy
YAF_mood_sad,sad,1,data\processed\tess\features\YAF_mood_sad_mfcc.npy,data\processed\tess\spectrograms\YAF_mood_sad_spec.npy
YAF_moon_sad,sad,1,data\processed\tess\features\YAF_moon_sad_mfcc.npy,data\processed\tess\spectrograms\YAF_moon_sad_spec.npy
YAF_mop_sad,sad,1,data\processed\tess\features\YAF_mop_sad_mfcc.npy,data\processed\tess\spectrograms\YAF_mop_sad_spec.npy
YAF_mouse_sad,sad,1,data\processed\tess\features\YAF_mouse_sad_mfcc.npy,data\processed\tess\spectrograms\YAF_mouse_sad_spec.npy
YAF_nag_sad,sad,1,data\processed\tess\features\YAF_nag_sad_mfcc.npy,data\processed\tess\spectrograms\YAF_nag_sad_spec.npy
YAF_name_sad,sad,1,data\processed\tess\features\YAF_name_sad_mfcc.npy,data\processed\tess\spectrograms\YAF_name_sad_spec.npy
YAF_near_sad,sad,1,data\processed\tess\features\YAF_near_sad_mfcc.npy,data\processed\tess\spectrograms\YAF_near_sad_spec.npy
YAF_neat_sad,sad,1,data\processed\tess\features\YAF_neat_sad_mfcc.npy,data\processed\tess\spectrograms\YAF_neat_sad_spec.npy
YAF_nice_sad,sad,1,data\processed\tess\features\YAF_nice_sad_mfcc.npy,data\processed\tess\spectrograms\YAF_nice_sad_spec.npy
YAF_note_sad,sad,1,data\processed\tess\features\YAF_note_sad_mfcc.npy,data\processed\tess\spectrograms\YAF_note_sad_spec.npy
YAF_numb_sad,sad,1,data\processed\tess\features\YAF_numb_sad_mfcc.npy,data\processed\tess\spectrograms\YAF_numb_sad_spec.npy
YAF_pad_sad,sad,1,data\processed\tess\features\YAF_pad_sad_mfcc.npy,data\processed\tess\spectrograms\YAF_pad_sad_spec.npy
YAF_page_sad,sad,1,data\processed\tess\features\YAF_page_sad_mfcc.npy,data\processed\tess\spectrograms\YAF_page_sad_spec.npy
YAF_pain_sad,sad,1,data\processed\tess\features\YAF_pain_sad_mfcc.npy,data\processed\tess\spectrograms\YAF_pain_sad_spec.npy
YAF_pass_sad,sad,1,data\processed\tess\features\YAF_pass_sad_mfcc.npy,data\processed\tess\spectrograms\YAF_pass_sad_spec.npy
YAF_pearl_sad,sad,1,data\processed\tess\features\YAF_pearl_sad_mfcc.npy,data\processed\tess\spectrograms\YAF_pearl_sad_spec.npy
YAF_peg_sad,sad,1,data\processed\tess\features\YAF_peg_sad_mfcc.npy,data\processed\tess\spectrograms\YAF_peg_sad_spec.npy
YAF_perch_sad,sad,1,data\processed\tess\features\YAF_perch_sad_mfcc.npy,data\processed\tess\spectrograms\YAF_perch_sad_spec.npy
YAF_phone_sad,sad,1,data\processed\tess\features\YAF_phone_sad_mfcc.npy,data\processed\tess\spectrograms\YAF_phone_sad_spec.npy
YAF_pick_sad,sad,1,data\processed\tess\features\YAF_pick_sad_mfcc.npy,data\processed\tess\spectrograms\YAF_pick_sad_spec.npy
YAF_pike_sad,sad,1,data\processed\tess\features\YAF_pike_sad_mfcc.npy,data\processed\tess\spectrograms\YAF_pike_sad_spec.npy
YAF_pole_sad,sad,1,data\processed\tess\features\YAF_pole_sad_mfcc.npy,data\processed\tess\spectrograms\YAF_pole_sad_spec.npy
YAF_pool_sad,sad,1,data\processed\tess\features\YAF_pool_sad_mfcc.npy,data\processed\tess\spectrograms\YAF_pool_sad_spec.npy
YAF_puff_sad,sad,1,data\processed\tess\features\YAF_puff_sad_mfcc.npy,data\processed\tess\spectrograms\YAF_puff_sad_spec.npy
YAF_rag_sad,sad,1,data\processed\tess\features\YAF_rag_sad_mfcc.npy,data\processed\tess\spectrograms\YAF_rag_sad_spec.npy
YAF_raid_sad,sad,1,data\processed\tess\features\YAF_raid_sad_mfcc.npy,data\processed\tess\spectrograms\YAF_raid_sad_spec.npy
YAF_rain_sad,sad,1,data\processed\tess\features\YAF_rain_sad_mfcc.npy,data\processed\tess\spectrograms\YAF_rain_sad_spec.npy
YAF_raise_sad,sad,1,data\processed\tess\features\YAF_raise_sad_mfcc.npy,data\processed\tess\spectrograms\YAF_raise_sad_spec.npy
YAF_rat_sad,sad,1,data\processed\tess\features\YAF_rat_sad_mfcc.npy,data\processed\tess\spectrograms\YAF_rat_sad_spec.npy
YAF_reach_sad,sad,1,data\processed\tess\features\YAF_reach_sad_mfcc.npy,data\processed\tess\spectrograms\YAF_reach_sad_spec.npy
YAF_read_sad,sad,1,data\processed\tess\features\YAF_read_sad_mfcc.npy,data\processed\tess\spectrograms\YAF_read_sad_spec.npy
YAF_red_sad,sad,1,data\processed\tess\features\YAF_red_sad_mfcc.npy,data\processed\tess\spectrograms\YAF_red_sad_spec.npy
YAF_ring_sad,sad,1,data\processed\tess\features\YAF_ring_sad_mfcc.npy,data\processed\tess\spectrograms\YAF_ring_sad_spec.npy
YAF_ripe_sad,sad,1,data\processed\tess\features\YAF_ripe_sad_mfcc.npy,data\processed\tess\spectrograms\YAF_ripe_sad_spec.npy
YAF_road_sad,sad,1,data\processed\tess\features\YAF_road_sad_mfcc.npy,data\processed\tess\spectrograms\YAF_road_sad_spec.npy
YAF_room_sad,sad,1,data\processed\tess\features\YAF_room_sad_mfcc.npy,data\processed\tess\spectrograms\YAF_room_sad_spec.npy
YAF_rose_sad,sad,1,data\processed\tess\features\YAF_rose_sad_mfcc.npy,data\processed\tess\spectrograms\YAF_rose_sad_spec.npy
YAF_rot_sad,sad,1,data\processed\tess\features\YAF_rot_sad_mfcc.npy,data\processed\tess\spectrograms\YAF_rot_sad_spec.npy
YAF_rough_sad,sad,1,data\processed\tess\features\YAF_rough_sad_mfcc.npy,data\processed\tess\spectrograms\YAF_rough_sad_spec.npy
YAF_rush_sad,sad,1,data\processed\tess\features\YAF_rush_sad_mfcc.npy,data\processed\tess\spectrograms\YAF_rush_sad_spec.npy
YAF_said_sad,sad,1,data\processed\tess\features\YAF_said_sad_mfcc.npy,data\processed\tess\spectrograms\YAF_said_sad_spec.npy
YAF_sail_sad,sad,1,data\processed\tess\features\YAF_sail_sad_mfcc.npy,data\processed\tess\spectrograms\YAF_sail_sad_spec.npy
YAF_search_sad,sad,1,data\processed\tess\features\YAF_search_sad_mfcc.npy,data\processed\tess\spectrograms\YAF_search_sad_spec.npy
YAF_seize_sad,sad,1,data\processed\tess\features\YAF_seize_sad_mfcc.npy,data\processed\tess\spectrograms\YAF_seize_sad_spec.npy
YAF_sell_sad,sad,1,data\processed\tess\features\YAF_sell_sad_mfcc.npy,data\processed\tess\spectrograms\YAF_sell_sad_spec.npy
YAF_shack_sad,sad,1,data\processed\tess\features\YAF_shack_sad_mfcc.npy,data\processed\tess\spectrograms\YAF_shack_sad_spec.npy
YAF_shall_sad,sad,1,data\processed\tess\features\YAF_shall_sad_mfcc.npy,data\processed\tess\spectrograms\YAF_shall_sad_spec.npy
YAF_shawl_sad,sad,1,data\processed\tess\features\YAF_shawl_sad_mfcc.npy,data\processed\tess\spectrograms\YAF_shawl_sad_spec.npy
YAF_sheep_sad,sad,1,data\processed\tess\features\YAF_sheep_sad_mfcc.npy,data\processed\tess\spectrograms\YAF_sheep_sad_spec.npy
YAF_shirt_sad,sad,1,data\processed\tess\features\YAF_shirt_sad_mfcc.npy,data\processed\tess\spectrograms\YAF_shirt_sad_spec.npy
YAF_should_sad,sad,1,data\processed\tess\features\YAF_should_sad_mfcc.npy,data\processed\tess\spectrograms\YAF_should_sad_spec.npy
YAF_shout_sad,sad,1,data\processed\tess\features\YAF_shout_sad_mfcc.npy,data\processed\tess\spectrograms\YAF_shout_sad_spec.npy
YAF_size_sad,sad,1,data\processed\tess\features\YAF_size_sad_mfcc.npy,data\processed\tess\spectrograms\YAF_size_sad_spec.npy
YAF_soap_sad,sad,1,data\processed\tess\features\YAF_soap_sad_mfcc.npy,data\processed\tess\spectrograms\YAF_soap_sad_spec.npy
YAF_soup_sad,sad,1,data\processed\tess\features\YAF_soup_sad_mfcc.npy,data\processed\tess\spectrograms\YAF_soup_sad_spec.npy
YAF_sour_sad,sad,1,data\processed\tess\features\YAF_sour_sad_mfcc.npy,data\processed\tess\spectrograms\YAF_sour_sad_spec.npy
YAF_south_sad,sad,1,data\processed\tess\features\YAF_south_sad_mfcc.npy,data\processed\tess\spectrograms\YAF_south_sad_spec.npy
YAF_sub_sad,sad,1,data\processed\tess\features\YAF_sub_sad_mfcc.npy,data\processed\tess\spectrograms\YAF_sub_sad_spec.npy
YAF_such_sad,sad,1,data\processed\tess\features\YAF_such_sad_mfcc.npy,data\processed\tess\spectrograms\YAF_such_sad_spec.npy
YAF_sure_sad,sad,1,data\processed\tess\features\YAF_sure_sad_mfcc.npy,data\processed\tess\spectrograms\YAF_sure_sad_spec.npy
YAF_take_sad,sad,1,data\processed\tess\features\YAF_take_sad_mfcc.npy,data\processed\tess\spectrograms\YAF_take_sad_spec.npy
YAF_talk_sad,sad,1,data\processed\tess\features\YAF_talk_sad_mfcc.npy,data\processed\tess\spectrograms\YAF_talk_sad_spec.npy
YAF_tape_sad,sad,1,data\processed\tess\features\YAF_tape_sad_mfcc.npy,data\processed\tess\spectrograms\YAF_tape_sad_spec.npy
YAF_team_sad,sad,1,data\processed\tess\features\YAF_team_sad_mfcc.npy,data\processed\tess\spectrograms\YAF_team_sad_spec.npy
YAF_tell_sad,sad,1,data\processed\tess\features\YAF_tell_sad_mfcc.npy,data\processed\tess\spectrograms\YAF_tell_sad_spec.npy
YAF_thin_sad,sad,1,data\processed\tess\features\YAF_thin_sad_mfcc.npy,data\processed\tess\spectrograms\YAF_thin_sad_spec.npy
YAF_third_sad,sad,1,data\processed\tess\features\YAF_third_sad_mfcc.npy,data\processed\tess\spectrograms\YAF_third_sad_spec.npy
YAF_thought_sad,sad,1,data\processed\tess\features\YAF_thought_sad_mfcc.npy,data\processed\tess\spectrograms\YAF_thought_sad_spec.npy
YAF_thumb_sad,sad,1,data\processed\tess\features\YAF_thumb_sad_mfcc.npy,data\processed\tess\spectrograms\YAF_thumb_sad_spec.npy
YAF_time_sad,sad,1,data\processed\tess\features\YAF_time_sad_mfcc.npy,data\processed\tess\spectrograms\YAF_time_sad_spec.npy
YAF_tip_sad,sad,1,data\processed\tess\features\YAF_tip_sad_mfcc.npy,data\processed\tess\spectrograms\YAF_tip_sad_spec.npy
YAF_tire_sad,sad,1,data\processed\tess\features\YAF_tire_sad_mfcc.npy,data\processed\tess\spectrograms\YAF_tire_sad_spec.npy
YAF_ton_sad,sad,1,data\processed\tess\features\YAF_ton_sad_mfcc.npy,data\processed\tess\spectrograms\YAF_ton_sad_spec.npy
YAF_tool_sad,sad,1,data\processed\tess\features\YAF_tool_sad_mfcc.npy,data\processed\tess\spectrograms\YAF_tool_sad_spec.npy
YAF_tough_sad,sad,1,data\processed\tess\features\YAF_tough_sad_mfcc.npy,data\processed\tess\spectrograms\YAF_tough_sad_spec.npy
YAF_turn_sad,sad,1,data\processed\tess\features\YAF_turn_sad_mfcc.npy,data\processed\tess\spectrograms\YAF_turn_sad_spec.npy
YAF_vine_sad,sad,1,data\processed\tess\features\YAF_vine_sad_mfcc.npy,data\processed\tess\spectrograms\YAF_vine_sad_spec.npy
YAF_voice_sad,sad,1,data\processed\tess\features\YAF_voice_sad_mfcc.npy,data\processed\tess\spectrograms\YAF_voice_sad_spec.npy
YAF_void_sad,sad,1,data\processed\tess\features\YAF_void_sad_mfcc.npy,data\processed\tess\spectrograms\YAF_void_sad_spec.npy
YAF_vote_sad,sad,1,data\processed\tess\features\YAF_vote_sad_mfcc.npy,data\processed\tess\spectrograms\YAF_vote_sad_spec.npy
YAF_wag_sad,sad,1,data\processed\tess\features\YAF_wag_sad_mfcc.npy,data\processed\tess\spectrograms\YAF_wag_sad_spec.npy
YAF_walk_sad,sad,1,data\processed\tess\features\YAF_walk_sad_mfcc.npy,data\processed\tess\spectrograms\YAF_walk_sad_spec.npy
YAF_wash_sad,sad,1,data\processed\tess\features\YAF_wash_sad_mfcc.npy,data\processed\tess\spectrograms\YAF_wash_sad_spec.npy
YAF_week_sad,sad,1,data\processed\tess\features\YAF_week_sad_mfcc.npy,data\processed\tess\spectrograms\YAF_week_sad_spec.npy
YAF_wheat_sad,sad,1,data\processed\tess\features\YAF_wheat_sad_mfcc.npy,data\processed\tess\spectrograms\YAF_wheat_sad_spec.npy
YAF_when_sad,sad,1,data\processed\tess\features\YAF_when_sad_mfcc.npy,data\processed\tess\spectrograms\YAF_when_sad_spec.npy
YAF_which_sad,sad,1,data\processed\tess\features\YAF_which_sad_mfcc.npy,data\processed\tess\spectrograms\YAF_which_sad_spec.npy
YAF_whip_sad,sad,1,data\processed\tess\features\YAF_whip_sad_mfcc.npy,data\processed\tess\spectrograms\YAF_whip_sad_spec.npy
YAF_white_sad,sad,1,data\processed\tess\features\YAF_white_sad_mfcc.npy,data\processed\tess\spectrograms\YAF_white_sad_spec.npy
YAF_wife_sad,sad,1,data\processed\tess\features\YAF_wife_sad_mfcc.npy,data\processed\tess\spectrograms\YAF_wife_sad_spec.npy
YAF_wire_sad,sad,1,data\processed\tess\features\YAF_wire_sad_mfcc.npy,data\processed\tess\spectrograms\YAF_wire_sad_spec.npy
YAF_witch_sad,sad,1,data\processed\tess\features\YAF_witch_sad_mfcc.npy,data\processed\tess\spectrograms\YAF_witch_sad_spec.npy
YAF_yearn_sad,sad,1,data\processed\tess\features\YAF_yearn_sad_mfcc.npy,data\processed\tess\spectrograms\YAF_yearn_sad_spec.npy
YAF_yes_sad,sad,1,data\processed\tess\features\YAF_yes_sad_mfcc.npy,data\processed\tess\spectrograms\YAF_yes_sad_spec.npy
YAF_young_sad,sad,1,data\processed\tess\features\YAF_young_sad_mfcc.npy,data\processed\tess\spectrograms\YAF_young_sad_spec.npy
YAF_youth_sad,sad,1,data\processed\tess\features\YAF_youth_sad_mfcc.npy,data\processed\tess\spectrograms\YAF_youth_sad_spec.npy
